CustomerID,Gender,Age,SeniorCitizen,Tenure_Months,Contract,PaperlessBilling,PaymentMethod,MonthlyCharges,TotalCharges,SupportCalls,DataUsage_GB,Churn
CUST_00001,Male,68,1,59,Month-to-month,Yes,Mailed check,31.42,1851.19,0,58.7,No
CUST_00002,Female,64,0,18,Month-to-month,No,Credit card,57.52,1049.47,2,55.1,No
CUST_00003,Male,64,0,56,Month-to-month,No,Credit card,25.33,1421.91,0,54.1,No
CUST_00004,Male,21,0,57,Month-to-month,No,Bank transfer,33.35,1901.25,1,65.9,No
CUST_00005,Male,24,0,48,Month-to-month,Yes,Electronic check,43.18,2071.82,2,48.9,No
CUST_00006,Female,62,0,42,Two year,Yes,Electronic check,62.96,2648.71,0,87.9,Yes
CUST_00007,Male,52,0,27,Month-to-month,No,Electronic check,91.48,2458.78,1,57.5,No
CUST_00008,Male,65,1,52,One year,No,Mailed check,33.27,1738.97,1,30.3,No
CUST_00009,Male,26,0,42,Month-to-month,Yes,Mailed check,93.8,3943.84,1,23.2,No
CUST_00010,Female,25,0,32,Month-to-month,No,Electronic check,105.51,3370.48,2,56.7,No
CUST_00011,Male,69,1,26,Two year,No,Credit card,85.15,2201.16,0,45.7,No
CUST_00012,Male,62,0,25,Month-to-month,No,Credit card,24.37,606.81,2,26.9,Yes
CUST_00013,Male,34,0,23,One year,Yes,Mailed check,64.07,1476.01,0,46.8,No
CUST_00014,Male,34,0,57,Month-to-month,No,Electronic check,86.01,4903.94,3,39.0,No
CUST_00015,Female,66,1,52,One year,No,Credit card,117.85,6129.77,1,41.1,Yes
CUST_00016,Male,50,0,31,One year,Yes,Credit card,115.18,3577.34,3,77.1,No
CUST_00017,Female,49,0,64,Two year,No,Mailed check,59.57,3800.99,1,64.4,No
CUST_00018,Female,25,0,71,Two year,Yes,Mailed check,81.59,5792.46,1,71.0,No
CUST_00019,Female,36,0,33,One year,Yes,Credit card,109.08,3602.67,0,84.3,No
CUST_00020,Male,55,0,2,Month-to-month,Yes,Electronic check,103.1,210.82,1,52.5,Yes
CUST_00021,Female,20,0,18,One year,No,Credit card,67.94,1231.95,0,55.0,No
CUST_00022,Male,76,1,47,One year,No,Credit card,46.12,2165.8,5,56.5,Yes
CUST_00023,Female,22,0,33,Month-to-month,No,Electronic check,33.71,1112.96,0,72.2,No
CUST_00024,Female,30,0,35,Month-to-month,No,Mailed check,68.8,2400.52,1,71.1,No
CUST_00025,Female,64,0,51,Two year,No,Electronic check,92.28,4710.4,1,38.3,No
CUST_00026,Female,63,0,18,Month-to-month,No,Electronic check,116.98,2096.88,1,27.1,No
CUST_00027,Female,78,1,72,Month-to-month,No,Electronic check,106.18,7650.8,1,28.5,No
CUST_00028,Female,48,0,30,Two year,No,Electronic check,40.42,1224.53,0,51.0,No
CUST_00029,Female,72,1,44,Month-to-month,Yes,Mailed check,91.98,4051.71,3,25.3,No
CUST_00030,Female,33,0,53,Month-to-month,No,Credit card,48.91,2605.07,2,57.3,No
CUST_00031,Male,67,1,10,One year,No,Bank transfer,88.35,,4,7.5,No
CUST_00032,Male,49,0,52,Month-to-month,Yes,Mailed check,86.58,4490.2,0,87.4,No
CUST_00033,Female,39,0,49,One year,No,Electronic check,47.24,2313.29,1,22.6,No
CUST_00034,Female,46,0,11,Month-to-month,Yes,Credit card,43.44,471.69,0,37.0,No
CUST_00035,Female,39,0,66,Month-to-month,No,Credit card,30.39,2001.05,0,38.4,No
CUST_00036,Male,60,0,58,Month-to-month,No,Electronic check,25.05,1430.91,1,79.3,No
CUST_00037,Female,20,0,36,Two year,Yes,Mailed check,105.85,3812.18,2,49.9,No
CUST_00038,Male,71,1,33,Month-to-month,Yes,Electronic check,24.98,824.72,1,28.7,No
CUST_00039,Male,27,0,47,Month-to-month,No,Credit card,28.87,1365.51,0,48.6,No
CUST_00040,Male,59,0,13,Month-to-month,Yes,Credit card,43.89,576.04,3,50.9,No
CUST_00041,Male,79,1,40,Month-to-month,No,Mailed check,108.77,4348.88,4,57.7,No
CUST_00042,Male,38,0,68,Month-to-month,No,Bank transfer,53.29,3633.12,3,28.1,No
CUST_00043,Female,33,0,42,Month-to-month,No,Electronic check,39.18,1654.42,0,67.7,No
CUST_00044,Female,29,0,19,One year,No,Bank transfer,91.56,1734.69,0,52.6,No
CUST_00045,Female,19,0,19,Month-to-month,No,Credit card,51.91,988.19,2,79.3,No
CUST_00046,Female,58,0,58,One year,No,Bank transfer,53.34,3108.63,3,46.5,No
CUST_00047,Female,41,0,23,One year,Yes,Electronic check,93.9,2162.91,0,48.5,No
CUST_00048,Male,52,0,54,Month-to-month,Yes,Electronic check,45.17,2430.7,1,46.7,No
CUST_00049,Female,73,1,65,Month-to-month,Yes,Credit card,109.68,7117.72,1,75.0,No
CUST_00050,Female,47,0,12,One year,No,Mailed check,76.14,898.99,0,63.7,No
CUST_00051,Male,74,1,24,One year,Yes,Mailed check,73.78,1750.32,3,35.4,No
CUST_00052,Female,47,0,34,Month-to-month,No,Credit card,46.48,1575.32,1,103.5,No
CUST_00053,Male,64,0,53,Two year,Yes,Electronic check,103.51,5484.25,4,37.2,Yes
CUST_00054,Female,52,0,8,Month-to-month,No,Mailed check,77.27,608.44,1,39.5,No
CUST_00055,Male,36,0,18,Month-to-month,No,Bank transfer,35.55,633.09,2,69.3,No
CUST_00056,Female,67,1,57,Month-to-month,No,Credit card,40.63,2306.36,1,46.8,No
CUST_00057,Female,25,0,5,Two year,No,Bank transfer,66.83,318.33,0,28.4,No
CUST_00058,Male,43,0,26,One year,No,Electronic check,97.96,2545.37,1,74.6,No
CUST_00059,Male,66,1,30,One year,Yes,Mailed check,113.93,3424.57,2,90.0,No
CUST_00060,Male,57,0,54,Month-to-month,No,Electronic check,86.35,4657.79,2,29.5,No
CUST_00061,Male,24,0,13,Month-to-month,Yes,Bank transfer,70.61,929.35,1,74.5,No
CUST_00062,Male,47,0,29,Month-to-month,No,Electronic check,45.07,1308.65,1,40.1,No
CUST_00063,Male,24,0,3,Two year,No,Electronic check,87.29,270.79,1,8.4,No
CUST_00064,Male,20,0,58,Month-to-month,No,Credit card,118.22,6857.31,1,63.0,No
CUST_00065,Male,18,0,2,Month-to-month,Yes,Credit card,67.62,141.96,0,12.6,Yes
CUST_00066,Female,53,0,28,Month-to-month,No,Electronic check,36.21,999.89,2,35.4,Yes
CUST_00067,Female,42,0,2,Two year,Yes,Credit card,30.33,69.09,0,44.5,No
CUST_00068,Male,54,0,7,Month-to-month,No,Electronic check,46.93,328.54,0,49.3,No
CUST_00069,Female,18,0,26,Month-to-month,Yes,Bank transfer,76.94,2011.53,2,71.9,Yes
CUST_00070,Female,32,0,16,Month-to-month,Yes,Credit card,114.68,1832.37,3,37.7,No
CUST_00071,Female,54,0,23,Two year,Yes,Electronic check,49.92,1165.5,1,77.9,No
CUST_00072,Female,30,0,40,Two year,No,Credit card,50.54,2026.9,1,48.2,No
CUST_00073,Male,57,0,60,One year,No,Electronic check,68.12,4078.03,2,28.3,No
CUST_00074,Female,25,0,32,Month-to-month,Yes,Credit card,111.85,3590.62,1,61.9,No
CUST_00075,Male,22,0,15,Month-to-month,No,Mailed check,61.91,918.0,3,86.0,No
CUST_00076,Female,77,1,13,Two year,No,Electronic check,42.32,539.06,1,40.8,Yes
CUST_00077,Female,26,0,5,Month-to-month,No,Mailed check,36.31,,0,29.1,No
CUST_00078,Female,18,0,52,Month-to-month,Yes,Electronic check,65.7,3419.83,4,38.5,No
CUST_00079,Male,53,0,41,Month-to-month,Yes,Mailed check,100.07,4103.5,1,15.3,No
CUST_00080,Female,52,0,53,Two year,No,Electronic check,49.14,2599.13,1,56.1,No
CUST_00081,Male,19,0,50,Month-to-month,Yes,Credit card,71.25,3570.93,0,19.0,No
CUST_00082,Female,57,0,15,One year,No,Mailed check,80.3,1201.79,1,62.8,No
CUST_00083,Male,40,0,7,Two year,No,Credit card,65.05,457.35,1,44.7,No
CUST_00084,Female,26,0,40,Month-to-month,Yes,Electronic check,39.17,1555.49,2,63.9,No
CUST_00085,Male,51,0,28,Month-to-month,Yes,Credit card,112.17,3140.31,1,44.7,No
CUST_00086,Male,63,0,32,Two year,No,Electronic check,76.54,2451.19,2,59.7,No
CUST_00087,Female,31,0,15,Two year,No,Credit card,92.91,1399.04,2,30.2,No
CUST_00088,Male,21,0,70,Two year,No,Mailed check,83.6,5855.68,2,55.6,No
CUST_00089,Female,47,0,65,One year,Yes,Electronic check,119.8,7783.98,1,36.9,No
CUST_00090,Female,48,0,4,Month-to-month,Yes,Credit card,65.63,265.37,3,62.2,Yes
CUST_00091,Female,55,0,11,Two year,No,Electronic check,62.5,697.28,3,47.1,No
CUST_00092,Female,28,0,26,Month-to-month,No,Electronic check,56.01,1441.52,1,72.0,No
CUST_00093,Female,52,0,61,Two year,Yes,Electronic check,56.16,3424.28,3,45.0,No
CUST_00094,Female,25,0,37,Two year,No,Bank transfer,47.58,1762.44,3,35.0,No
CUST_00095,Female,20,0,23,One year,Yes,Electronic check,118.06,2706.23,0,52.7,No
CUST_00096,Female,31,0,40,Two year,Yes,Credit card,107.08,4292.43,2,96.9,No
CUST_00097,Female,77,1,23,One year,No,Bank transfer,51.67,1194.34,2,71.5,No
CUST_00098,Female,30,0,16,Month-to-month,No,Credit card,50.52,818.35,1,34.0,No
CUST_00099,Female,62,0,61,One year,Yes,Bank transfer,30.35,1873.15,0,49.9,No
CUST_00100,Male,49,0,68,Month-to-month,No,Electronic check,107.7,7327.11,1,36.7,No
CUST_00101,Male,51,0,31,One year,Yes,Mailed check,57.18,1769.64,0,32.6,No
CUST_00102,Female,62,0,53,Month-to-month,Yes,Mailed check,77.26,4104.25,1,50.3,No
CUST_00103,Female,78,1,25,Month-to-month,Yes,Electronic check,110.04,2745.06,2,44.8,Yes
CUST_00104,Female,36,0,44,Two year,No,Bank transfer,60.81,2680.28,1,29.2,No
CUST_00105,Female,76,1,12,Two year,No,Credit card,100.69,1218.61,3,36.8,No
CUST_00106,Female,55,0,9,Month-to-month,No,Mailed check,63.03,575.58,2,51.1,No
CUST_00107,Female,33,0,12,One year,Yes,Electronic check,90.09,1095.2,1,38.4,No
CUST_00108,Female,19,0,69,One year,Yes,Electronic check,63.12,4352.44,1,49.7,No
CUST_00109,Female,57,0,54,Two year,Yes,Bank transfer,59.28,3207.99,3,36.0,No
CUST_00110,Male,34,0,54,Month-to-month,Yes,Mailed check,119.07,6430.76,0,59.4,No
CUST_00111,Female,72,1,28,One year,No,Electronic check,81.23,2277.11,3,36.3,No
CUST_00112,Male,51,0,56,Two year,No,Mailed check,56.74,3179.92,0,62.7,No
CUST_00113,Female,59,0,69,Month-to-month,No,Credit card,45.78,3164.34,1,44.2,No
CUST_00114,Female,77,1,58,Two year,Yes,Electronic check,23.98,1390.31,3,7.1,No
CUST_00115,Male,33,0,42,Two year,Yes,Electronic check,90.66,3793.37,2,44.7,No
CUST_00116,Female,55,0,38,Two year,No,Credit card,57.22,2175.74,2,60.1,No
CUST_00117,Male,77,1,68,Month-to-month,Yes,Electronic check,102.13,6948.15,3,38.9,No
CUST_00118,Female,19,0,53,Month-to-month,No,Bank transfer,56.39,2988.08,1,46.1,No
CUST_00119,Female,19,0,33,Two year,Yes,Credit card,57.33,1896.34,4,62.5,No
CUST_00120,Male,43,0,71,Month-to-month,Yes,Bank transfer,97.92,6950.95,1,80.4,No
CUST_00121,Female,30,0,56,One year,Yes,Credit card,68.95,3858.3,0,73.1,No
CUST_00122,Male,73,1,72,Month-to-month,Yes,Credit card,108.49,7825.15,5,52.2,No
CUST_00123,Female,64,0,51,Month-to-month,Yes,Bank transfer,79.01,4052.26,0,61.2,No
CUST_00124,Male,48,0,43,Month-to-month,No,Credit card,44.06,1903.57,1,51.8,No
CUST_00125,Male,77,1,15,One year,No,Mailed check,76.83,1146.66,0,20.0,No
CUST_00126,Female,51,0,38,Month-to-month,No,Bank transfer,20.4,777.46,0,75.3,No
CUST_00127,Female,56,0,15,One year,Yes,Credit card,51.24,770.1,3,76.3,No
CUST_00128,Male,20,0,5,One year,No,Bank transfer,40.8,210.68,3,16.5,No
CUST_00129,Female,25,0,54,One year,No,Credit card,85.42,4614.5,3,42.3,No
CUST_00130,Female,40,0,51,One year,Yes,Credit card,33.6,1719.95,3,80.7,No
CUST_00131,Female,31,0,10,Month-to-month,Yes,Mailed check,49.01,507.98,1,54.4,No
CUST_00132,Male,73,1,12,Month-to-month,No,Mailed check,53.13,619.14,2,30.0,Yes
CUST_00133,Male,79,1,4,Month-to-month,No,Mailed check,20.33,76.25,2,74.4,No
CUST_00134,Male,72,1,18,One year,No,Credit card,24.68,,1,52.3,No
CUST_00135,Male,44,0,36,One year,No,Mailed check,51.11,1839.61,1,75.9,No
CUST_00136,Male,71,1,25,Month-to-month,No,Bank transfer,42.24,1061.82,3,51.7,Yes
CUST_00137,Male,46,0,36,Month-to-month,Yes,Credit card,31.69,1138.97,2,6.9,No
CUST_00138,Male,56,0,67,One year,No,Bank transfer,35.42,2388.48,1,86.1,No
CUST_00139,Male,70,1,9,Month-to-month,No,Mailed check,103.55,943.6,2,27.9,No
CUST_00140,Male,56,0,61,Two year,No,Credit card,88.33,5391.24,2,41.3,No
CUST_00141,Female,18,0,53,Month-to-month,No,Bank transfer,68.41,3642.57,0,74.0,No
CUST_00142,Male,34,0,18,Two year,No,Electronic check,110.89,1999.07,3,95.6,No
CUST_00143,Female,58,0,43,Month-to-month,No,Bank transfer,22.96,987.74,1,48.7,No
CUST_00144,Female,47,0,35,Month-to-month,Yes,Credit card,54.49,1921.97,2,57.2,Yes
CUST_00145,Female,70,1,63,Month-to-month,Yes,Electronic check,102.34,6433.33,2,26.3,No
CUST_00146,Male,30,0,4,Month-to-month,Yes,Mailed check,82.83,332.99,0,44.5,Yes
CUST_00147,Male,38,0,41,Month-to-month,No,Mailed check,118.17,4848.45,0,72.0,No
CUST_00148,Male,36,0,45,Month-to-month,No,Bank transfer,114.45,5148.09,3,56.2,No
CUST_00149,Male,70,1,50,One year,Yes,Mailed check,36.99,1842.26,0,84.7,No
CUST_00150,Female,36,0,28,Month-to-month,No,Bank transfer,117.2,3280.84,1,22.1,No
CUST_00151,Male,74,1,42,One year,No,Bank transfer,114.55,4796.14,1,21.2,Yes
CUST_00152,Male,42,0,69,Month-to-month,No,Bank transfer,57.36,3973.45,3,36.3,No
CUST_00153,Male,39,0,1,Two year,Yes,Bank transfer,118.29,134.32,0,37.3,No
CUST_00154,Male,48,0,39,One year,Yes,Credit card,23.58,920.53,3,69.1,No
CUST_00155,Male,34,0,17,Month-to-month,Yes,Credit card,86.08,1460.17,1,41.8,No
CUST_00156,Female,72,1,35,Month-to-month,No,Electronic check,46.61,1616.75,0,26.4,No
CUST_00157,Male,40,0,46,Month-to-month,Yes,Electronic check,32.95,1508.99,3,57.9,Yes
CUST_00158,Female,49,0,42,Month-to-month,Yes,Mailed check,77.75,3280.48,3,34.6,No
CUST_00159,Male,79,1,39,One year,Yes,Credit card,50.64,1974.85,2,28.1,No
CUST_00160,Female,27,0,49,One year,No,Electronic check,86.68,4242.31,1,71.2,No
CUST_00161,Male,27,0,62,Two year,Yes,Credit card,74.0,4588.35,2,75.9,No
CUST_00162,Male,53,0,38,One year,Yes,Credit card,59.26,2246.45,2,69.6,No
CUST_00163,Female,25,0,23,Two year,No,Mailed check,38.18,862.43,1,33.3,No
CUST_00164,Female,71,1,22,Two year,Yes,Mailed check,80.13,1759.69,1,38.2,No
CUST_00165,Female,69,1,4,Two year,No,Bank transfer,102.92,401.24,1,60.9,No
CUST_00166,Male,37,0,49,Month-to-month,No,Credit card,80.0,3924.3,1,64.8,No
CUST_00167,Female,49,0,59,Month-to-month,Yes,Bank transfer,81.05,4791.37,2,45.4,No
CUST_00168,Male,67,1,68,Month-to-month,Yes,Bank transfer,71.18,4833.37,4,74.1,No
CUST_00169,Male,31,0,71,One year,Yes,Bank transfer,58.82,4178.45,0,9.1,Yes
CUST_00170,Female,67,1,2,Month-to-month,No,Credit card,65.75,131.34,2,38.5,No
CUST_00171,Female,45,0,49,Month-to-month,Yes,Credit card,118.95,5821.38,3,94.3,Yes
CUST_00172,Male,63,0,31,Month-to-month,Yes,Bank transfer,94.97,2921.2,0,49.7,No
CUST_00173,Male,69,1,40,Month-to-month,Yes,Credit card,63.06,2511.99,0,40.4,No
CUST_00174,Female,70,1,48,One year,No,Bank transfer,65.73,3147.26,1,59.5,No
CUST_00175,Female,41,0,51,Month-to-month,No,Electronic check,69.96,3569.56,1,30.9,No
CUST_00176,Female,32,0,43,One year,No,Credit card,85.93,3697.48,0,3.4,No
CUST_00177,Male,39,0,55,One year,Yes,Mailed check,66.6,3675.19,0,110.1,No
CUST_00178,Male,47,0,49,Month-to-month,Yes,Mailed check,88.62,4331.94,3,32.8,No
CUST_00179,Male,21,0,57,One year,No,Bank transfer,52.92,3008.17,1,54.4,No
CUST_00180,Male,30,0,15,One year,Yes,Electronic check,61.06,909.51,2,53.5,No
CUST_00181,Male,76,1,27,Month-to-month,Yes,Credit card,106.41,2871.04,1,59.9,Yes
CUST_00182,Male,40,0,68,Month-to-month,No,Bank transfer,52.89,3598.75,1,34.1,No
CUST_00183,Female,25,0,64,Month-to-month,No,Electronic check,116.44,7456.7,1,0.0,No
CUST_00184,Male,35,0,30,One year,No,Electronic check,37.25,1098.69,1,36.9,No
CUST_00185,Male,29,0,36,One year,Yes,Credit card,44.17,1602.0,0,50.6,No
CUST_00186,Male,72,1,67,Month-to-month,Yes,Mailed check,66.37,4451.35,1,52.1,No
CUST_00187,Female,48,0,49,Month-to-month,Yes,Mailed check,99.74,4896.13,1,81.3,No
CUST_00188,Male,31,0,55,Month-to-month,No,Electronic check,93.16,5099.78,0,44.3,No
CUST_00189,Male,51,0,56,Two year,No,Mailed check,37.45,2105.33,0,54.2,No
CUST_00190,Female,35,0,68,Month-to-month,Yes,Electronic check,43.67,2959.51,2,34.2,No
CUST_00191,Male,73,1,44,Two year,No,Electronic check,77.53,3406.65,2,38.0,No
CUST_00192,Male,51,0,31,Month-to-month,No,Electronic check,49.52,1549.35,3,90.1,No
CUST_00193,Male,28,0,58,One year,Yes,Mailed check,62.23,3616.06,3,35.7,Yes
CUST_00194,Male,58,0,53,One year,No,Bank transfer,68.66,3632.18,2,42.4,Yes
CUST_00195,Male,29,0,23,One year,Yes,Mailed check,79.42,1834.73,1,71.7,Yes
CUST_00196,Female,66,1,28,Month-to-month,No,Bank transfer,45.11,1266.55,1,88.1,No
CUST_00197,Female,32,0,16,One year,Yes,Mailed check,36.31,576.95,6,66.2,No
CUST_00198,Female,74,1,37,Month-to-month,No,Credit card,59.86,2219.44,1,66.3,No
CUST_00199,Male,48,0,21,Month-to-month,Yes,Credit card,28.2,588.47,0,25.0,No
CUST_00200,Male,66,1,17,One year,No,Mailed check,72.68,1239.37,1,60.3,No
CUST_00201,Male,75,1,37,Two year,No,Credit card,103.96,3850.28,2,43.9,Yes
CUST_00202,Female,46,0,19,One year,No,Credit card,31.9,611.09,0,59.5,Yes
CUST_00203,Male,43,0,30,Month-to-month,No,Credit card,31.27,957.43,3,44.4,No
CUST_00204,Male,35,0,45,One year,No,Credit card,28.02,1270.43,2,38.6,No
CUST_00205,Female,49,0,18,One year,Yes,Bank transfer,104.79,1896.15,0,20.8,No
CUST_00206,Male,39,0,62,Two year,Yes,Electronic check,28.07,1735.1,2,48.3,No
CUST_00207,Female,55,0,36,Two year,Yes,Bank transfer,118.35,4245.29,2,53.4,No
CUST_00208,Female,34,0,52,One year,No,Electronic check,55.83,2901.45,1,8.2,No
CUST_00209,Female,40,0,19,Month-to-month,Yes,Electronic check,52.88,999.78,2,37.7,No
CUST_00210,Male,41,0,44,One year,No,Mailed check,29.16,1289.18,2,44.7,No
CUST_00211,Male,67,1,7,One year,No,Mailed check,78.56,547.97,3,61.5,Yes
CUST_00212,Male,25,0,44,Two year,Yes,Mailed check,78.59,3471.14,2,38.2,No
CUST_00213,Male,58,0,68,Month-to-month,Yes,Mailed check,69.38,4700.49,3,62.6,No
CUST_00214,Male,23,0,34,Month-to-month,No,Mailed check,51.1,1734.68,1,55.6,No
CUST_00215,Male,22,0,66,Month-to-month,No,Bank transfer,56.86,3756.36,0,67.4,No
CUST_00216,Male,61,0,69,One year,Yes,Bank transfer,52.05,3581.72,3,39.4,No
CUST_00217,Female,74,1,55,Two year,Yes,Credit card,62.61,3452.86,3,44.4,No
CUST_00218,Male,46,0,10,Month-to-month,No,Bank transfer,54.18,550.51,3,61.4,Yes
CUST_00219,Female,45,0,42,One year,No,Bank transfer,87.55,3672.86,3,29.6,No
CUST_00220,Male,28,0,41,One year,Yes,Mailed check,49.58,2059.21,2,48.7,Yes
CUST_00221,Male,74,1,69,One year,No,Credit card,55.08,3789.61,2,69.8,No
CUST_00222,Male,18,0,10,Month-to-month,No,Bank transfer,63.55,622.0,2,36.7,No
CUST_00223,Female,60,0,10,Two year,Yes,Bank transfer,20.4,199.22,0,56.6,Yes
CUST_00224,Female,36,0,60,Month-to-month,Yes,Credit card,69.21,4154.4,0,50.0,No
CUST_00225,Female,26,0,51,One year,No,Electronic check,45.58,2308.55,1,79.4,No
CUST_00226,Female,44,0,21,Month-to-month,No,Mailed check,25.62,544.11,2,51.6,No
CUST_00227,Male,51,0,8,Month-to-month,Yes,Bank transfer,111.1,913.42,0,60.7,No
CUST_00228,Female,61,0,65,Two year,No,Bank transfer,52.24,3381.79,0,46.7,No
CUST_00229,Male,21,0,30,Month-to-month,Yes,Credit card,62.61,1880.22,1,39.6,No
CUST_00230,Male,53,0,49,Month-to-month,No,Bank transfer,102.73,5043.56,2,54.5,Yes
CUST_00231,Female,35,0,9,One year,Yes,Mailed check,36.68,337.77,1,38.6,No
CUST_00232,Female,32,0,17,One year,No,Bank transfer,105.03,1807.11,2,70.7,No
CUST_00233,Female,68,1,69,One year,No,Electronic check,44.16,3042.61,3,73.5,No
CUST_00234,Female,30,0,58,Month-to-month,No,Mailed check,78.9,4596.28,0,51.4,No
CUST_00235,Female,36,0,57,Month-to-month,Yes,Electronic check,88.57,5047.76,2,41.2,Yes
CUST_00236,Female,66,1,62,Month-to-month,Yes,Credit card,110.5,6845.98,1,54.6,No
CUST_00237,Female,23,0,52,Month-to-month,Yes,Mailed check,80.76,4218.51,5,24.5,No
CUST_00238,Female,65,1,61,Two year,No,Bank transfer,65.32,3981.04,2,34.9,No
CUST_00239,Male,73,1,40,Month-to-month,No,Mailed check,77.23,3099.79,2,28.2,No
CUST_00240,Female,29,0,38,Month-to-month,Yes,Mailed check,40.21,1522.99,2,35.2,Yes
CUST_00241,Female,68,1,43,Month-to-month,Yes,Mailed check,88.91,3810.28,0,37.7,No
CUST_00242,Male,54,0,63,Month-to-month,No,Electronic check,38.69,2424.64,1,24.3,No
CUST_00243,Female,34,0,19,One year,No,Credit card,75.72,1445.83,1,44.7,No
CUST_00244,Male,75,1,50,One year,No,Mailed check,84.76,4227.38,3,46.1,No
CUST_00245,Male,40,0,33,Month-to-month,No,Bank transfer,109.86,3623.22,1,61.5,No
CUST_00246,Female,43,0,13,Month-to-month,Yes,Mailed check,65.02,838.75,1,52.1,Yes
CUST_00247,Male,46,0,62,Month-to-month,Yes,Mailed check,97.53,6038.28,2,78.2,No
CUST_00248,Male,50,0,43,One year,No,Credit card,36.75,1572.81,0,61.8,No
CUST_00249,Male,77,1,49,One year,No,Bank transfer,35.62,1747.44,0,96.8,No
CUST_00250,Male,44,0,36,Month-to-month,No,Bank transfer,72.48,2579.49,3,27.0,No
CUST_00251,Female,42,0,10,Month-to-month,Yes,Electronic check,79.63,804.78,1,69.9,No
CUST_00252,Male,73,1,6,One year,Yes,Bank transfer,83.23,486.46,1,18.6,No
CUST_00253,Female,72,1,57,Two year,No,Bank transfer,94.57,5378.67,0,71.2,No
CUST_00254,Male,27,0,1,Two year,No,Bank transfer,49.49,49.49,3,57.7,Yes
CUST_00255,Male,64,0,71,Month-to-month,No,Mailed check,82.26,5843.21,3,45.5,No
CUST_00256,Male,40,0,58,Month-to-month,No,Electronic check,38.81,2265.85,4,54.2,No
CUST_00257,Male,38,0,21,Month-to-month,No,Bank transfer,41.9,878.54,1,40.2,No
CUST_00258,Female,38,0,56,One year,No,Bank transfer,26.73,1501.3,2,38.3,No
CUST_00259,Female,60,0,20,Two year,Yes,Bank transfer,94.7,1899.39,2,58.8,No
CUST_00260,Male,30,0,54,Month-to-month,Yes,Mailed check,70.7,3825.17,2,17.6,Yes
CUST_00261,Male,54,0,25,Month-to-month,Yes,Mailed check,43.82,1085.43,1,56.6,No
CUST_00262,Female,50,0,28,Month-to-month,No,Electronic check,75.62,2133.4,1,47.5,No
CUST_00263,Male,41,0,5,Month-to-month,No,Credit card,55.42,273.78,0,43.5,No
CUST_00264,Male,61,0,21,Month-to-month,No,Electronic check,103.72,2180.95,3,40.2,Yes
CUST_00265,Male,28,0,18,One year,Yes,Mailed check,72.81,1309.17,3,54.7,No
CUST_00266,Female,34,0,47,Month-to-month,No,Bank transfer,22.98,1075.66,1,70.6,No
CUST_00267,Female,21,0,70,Month-to-month,Yes,Bank transfer,118.51,8305.06,3,94.6,No
CUST_00268,Female,64,0,57,One year,No,Electronic check,27.43,1569.85,4,72.4,No
CUST_00269,Male,42,0,19,Month-to-month,No,Bank transfer,89.6,1680.46,1,66.6,No
CUST_00270,Male,47,0,65,Month-to-month,No,Mailed check,63.73,4146.35,0,34.2,No
CUST_00271,Female,26,0,3,Month-to-month,Yes,Electronic check,44.93,155.77,0,38.1,No
CUST_00272,Female,38,0,42,Two year,Yes,Credit card,87.65,3682.98,1,49.9,No
CUST_00273,Female,37,0,21,One year,Yes,Mailed check,32.59,679.28,0,58.9,No
CUST_00274,Female,36,0,40,Month-to-month,No,Mailed check,105.82,4229.15,2,40.9,Yes
CUST_00275,Male,36,0,67,One year,Yes,Bank transfer,45.06,3013.48,0,73.7,No
CUST_00276,Female,29,0,25,Month-to-month,No,Mailed check,56.15,1392.14,1,36.6,Yes
CUST_00277,Male,54,0,55,One year,No,Mailed check,83.26,4577.69,3,24.8,No
CUST_00278,Female,59,0,52,One year,Yes,Credit card,20.1,1043.46,2,70.7,Yes
CUST_00279,Male,34,0,44,Two year,Yes,Bank transfer,67.27,2966.1,0,54.7,Yes
CUST_00280,Female,54,0,56,Month-to-month,No,Mailed check,109.42,6122.57,4,44.3,Yes
CUST_00281,Female,71,1,55,Two year,No,Bank transfer,88.04,4862.4,0,22.6,No
CUST_00282,Female,65,1,70,Two year,No,Mailed check,58.79,4105.94,2,69.7,No
CUST_00283,Female,56,0,66,Two year,No,Credit card,86.04,5680.27,1,97.6,No
CUST_00284,Male,45,0,19,One year,Yes,Bank transfer,113.66,2152.01,1,59.9,No
CUST_00285,Female,58,0,7,Month-to-month,Yes,Bank transfer,38.78,266.08,1,37.3,Yes
CUST_00286,Male,52,0,63,Month-to-month,Yes,Credit card,73.18,4607.6,0,54.8,No
CUST_00287,Male,64,0,42,Month-to-month,No,Electronic check,43.47,1827.94,3,61.3,Yes
CUST_00288,Male,65,1,42,Month-to-month,No,Mailed check,105.42,,1,60.0,No
CUST_00289,Male,35,0,59,One year,No,Mailed check,92.11,5429.54,2,33.7,No
CUST_00290,Female,31,0,20,One year,Yes,Electronic check,100.11,1987.18,1,39.9,No
CUST_00291,Male,52,0,17,Two year,No,Bank transfer,114.3,1956.82,1,35.1,No
CUST_00292,Male,61,0,27,Month-to-month,No,Bank transfer,43.23,1157.46,3,57.4,No
CUST_00293,Male,58,0,47,Month-to-month,Yes,Credit card,24.87,1166.52,2,48.7,No
CUST_00294,Female,77,1,2,One year,Yes,Credit card,49.09,98.73,0,73.0,No
CUST_00295,Female,24,0,63,Month-to-month,No,Credit card,59.91,3773.56,3,54.9,No
CUST_00296,Female,58,0,62,Month-to-month,Yes,Electronic check,82.52,5101.87,0,64.2,No
CUST_00297,Female,30,0,19,Two year,No,Electronic check,99.77,1904.26,1,44.6,No
CUST_00298,Male,35,0,17,One year,Yes,Bank transfer,54.98,906.48,4,13.9,No
CUST_00299,Male,54,0,69,Month-to-month,No,Credit card,67.35,4656.93,1,76.9,No
CUST_00300,Female,30,0,39,Two year,Yes,Bank transfer,98.55,3854.89,0,52.5,No
CUST_00301,Male,53,0,71,One year,Yes,Electronic check,42.53,3028.87,0,58.3,No
CUST_00302,Male,48,0,39,One year,Yes,Mailed check,41.71,1623.77,2,66.3,No
CUST_00303,Male,19,0,36,Two year,Yes,Bank transfer,78.92,2842.53,1,55.2,No
CUST_00304,Female,33,0,40,Month-to-month,No,Electronic check,63.61,2537.53,0,12.9,No
CUST_00305,Female,26,0,45,One year,No,Credit card,114.89,5170.72,1,43.0,No
CUST_00306,Male,26,0,4,Month-to-month,Yes,Mailed check,55.7,229.1,2,40.4,No
CUST_00307,Female,55,0,25,Month-to-month,No,Mailed check,95.96,2387.94,0,41.0,No
CUST_00308,Female,28,0,69,Two year,Yes,Mailed check,78.31,5402.0,1,45.9,No
CUST_00309,Female,71,1,30,One year,Yes,Credit card,25.46,758.96,4,51.1,No
CUST_00310,Female,73,1,68,One year,No,Mailed check,28.44,1945.55,0,88.6,No
CUST_00311,Female,39,0,29,Two year,No,Electronic check,40.32,1159.74,0,60.5,No
CUST_00312,Male,50,0,68,Two year,No,Bank transfer,34.32,2339.7,2,64.4,No
CUST_00313,Female,53,0,51,Two year,No,Mailed check,52.94,2699.27,2,40.6,No
CUST_00314,Male,62,0,24,Month-to-month,No,Mailed check,77.9,1868.33,2,79.7,No
CUST_00315,Male,40,0,14,Month-to-month,No,Electronic check,80.24,1129.87,2,52.7,No
CUST_00316,Female,62,0,69,Month-to-month,No,Credit card,78.78,5431.76,0,49.7,No
CUST_00317,Male,62,0,18,Month-to-month,Yes,Mailed check,31.76,572.73,0,14.2,No
CUST_00318,Male,51,0,42,Month-to-month,No,Electronic check,80.02,3372.06,3,64.2,Yes
CUST_00319,Male,26,0,57,One year,Yes,Electronic check,60.97,3467.79,2,68.6,No
CUST_00320,Female,41,0,12,One year,No,Credit card,110.31,1326.37,0,68.1,No
CUST_00321,Female,25,0,17,Two year,No,Credit card,111.2,1899.19,4,21.9,No
CUST_00322,Male,24,0,30,One year,Yes,Bank transfer,96.82,2909.19,0,68.8,No
CUST_00323,Female,53,0,23,One year,Yes,Mailed check,90.31,2089.96,0,43.8,No
CUST_00324,Female,35,0,1,Month-to-month,Yes,Bank transfer,31.5,31.5,0,24.9,No
CUST_00325,Female,20,0,32,Month-to-month,Yes,Electronic check,28.47,917.74,2,93.2,No
CUST_00326,Female,45,0,9,Month-to-month,No,Mailed check,104.08,947.78,1,80.3,No
CUST_00327,Male,23,0,15,One year,No,Electronic check,62.7,923.61,1,63.0,Yes
CUST_00328,Male,61,0,28,Month-to-month,Yes,Electronic check,65.14,1819.75,0,60.5,No
CUST_00329,Female,61,0,24,One year,Yes,Electronic check,104.78,2518.49,0,81.3,No
CUST_00330,Female,38,0,60,One year,No,Credit card,82.14,4937.79,1,40.3,No
CUST_00331,Male,45,0,35,Month-to-month,No,Credit card,37.94,1330.36,1,99.7,No
CUST_00332,Male,57,0,27,Month-to-month,Yes,Mailed check,41.1,1123.7,4,50.8,No
CUST_00333,Female,71,1,20,Month-to-month,No,Electronic check,20.64,407.41,1,69.9,No
CUST_00334,Male,71,1,65,Month-to-month,No,Electronic check,91.07,5907.01,1,60.8,No
CUST_00335,Female,18,0,49,One year,Yes,Mailed check,68.56,3367.44,0,29.9,No
CUST_00336,Female,53,0,1,One year,Yes,Bank transfer,115.0,115.0,0,50.4,No
CUST_00337,Male,38,0,10,One year,Yes,Electronic check,91.4,905.63,1,79.7,Yes
CUST_00338,Male,77,1,47,Two year,Yes,Credit card,30.32,1441.9,2,34.5,No
CUST_00339,Female,60,0,59,One year,No,Bank transfer,36.15,2140.56,2,77.2,No
CUST_00340,Female,52,0,62,Two year,Yes,Bank transfer,70.17,4357.2,2,63.3,Yes
CUST_00341,Male,30,0,18,Month-to-month,No,Bank transfer,112.49,2040.71,2,23.8,No
CUST_00342,Female,74,1,46,One year,No,Bank transfer,44.73,2053.48,1,50.0,No
CUST_00343,Male,66,1,32,Month-to-month,No,Bank transfer,102.56,3295.99,0,49.0,Yes
CUST_00344,Female,71,1,27,Month-to-month,No,Bank transfer,51.23,1387.32,2,29.6,No
CUST_00345,Male,71,1,18,Month-to-month,Yes,Mailed check,46.99,839.92,1,56.0,No
CUST_00346,Male,27,0,39,One year,No,Mailed check,110.14,4295.36,2,22.9,No
CUST_00347,Male,70,1,49,Month-to-month,Yes,Bank transfer,24.72,1213.35,4,67.6,No
CUST_00348,Female,61,0,44,Month-to-month,No,Credit card,86.07,3798.39,3,32.2,Yes
CUST_00349,Female,64,0,72,Two year,Yes,Mailed check,24.32,1737.31,2,43.7,No
CUST_00350,Male,70,1,54,Two year,No,Mailed check,100.08,5386.64,2,49.9,No
CUST_00351,Female,27,0,34,One year,No,Bank transfer,102.94,3492.1,2,80.3,No
CUST_00352,Male,63,0,71,One year,Yes,Credit card,109.34,7762.15,2,24.7,No
CUST_00353,Male,30,0,36,Two year,Yes,Bank transfer,38.61,1397.07,0,39.9,No
CUST_00354,Female,54,0,18,One year,Yes,Credit card,32.45,579.52,1,53.1,No
CUST_00355,Female,55,0,38,Month-to-month,Yes,Credit card,70.35,2677.6,3,48.7,No
CUST_00356,Male,41,0,59,Two year,No,Electronic check,47.16,2798.66,0,52.2,No
CUST_00357,Female,19,0,9,One year,No,Mailed check,80.63,708.68,4,45.9,No
CUST_00358,Female,39,0,72,Month-to-month,No,Bank transfer,71.37,5137.62,0,55.6,No
CUST_00359,Male,34,0,51,Month-to-month,No,Mailed check,34.49,1782.94,0,10.8,No
CUST_00360,Male,53,0,35,Month-to-month,No,Mailed check,93.93,3280.34,1,78.3,No
CUST_00361,Female,31,0,5,Two year,Yes,Credit card,100.38,493.72,2,48.6,No
CUST_00362,Male,27,0,14,Month-to-month,Yes,Mailed check,116.3,1633.47,2,103.9,No
CUST_00363,Male,52,0,30,Two year,No,Electronic check,59.55,1781.32,2,43.3,No
CUST_00364,Female,42,0,4,Two year,Yes,Bank transfer,53.77,225.85,2,70.7,Yes
CUST_00365,Male,20,0,39,One year,No,Mailed check,39.23,1554.58,1,35.1,No
CUST_00366,Male,64,0,64,One year,No,Bank transfer,38.09,2438.28,1,50.9,No
CUST_00367,Female,55,0,25,Month-to-month,Yes,Mailed check,52.11,1330.01,3,29.9,No
CUST_00368,Female,34,0,28,Month-to-month,No,Bank transfer,118.18,3304.56,1,43.6,No
CUST_00369,Male,29,0,66,Month-to-month,Yes,Bank transfer,29.23,1927.23,3,35.4,No
CUST_00370,Male,71,1,22,One year,No,Bank transfer,45.94,1001.01,6,59.9,No
CUST_00371,Female,69,1,31,Month-to-month,Yes,Mailed check,28.6,882.03,1,83.1,Yes
CUST_00372,Female,41,0,23,Month-to-month,No,Electronic check,47.36,1086.97,0,59.0,No
CUST_00373,Female,46,0,48,Month-to-month,No,Bank transfer,29.24,1407.67,3,107.4,No
CUST_00374,Female,60,0,20,Two year,Yes,Credit card,70.83,1404.16,3,64.1,No
CUST_00375,Male,42,0,38,Month-to-month,No,Credit card,63.84,2420.58,2,31.3,Yes
CUST_00376,Female,53,0,55,Two year,No,Credit card,37.41,2052.35,0,98.5,No
CUST_00377,Female,75,1,68,Month-to-month,Yes,Electronic check,37.48,2557.63,1,68.2,No
CUST_00378,Male,77,1,1,One year,Yes,Bank transfer,82.61,83.78,1,22.2,No
CUST_00379,Female,43,0,7,Month-to-month,Yes,Electronic check,58.71,412.15,1,49.6,No
CUST_00380,Male,55,0,57,One year,No,Bank transfer,25.62,1461.14,0,66.1,No
CUST_00381,Female,18,0,12,One year,Yes,Electronic check,112.02,1326.78,2,61.3,No
CUST_00382,Female,37,0,5,Month-to-month,Yes,Bank transfer,60.5,318.55,1,66.0,No
CUST_00383,Female,72,1,50,One year,Yes,Credit card,79.1,3945.99,4,70.4,No
CUST_00384,Male,45,0,42,One year,No,Bank transfer,108.54,4567.63,0,38.0,No
CUST_00385,Male,33,0,12,One year,Yes,Electronic check,60.22,720.34,2,60.1,No
CUST_00386,Female,64,0,18,One year,No,Bank transfer,102.07,1831.07,1,54.3,No
CUST_00387,Male,34,0,66,Month-to-month,No,Mailed check,111.48,7367.8,0,44.9,No
CUST_00388,Male,57,0,17,One year,Yes,Bank transfer,37.41,623.98,2,66.7,No
CUST_00389,Male,45,0,68,Two year,No,Credit card,109.25,7417.86,0,53.9,No
CUST_00390,Male,75,1,71,Two year,No,Bank transfer,31.98,2272.39,2,72.4,No
CUST_00391,Male,29,0,62,Two year,No,Mailed check,47.51,2947.66,3,56.2,No
CUST_00392,Male,44,0,41,Month-to-month,No,Mailed check,100.82,4141.86,1,43.5,No
CUST_00393,Female,71,1,34,One year,No,Mailed check,110.07,3749.49,0,53.2,No
CUST_00394,Female,70,1,70,One year,Yes,Electronic check,88.41,6188.28,1,63.6,No
CUST_00395,Male,59,0,45,Month-to-month,Yes,Mailed check,30.48,1372.76,2,50.8,No
CUST_00396,Female,76,1,58,Two year,Yes,Electronic check,72.3,4191.9,2,41.2,No
CUST_00397,Female,64,0,51,One year,No,Mailed check,77.26,3954.61,1,53.2,No
CUST_00398,Female,47,0,34,Month-to-month,Yes,Electronic check,48.19,1628.5,0,78.5,No
CUST_00399,Female,58,0,44,Month-to-month,No,Mailed check,119.13,5242.02,1,63.4,No
CUST_00400,Male,51,0,15,Two year,No,Mailed check,53.56,811.14,1,57.3,No
CUST_00401,Female,54,0,70,Month-to-month,No,Bank transfer,41.03,2882.88,0,46.2,No
CUST_00402,Female,23,0,50,Month-to-month,No,Mailed check,31.01,1544.0,1,54.3,No
CUST_00403,Male,24,0,32,Month-to-month,Yes,Bank transfer,57.85,1841.5,2,31.0,No
CUST_00404,Male,49,0,67,Month-to-month,No,Mailed check,89.26,5968.13,0,46.4,No
CUST_00405,Female,49,0,3,Two year,Yes,Mailed check,43.14,126.0,1,60.6,No
CUST_00406,Female,70,1,51,Month-to-month,Yes,Bank transfer,96.95,4947.22,0,52.2,No
CUST_00407,Female,42,0,67,One year,No,Bank transfer,33.54,2242.47,1,42.6,No
CUST_00408,Female,50,0,48,Two year,Yes,Electronic check,64.05,3081.24,1,25.5,No
CUST_00409,Female,72,1,17,One year,Yes,Credit card,90.24,1533.38,1,47.5,No
CUST_00410,Female,75,1,7,Month-to-month,Yes,Bank transfer,33.53,240.81,0,35.2,No
CUST_00411,Male,24,0,13,One year,No,Electronic check,79.78,1038.67,2,49.5,No
CUST_00412,Female,69,1,66,Month-to-month,No,Mailed check,99.9,6576.23,1,55.6,No
CUST_00413,Female,74,1,4,Month-to-month,No,Bank transfer,79.55,306.72,1,78.9,No
CUST_00414,Male,79,1,10,One year,Yes,Bank transfer,71.15,723.04,1,68.6,No
CUST_00415,Male,29,0,17,Two year,Yes,Mailed check,103.83,1755.74,1,54.8,Yes
CUST_00416,Male,33,0,52,One year,No,Mailed check,118.54,6172.71,1,91.8,No
CUST_00417,Male,33,0,6,Two year,No,Mailed check,38.13,230.05,2,58.1,No
CUST_00418,Female,60,0,69,One year,Yes,Mailed check,89.13,6140.44,1,35.7,No
CUST_00419,Female,70,1,9,One year,No,Credit card,28.07,260.09,1,45.7,No
CUST_00420,Female,53,0,21,Two year,No,Bank transfer,24.28,505.19,1,101.6,No
CUST_00421,Female,30,0,24,Month-to-month,Yes,Mailed check,48.08,1155.48,0,35.6,Yes
CUST_00422,Female,24,0,4,Month-to-month,Yes,Mailed check,117.09,466.27,1,44.0,No
CUST_00423,Female,53,0,24,One year,No,Credit card,75.22,1778.23,0,70.0,No
CUST_00424,Male,64,0,59,One year,No,Bank transfer,46.83,2769.54,4,32.4,No
CUST_00425,Female,68,1,3,Month-to-month,No,Electronic check,33.26,107.45,0,70.6,No
CUST_00426,Male,26,0,68,Month-to-month,No,Bank transfer,112.02,7612.31,3,73.3,Yes
CUST_00427,Male,49,0,40,Month-to-month,Yes,Electronic check,56.24,,2,55.8,No
CUST_00428,Female,28,0,48,One year,No,Credit card,50.67,2423.43,1,83.3,No
CUST_00429,Male,25,0,54,Two year,No,Mailed check,105.8,5704.49,2,46.7,No
CUST_00430,Female,50,0,35,Two year,Yes,Credit card,80.44,2817.81,2,68.8,No
CUST_00431,Male,40,0,56,One year,Yes,Bank transfer,36.86,2057.4,0,2.8,No
CUST_00432,Female,42,0,40,Two year,Yes,Mailed check,62.15,2484.75,2,63.5,No
CUST_00433,Male,73,1,68,Month-to-month,Yes,Bank transfer,112.82,7662.58,3,77.0,No
CUST_00434,Female,25,0,46,Month-to-month,Yes,Electronic check,110.12,5052.69,3,66.1,No
CUST_00435,Female,62,0,13,Month-to-month,Yes,Bank transfer,27.01,353.22,2,42.5,No
CUST_00436,Female,39,0,27,One year,Yes,Credit card,46.86,1267.43,0,20.2,Yes
CUST_00437,Female,76,1,6,Month-to-month,No,Credit card,35.45,212.92,3,73.2,Yes
CUST_00438,Female,21,0,17,One year,No,Credit card,73.38,1244.57,4,33.4,No
CUST_00439,Male,57,0,36,One year,Yes,Mailed check,95.0,3412.9,1,36.1,Yes
CUST_00440,Male,20,0,2,Month-to-month,No,Bank transfer,49.55,88.3,1,44.8,Yes
CUST_00441,Male,46,0,52,Two year,No,Mailed check,95.8,4970.38,3,63.4,No
CUST_00442,Female,58,0,66,One year,Yes,Bank transfer,86.87,5727.48,0,74.3,No
CUST_00443,Male,46,0,52,Month-to-month,Yes,Electronic check,92.82,4836.97,1,90.8,No
CUST_00444,Female,51,0,43,Month-to-month,Yes,Bank transfer,114.82,4939.76,1,53.3,No
CUST_00445,Female,51,0,22,One year,Yes,Bank transfer,62.46,1377.75,2,56.6,No
CUST_00446,Male,45,0,55,Month-to-month,Yes,Bank transfer,54.26,2971.57,0,59.8,No
CUST_00447,Male,30,0,67,Month-to-month,No,Bank transfer,88.38,5923.63,2,41.3,No
CUST_00448,Female,32,0,60,One year,No,Electronic check,100.76,6048.71,0,64.9,No
CUST_00449,Male,77,1,58,Two year,Yes,Mailed check,39.14,2286.24,1,39.2,No
CUST_00450,Female,40,0,12,Month-to-month,Yes,Credit card,104.68,1255.97,1,73.2,No
CUST_00451,Female,61,0,69,Two year,No,Bank transfer,25.79,1775.24,1,31.5,No
CUST_00452,Female,43,0,39,Two year,No,Credit card,20.64,797.27,1,68.7,No
CUST_00453,Female,21,0,13,Month-to-month,No,Credit card,35.84,466.55,2,69.0,Yes
CUST_00454,Female,43,0,41,One year,Yes,Credit card,117.87,4830.59,3,20.1,No
CUST_00455,Male,57,0,57,Month-to-month,Yes,Credit card,72.36,4135.55,5,57.9,No
CUST_00456,Male,26,0,53,Month-to-month,No,Bank transfer,24.66,1315.83,1,82.5,No
CUST_00457,Female,72,1,12,One year,Yes,Credit card,119.72,1426.66,4,55.9,No
CUST_00458,Female,22,0,13,One year,No,Bank transfer,94.49,1228.16,1,52.8,No
CUST_00459,Male,73,1,57,Month-to-month,Yes,Electronic check,103.8,5941.1,0,41.5,No
CUST_00460,Male,49,0,40,Two year,Yes,Mailed check,41.29,1637.1,3,61.7,No
CUST_00461,Female,37,0,45,One year,No,Mailed check,30.54,,1,44.5,No
CUST_00462,Male,67,1,35,Two year,No,Bank transfer,71.51,2510.32,1,61.1,No
CUST_00463,Female,28,0,3,Month-to-month,Yes,Bank transfer,97.22,289.28,1,66.6,Yes
CUST_00464,Male,32,0,5,Two year,No,Mailed check,83.78,415.67,2,57.1,Yes
CUST_00465,Female,49,0,11,Month-to-month,Yes,Credit card,83.11,909.47,1,73.9,No
CUST_00466,Male,45,0,71,Month-to-month,No,Bank transfer,95.71,6784.74,0,59.6,No
CUST_00467,Female,39,0,56,One year,No,Credit card,42.7,2389.63,2,44.3,No
CUST_00468,Male,58,0,10,One year,Yes,Bank transfer,86.15,871.78,1,15.4,No
CUST_00469,Male,34,0,34,One year,Yes,Bank transfer,59.21,2000.46,2,42.3,No
CUST_00470,Female,76,1,67,Month-to-month,Yes,Electronic check,26.98,1810.02,0,48.3,No
CUST_00471,Male,43,0,72,Month-to-month,No,Electronic check,40.21,2906.22,4,62.8,No
CUST_00472,Female,61,0,31,One year,No,Mailed check,99.4,3081.21,2,14.2,No
CUST_00473,Male,24,0,71,Month-to-month,Yes,Electronic check,109.59,7776.9,1,15.8,Yes
CUST_00474,Female,59,0,66,One year,No,Electronic check,48.28,3193.37,1,13.5,No
CUST_00475,Male,74,1,70,Month-to-month,Yes,Mailed check,39.04,2723.52,2,49.9,No
CUST_00476,Female,43,0,41,Two year,Yes,Credit card,22.67,933.79,1,25.1,No
CUST_00477,Male,42,0,63,One year,Yes,Electronic check,114.77,7228.83,2,60.5,No
CUST_00478,Female,27,0,32,One year,Yes,Credit card,88.39,2828.96,2,43.8,No
CUST_00479,Male,76,1,20,Two year,Yes,Mailed check,115.7,2330.83,3,20.3,No
CUST_00480,Female,62,0,57,One year,No,Bank transfer,106.38,6075.5,4,72.2,No
CUST_00481,Female,36,0,50,Month-to-month,No,Credit card,54.05,2717.15,1,51.2,No
CUST_00482,Female,28,0,25,Month-to-month,Yes,Mailed check,31.27,773.53,1,73.0,No
CUST_00483,Male,30,0,12,One year,No,Credit card,69.91,828.65,0,52.3,No
CUST_00484,Female,70,1,71,Month-to-month,Yes,Mailed check,22.68,1615.05,3,82.5,No
CUST_00485,Male,25,0,39,One year,No,Mailed check,34.99,1367.92,3,64.3,No
CUST_00486,Female,57,0,17,Month-to-month,No,Bank transfer,43.34,717.07,2,24.2,No
CUST_00487,Male,21,0,45,Month-to-month,Yes,Credit card,86.56,3898.79,2,41.1,No
CUST_00488,Female,64,0,11,One year,No,Bank transfer,70.99,801.34,2,38.6,Yes
CUST_00489,Male,48,0,70,Two year,Yes,Bank transfer,50.24,3535.91,1,6.5,No
CUST_00490,Male,45,0,23,One year,No,Credit card,76.48,1751.97,1,69.5,No
CUST_00491,Female,28,0,70,Two year,Yes,Credit card,32.52,2283.53,3,60.5,No
CUST_00492,Male,60,0,38,Two year,Yes,Mailed check,95.57,3622.8,2,80.7,No
CUST_00493,Male,18,0,2,Month-to-month,Yes,Credit card,91.2,181.45,3,19.3,Yes
CUST_00494,Female,66,1,72,Month-to-month,Yes,Mailed check,41.65,2990.62,3,28.9,No
CUST_00495,Male,64,0,37,One year,Yes,Mailed check,80.64,2971.96,3,32.1,No
CUST_00496,Male,69,1,49,Two year,Yes,Mailed check,70.33,3455.02,1,81.6,No
CUST_00497,Male,55,0,52,One year,No,Mailed check,26.08,1359.11,1,80.2,No
CUST_00498,Female,41,0,33,Two year,Yes,Mailed check,47.82,1582.35,2,25.6,No
CUST_00499,Male,71,1,22,Month-to-month,No,Mailed check,119.95,2645.19,1,59.2,No
CUST_00500,Female,77,1,5,Month-to-month,Yes,Credit card,29.95,151.74,2,64.4,Yes
CUST_00501,Male,74,1,18,One year,No,Credit card,70.64,1261.16,2,49.1,No
CUST_00502,Male,64,0,38,Month-to-month,Yes,Electronic check,104.93,3989.57,1,91.5,Yes
CUST_00503,Male,48,0,37,Month-to-month,Yes,Credit card,50.07,1850.23,1,2.2,No
CUST_00504,Female,58,0,64,Month-to-month,No,Bank transfer,46.07,2946.62,1,12.5,No
CUST_00505,Male,63,0,10,Month-to-month,Yes,Electronic check,109.08,1081.36,0,53.8,No
CUST_00506,Male,67,1,42,One year,Yes,Credit card,50.48,2105.22,1,27.3,No
CUST_00507,Female,43,0,48,Two year,Yes,Bank transfer,85.15,4081.5,1,69.6,No
CUST_00508,Male,66,1,44,Two year,Yes,Credit card,94.03,4142.83,1,19.4,Yes
CUST_00509,Female,67,1,16,One year,No,Mailed check,98.86,1581.09,4,64.1,Yes
CUST_00510,Female,22,0,54,Month-to-month,Yes,Electronic check,119.48,6469.53,1,51.1,Yes
CUST_00511,Male,37,0,35,One year,No,Mailed check,100.32,3510.52,1,87.9,No
CUST_00512,Female,69,1,28,Month-to-month,Yes,Electronic check,85.7,2401.58,0,35.0,No
CUST_00513,Male,58,0,2,Month-to-month,Yes,Electronic check,109.55,219.26,2,83.6,Yes
CUST_00514,Female,28,0,13,Month-to-month,Yes,Mailed check,110.57,1426.84,2,66.9,No
CUST_00515,Female,73,1,41,Two year,Yes,Electronic check,117.32,4809.77,1,31.8,No
CUST_00516,Male,71,1,59,Two year,No,Electronic check,97.65,5750.46,2,32.6,No
CUST_00517,Female,50,0,69,One year,Yes,Credit card,39.49,2724.31,3,73.2,No
CUST_00518,Female,67,1,53,One year,Yes,Bank transfer,90.98,4804.37,0,54.0,No
CUST_00519,Female,55,0,45,Month-to-month,Yes,Mailed check,27.51,1237.38,2,48.2,No
CUST_00520,Female,44,0,20,One year,No,Credit card,51.8,1037.41,1,86.2,No
CUST_00521,Female,51,0,24,One year,No,Credit card,31.58,760.14,1,66.9,No
CUST_00522,Male,32,0,61,Month-to-month,No,Mailed check,114.99,7000.3,0,34.0,No
CUST_00523,Female,49,0,58,Month-to-month,No,Electronic check,53.88,3129.58,2,39.8,No
CUST_00524,Male,78,1,27,Two year,Yes,Mailed check,91.32,2472.27,2,59.3,No
CUST_00525,Female,75,1,26,One year,Yes,Bank transfer,77.13,1995.85,0,55.4,No
CUST_00526,Male,38,0,7,Two year,No,Bank transfer,30.75,225.11,0,65.2,No
CUST_00527,Male,63,0,42,Two year,Yes,Mailed check,76.13,3199.53,2,67.3,No
CUST_00528,Female,22,0,47,Two year,Yes,Credit card,86.1,4046.21,2,81.7,No
CUST_00529,Female,23,0,53,Month-to-month,No,Mailed check,108.15,5737.72,2,42.3,No
CUST_00530,Female,55,0,59,Month-to-month,Yes,Bank transfer,27.01,1609.72,3,98.2,No
CUST_00531,Male,79,1,38,Month-to-month,No,Mailed check,49.56,1882.0,1,69.0,No
CUST_00532,Female,39,0,69,Month-to-month,No,Electronic check,89.23,6152.21,1,55.8,No
CUST_00533,Male,79,1,53,One year,No,Mailed check,23.43,1262.76,1,47.2,No
CUST_00534,Male,35,0,15,One year,No,Credit card,40.36,603.6,1,58.0,No
CUST_00535,Male,31,0,26,One year,No,Electronic check,41.87,1092.21,1,14.5,No
CUST_00536,Female,27,0,48,Month-to-month,No,Bank transfer,86.93,4171.03,2,48.1,Yes
CUST_00537,Female,63,0,19,Two year,Yes,Mailed check,48.6,907.25,2,76.6,No
CUST_00538,Male,30,0,9,Month-to-month,Yes,Credit card,79.96,716.56,1,42.1,Yes
CUST_00539,Male,48,0,64,Month-to-month,Yes,Credit card,116.53,7469.34,1,12.0,No
CUST_00540,Female,47,0,54,One year,No,Bank transfer,99.32,5355.41,1,23.7,No
CUST_00541,Male,20,0,51,One year,No,Mailed check,53.29,2730.99,1,43.9,No
CUST_00542,Female,47,0,39,Month-to-month,No,Credit card,67.24,2630.0,2,56.7,No
CUST_00543,Male,23,0,4,Month-to-month,Yes,Electronic check,40.07,150.23,1,33.3,No
CUST_00544,Female,46,0,3,One year,Yes,Mailed check,21.57,52.67,5,22.8,No
CUST_00545,Male,25,0,64,Month-to-month,No,Bank transfer,48.97,3121.86,1,35.5,No
CUST_00546,Female,61,0,29,Month-to-month,No,Electronic check,56.94,1647.2,2,88.7,No
CUST_00547,Male,62,0,11,One year,No,Mailed check,76.44,829.91,5,102.7,No
CUST_00548,Female,60,0,58,Month-to-month,No,Credit card,114.41,6647.78,1,60.6,No
CUST_00549,Female,61,0,27,Month-to-month,No,Bank transfer,114.79,3087.37,0,55.4,No
CUST_00550,Male,50,0,21,Month-to-month,Yes,Bank transfer,27.01,558.29,1,72.5,Yes
CUST_00551,Male,34,0,39,Two year,No,Mailed check,81.46,3192.31,1,22.7,No
CUST_00552,Female,65,1,46,Two year,No,Bank transfer,24.24,1112.19,1,39.0,No
CUST_00553,Male,28,0,66,Month-to-month,No,Electronic check,84.81,5601.55,3,8.1,No
CUST_00554,Female,30,0,36,Month-to-month,No,Mailed check,31.77,1148.38,1,59.3,No
CUST_00555,Male,67,1,65,Month-to-month,Yes,Electronic check,114.64,7437.07,2,49.1,Yes
CUST_00556,Female,28,0,63,Month-to-month,No,Bank transfer,106.43,6713.36,1,34.2,No
CUST_00557,Female,48,0,35,One year,No,Bank transfer,22.23,784.28,0,88.9,No
CUST_00558,Female,45,0,31,One year,No,Bank transfer,98.21,3051.13,2,74.8,No
CUST_00559,Female,61,0,28,Month-to-month,Yes,Electronic check,83.59,2333.73,1,49.4,No
CUST_00560,Female,23,0,1,Month-to-month,No,Bank transfer,69.54,72.41,3,34.1,Yes
CUST_00561,Female,58,0,25,Month-to-month,Yes,Mailed check,80.26,2004.86,3,56.2,No
CUST_00562,Male,33,0,43,Month-to-month,No,Credit card,87.83,3777.41,2,52.1,No
CUST_00563,Male,21,0,67,Month-to-month,No,Mailed check,108.45,7258.09,0,39.8,No
CUST_00564,Male,52,0,63,One year,No,Credit card,96.74,6092.45,3,30.5,No
CUST_00565,Female,77,1,51,One year,No,Bank transfer,77.54,3964.2,1,54.8,No
CUST_00566,Female,65,1,2,One year,No,Mailed check,102.46,185.66,1,54.5,No
CUST_00567,Female,73,1,64,Month-to-month,No,Electronic check,118.69,7592.65,1,28.4,No
CUST_00568,Female,76,1,69,One year,No,Credit card,50.02,3457.64,1,10.7,No
CUST_00569,Male,43,0,9,Month-to-month,No,Electronic check,31.84,275.7,2,43.2,No
CUST_00570,Male,79,1,2,Month-to-month,No,Credit card,93.14,190.29,1,21.4,No
CUST_00571,Female,74,1,34,One year,Yes,Bank transfer,117.86,4011.92,0,34.1,No
CUST_00572,Male,29,0,60,Month-to-month,Yes,Mailed check,31.67,1898.7,2,39.0,No
CUST_00573,Male,28,0,61,One year,Yes,Credit card,63.17,3856.43,1,59.1,No
CUST_00574,Female,54,0,31,One year,Yes,Mailed check,26.23,829.32,2,38.8,No
CUST_00575,Male,42,0,10,Two year,No,Credit card,97.65,969.81,2,55.5,No
CUST_00576,Female,35,0,36,Two year,No,Credit card,114.87,4121.47,2,31.9,No
CUST_00577,Male,36,0,49,Month-to-month,Yes,Bank transfer,69.9,3420.83,4,56.6,Yes
CUST_00578,Female,40,0,70,Two year,Yes,Credit card,60.95,4256.7,4,43.5,Yes
CUST_00579,Female,72,1,49,One year,Yes,Electronic check,110.77,5431.67,0,55.8,No
CUST_00580,Female,55,0,3,One year,Yes,Credit card,33.34,95.46,1,76.0,No
CUST_00581,Female,71,1,5,Month-to-month,No,Credit card,109.16,551.92,2,46.2,Yes
CUST_00582,Male,35,0,61,Two year,Yes,Credit card,59.21,3614.88,1,46.9,No
CUST_00583,Female,43,0,26,Month-to-month,No,Bank transfer,75.94,1967.6,1,58.9,No
CUST_00584,Female,23,0,72,Two year,No,Mailed check,72.83,5234.48,2,60.5,No
CUST_00585,Female,21,0,5,Month-to-month,No,Mailed check,81.6,394.06,0,2.4,No
CUST_00586,Male,61,0,15,One year,Yes,Bank transfer,114.21,1723.7,0,27.1,Yes
CUST_00587,Female,68,1,16,Month-to-month,Yes,Electronic check,115.11,1847.05,1,54.8,Yes
CUST_00588,Male,46,0,1,Month-to-month,No,Electronic check,103.11,103.11,2,82.8,No
CUST_00589,Female,76,1,16,Month-to-month,Yes,Bank transfer,39.15,632.53,2,20.4,No
CUST_00590,Male,78,1,37,Month-to-month,Yes,Mailed check,53.35,1962.97,1,38.6,No
CUST_00591,Male,51,0,3,Month-to-month,No,Electronic check,68.78,197.6,1,54.9,Yes
CUST_00592,Female,34,0,52,Month-to-month,No,Bank transfer,110.55,5738.65,1,30.6,No
CUST_00593,Male,60,0,47,One year,Yes,Mailed check,72.09,3390.83,2,60.8,No
CUST_00594,Female,60,0,13,Two year,No,Electronic check,117.74,1524.62,2,64.3,No
CUST_00595,Female,70,1,55,One year,Yes,Electronic check,118.38,6496.59,1,58.8,No
CUST_00596,Female,33,0,21,Month-to-month,Yes,Bank transfer,79.86,1677.94,0,54.0,No
CUST_00597,Male,19,0,66,Month-to-month,No,Mailed check,107.75,7117.2,0,29.7,No
CUST_00598,Male,51,0,54,Month-to-month,No,Electronic check,119.92,6474.44,0,44.1,No
CUST_00599,Female,72,1,27,Two year,Yes,Bank transfer,104.97,2845.63,0,75.4,No
CUST_00600,Female,25,0,38,Two year,No,Electronic check,85.69,3264.29,0,57.3,No
CUST_00601,Male,30,0,58,Month-to-month,Yes,Mailed check,104.51,6072.96,1,3.2,No
CUST_00602,Female,59,0,62,Month-to-month,No,Credit card,28.27,1760.3,1,66.4,No
CUST_00603,Female,25,0,46,Two year,Yes,Electronic check,83.48,3842.54,2,58.2,No
CUST_00604,Female,47,0,11,Two year,No,Mailed check,41.65,445.74,2,43.1,No
CUST_00605,Male,49,0,72,Two year,Yes,Electronic check,31.61,2272.2,2,45.8,No
CUST_00606,Male,53,0,8,Two year,Yes,Credit card,109.29,869.17,1,37.7,No
CUST_00607,Male,64,0,71,Month-to-month,No,Credit card,83.96,5952.59,2,51.5,No
CUST_00608,Female,47,0,64,Month-to-month,Yes,Electronic check,44.35,2832.95,2,50.1,Yes
CUST_00609,Female,18,0,21,Month-to-month,Yes,Bank transfer,58.68,1217.6,3,45.1,Yes
CUST_00610,Female,60,0,72,Month-to-month,Yes,Electronic check,117.33,8456.43,2,55.3,Yes
CUST_00611,Male,56,0,63,Month-to-month,Yes,Mailed check,106.22,6681.16,1,47.5,No
CUST_00612,Female,34,0,64,One year,Yes,Bank transfer,21.56,1387.86,2,70.1,No
CUST_00613,Female,76,1,20,Month-to-month,No,Mailed check,117.98,2372.87,2,66.7,No
CUST_00614,Female,37,0,8,Month-to-month,Yes,Mailed check,56.85,447.16,2,23.0,Yes
CUST_00615,Female,41,0,58,Month-to-month,Yes,Bank transfer,89.54,5187.88,1,57.5,No
CUST_00616,Male,67,1,46,Month-to-month,Yes,Credit card,91.27,4203.3,2,44.4,No
CUST_00617,Male,39,0,31,Month-to-month,No,Mailed check,111.17,3441.86,3,30.6,No
CUST_00618,Female,46,0,9,Two year,No,Electronic check,108.51,968.56,4,56.6,Yes
CUST_00619,Male,39,0,15,Two year,Yes,Credit card,48.17,727.0,1,58.1,No
CUST_00620,Male,61,0,26,Month-to-month,Yes,Credit card,84.35,2185.79,3,105.2,Yes
CUST_00621,Female,26,0,10,One year,No,Bank transfer,59.37,615.08,1,5.6,No
CUST_00622,Female,54,0,29,Month-to-month,No,Electronic check,72.55,2109.69,2,40.6,No
CUST_00623,Male,27,0,36,One year,Yes,Electronic check,75.47,2723.54,1,100.2,No
CUST_00624,Female,53,0,37,Month-to-month,No,Credit card,59.63,2205.57,3,34.9,No
CUST_00625,Male,54,0,71,Month-to-month,Yes,Mailed check,66.39,4732.28,1,57.3,Yes
CUST_00626,Female,45,0,23,Two year,Yes,Mailed check,40.83,931.76,1,54.1,No
CUST_00627,Male,45,0,41,Month-to-month,Yes,Electronic check,80.76,3318.96,2,51.7,No
CUST_00628,Female,59,0,28,Month-to-month,No,Credit card,95.9,2671.71,2,38.7,No
CUST_00629,Male,60,0,48,Month-to-month,Yes,Credit card,62.97,3045.69,2,40.3,Yes
CUST_00630,Male,38,0,38,Month-to-month,Yes,Credit card,117.77,4483.38,2,56.4,No
CUST_00631,Male,41,0,31,Month-to-month,No,Bank transfer,25.72,788.0,2,46.2,No
CUST_00632,Female,59,0,14,Two year,Yes,Electronic check,78.92,1110.08,2,56.1,Yes
CUST_00633,Male,77,1,29,One year,Yes,Electronic check,78.36,2283.07,1,59.6,No
CUST_00634,Male,57,0,51,One year,Yes,Mailed check,23.63,1196.17,2,69.7,No
CUST_00635,Female,19,0,49,Month-to-month,No,Mailed check,42.46,2075.79,1,71.3,No
CUST_00636,Female,72,1,43,Month-to-month,No,Electronic check,110.55,4743.9,1,53.4,No
CUST_00637,Male,25,0,72,Month-to-month,Yes,Electronic check,74.45,5365.29,1,27.6,No
CUST_00638,Male,65,1,5,Month-to-month,No,Mailed check,63.64,320.01,1,75.5,No
CUST_00639,Female,44,0,42,One year,Yes,Electronic check,61.55,2585.4,2,57.0,No
CUST_00640,Female,39,0,7,Month-to-month,Yes,Mailed check,108.82,753.66,0,67.0,No
CUST_00641,Female,54,0,42,Two year,No,Electronic check,56.7,2379.46,2,59.7,No
CUST_00642,Female,44,0,36,Month-to-month,No,Bank transfer,105.92,3805.84,2,46.1,No
CUST_00643,Female,74,1,27,Month-to-month,Yes,Bank transfer,50.92,1379.67,0,43.8,No
CUST_00644,Male,46,0,58,Month-to-month,No,Credit card,73.15,4232.19,1,82.5,No
CUST_00645,Female,20,0,46,Month-to-month,No,Electronic check,34.38,1573.58,2,52.5,No
CUST_00646,Male,61,0,66,Month-to-month,No,Mailed check,102.5,6773.35,1,49.8,Yes
CUST_00647,Male,30,0,25,Month-to-month,Yes,Electronic check,93.6,2335.54,2,34.6,Yes
CUST_00648,Male,62,0,27,Month-to-month,Yes,Electronic check,73.01,1988.86,0,45.2,No
CUST_00649,Female,27,0,1,One year,No,Credit card,22.59,24.55,0,70.2,No
CUST_00650,Male,53,0,42,One year,Yes,Mailed check,68.13,2843.15,3,52.0,No
CUST_00651,Male,26,0,52,Month-to-month,Yes,Electronic check,42.52,2197.78,3,77.0,No
CUST_00652,Female,71,1,25,Month-to-month,No,Mailed check,61.34,1527.53,0,57.8,No
CUST_00653,Male,73,1,54,One year,Yes,Electronic check,105.64,5712.13,2,53.1,No
CUST_00654,Male,72,1,67,Two year,No,Credit card,96.96,6502.75,3,42.0,No
CUST_00655,Female,44,0,6,One year,Yes,Mailed check,44.2,260.34,2,52.1,No
CUST_00656,Male,51,0,58,Month-to-month,Yes,Electronic check,118.5,6885.05,0,34.0,No
CUST_00657,Male,68,1,70,One year,No,Bank transfer,110.32,7725.76,1,63.6,No
CUST_00658,Male,18,0,53,One year,Yes,Mailed check,72.87,3858.78,3,49.9,No
CUST_00659,Female,49,0,66,Month-to-month,No,Credit card,73.02,4830.72,0,46.1,Yes
CUST_00660,Female,42,0,58,Two year,Yes,Bank transfer,110.13,6379.27,2,45.8,No
CUST_00661,Female,46,0,2,Month-to-month,Yes,Mailed check,83.61,172.78,1,64.7,Yes
CUST_00662,Male,24,0,22,Two year,Yes,Mailed check,73.67,1627.29,1,38.4,No
CUST_00663,Male,66,1,37,One year,No,Mailed check,94.91,3518.03,0,71.4,No
CUST_00664,Female,20,0,20,One year,Yes,Mailed check,43.51,868.64,3,42.3,No
CUST_00665,Male,37,0,24,One year,Yes,Electronic check,107.84,2596.82,0,63.5,No
CUST_00666,Male,37,0,65,Month-to-month,No,Electronic check,73.14,4772.61,1,41.5,No
CUST_00667,Female,70,1,65,One year,No,Mailed check,80.35,5221.19,0,39.2,No
CUST_00668,Female,47,0,1,Two year,Yes,Credit card,28.99,29.67,0,80.4,No
CUST_00669,Male,52,0,3,One year,No,Electronic check,50.95,162.1,0,64.1,Yes
CUST_00670,Male,52,0,46,Two year,No,Mailed check,62.67,2880.33,2,52.5,No
CUST_00671,Male,66,1,55,Two year,No,Mailed check,61.39,3373.57,1,21.2,No
CUST_00672,Female,56,0,64,Two year,No,Credit card,97.83,6249.42,1,58.8,No
CUST_00673,Female,44,0,45,One year,Yes,Credit card,48.23,2153.21,1,70.7,No
CUST_00674,Female,43,0,26,One year,No,Credit card,38.21,982.14,2,54.1,Yes
CUST_00675,Female,31,0,65,Month-to-month,Yes,Bank transfer,78.26,5095.64,2,50.7,No
CUST_00676,Male,34,0,24,One year,Yes,Mailed check,81.5,1945.76,2,54.1,No
CUST_00677,Female,35,0,35,Month-to-month,Yes,Credit card,32.16,1130.41,6,59.0,No
CUST_00678,Female,62,0,24,Month-to-month,No,Mailed check,20.25,500.78,0,38.6,No
CUST_00679,Female,69,1,28,Month-to-month,No,Electronic check,111.76,3131.0,3,49.9,Yes
CUST_00680,Female,46,0,16,Two year,Yes,Mailed check,27.96,438.6,2,52.8,No
CUST_00681,Female,37,0,59,Two year,Yes,Mailed check,109.79,6476.09,2,69.2,No
CUST_00682,Male,70,1,54,One year,No,Bank transfer,59.92,3239.56,4,7.4,No
CUST_00683,Male,44,0,16,Month-to-month,No,Electronic check,85.31,1368.74,2,69.8,No
CUST_00684,Female,35,0,15,One year,Yes,Electronic check,38.56,579.59,2,19.5,No
CUST_00685,Male,21,0,11,One year,No,Bank transfer,102.39,1132.63,0,37.1,No
CUST_00686,Female,18,0,65,Month-to-month,No,Credit card,38.02,2481.25,3,50.1,No
CUST_00687,Female,67,1,68,Month-to-month,Yes,Credit card,58.65,3983.46,1,64.6,No
CUST_00688,Male,18,0,43,Month-to-month,No,Mailed check,43.8,1897.56,0,72.2,Yes
CUST_00689,Male,75,1,69,One year,No,Bank transfer,103.75,7162.09,2,36.7,No
CUST_00690,Female,43,0,13,One year,Yes,Credit card,105.83,1353.58,4,62.2,Yes
CUST_00691,Female,62,0,10,Month-to-month,No,Electronic check,57.2,570.15,0,33.1,No
CUST_00692,Female,37,0,41,Two year,Yes,Bank transfer,50.74,2078.52,3,27.4,No
CUST_00693,Male,69,1,50,Month-to-month,No,Credit card,97.36,4878.63,1,81.4,No
CUST_00694,Female,40,0,71,Month-to-month,Yes,Electronic check,107.85,7651.62,1,80.5,No
CUST_00695,Female,27,0,59,Month-to-month,No,Bank transfer,82.4,4863.21,0,43.9,No
CUST_00696,Female,76,1,39,Month-to-month,Yes,Mailed check,112.74,4382.68,4,21.9,No
CUST_00697,Male,28,0,3,Month-to-month,No,Mailed check,58.3,166.61,3,27.7,Yes
CUST_00698,Female,58,0,7,Month-to-month,No,Electronic check,35.19,254.29,2,72.2,Yes
CUST_00699,Female,58,0,49,One year,No,Credit card,37.96,1848.04,0,58.4,No
CUST_00700,Male,22,0,26,Month-to-month,Yes,Credit card,86.98,2271.22,2,28.7,No
CUST_00701,Female,75,1,33,One year,No,Bank transfer,60.75,2016.24,1,53.6,No
CUST_00702,Female,18,0,48,One year,Yes,Electronic check,35.63,1722.72,2,34.5,No
CUST_00703,Male,34,0,2,Month-to-month,No,Credit card,49.22,113.9,3,19.0,No
CUST_00704,Female,39,0,71,One year,No,Mailed check,73.06,5195.05,2,28.9,No
CUST_00705,Male,51,0,32,Month-to-month,No,Electronic check,32.14,1032.88,1,71.6,No
CUST_00706,Male,73,1,4,Two year,No,Mailed check,20.34,87.57,0,16.5,Yes
CUST_00707,Female,62,0,20,Two year,No,Electronic check,111.73,2235.31,1,47.3,No
CUST_00708,Female,58,0,36,Month-to-month,No,Bank transfer,50.49,1813.76,3,28.0,No
CUST_00709,Female,46,0,32,Two year,Yes,Credit card,42.15,1356.5,2,73.7,No
CUST_00710,Female,21,0,28,One year,Yes,Credit card,89.85,2520.24,0,46.2,Yes
CUST_00711,Male,22,0,1,Two year,No,Credit card,105.34,114.14,0,70.5,No
CUST_00712,Female,28,0,60,One year,No,Mailed check,83.23,4991.59,1,35.5,No
CUST_00713,Male,73,1,56,Month-to-month,No,Credit card,45.45,2543.9,2,54.2,No
CUST_00714,Female,68,1,35,Two year,No,Electronic check,106.16,3717.84,2,36.8,Yes
CUST_00715,Female,38,0,30,Month-to-month,No,Mailed check,71.04,2130.02,1,22.8,Yes
CUST_00716,Female,52,0,54,Month-to-month,Yes,Bank transfer,58.12,3166.85,3,33.0,No
CUST_00717,Male,29,0,36,Month-to-month,No,Mailed check,80.47,2916.36,2,41.5,No
CUST_00718,Female,43,0,55,Month-to-month,No,Bank transfer,90.06,4953.41,3,24.0,Yes
CUST_00719,Female,68,1,58,One year,Yes,Mailed check,79.38,4602.9,3,65.9,No
CUST_00720,Female,36,0,65,One year,Yes,Credit card,112.02,7286.06,1,33.0,No
CUST_00721,Female,62,0,69,Two year,Yes,Bank transfer,82.8,5709.03,0,70.9,No
CUST_00722,Male,77,1,51,Month-to-month,No,Credit card,107.86,5496.3,1,34.8,No
CUST_00723,Female,24,0,22,Two year,No,Mailed check,78.7,1731.74,2,42.8,No
CUST_00724,Male,64,0,53,Two year,No,Bank transfer,52.97,2803.59,2,33.6,No
CUST_00725,Male,72,1,36,Month-to-month,No,Electronic check,73.23,2638.11,2,49.7,Yes
CUST_00726,Male,24,0,68,Month-to-month,No,Electronic check,28.63,1950.79,0,33.9,No
CUST_00727,Male,43,0,36,Two year,Yes,Mailed check,43.02,1516.81,3,32.1,No
CUST_00728,Male,57,0,52,One year,No,Bank transfer,96.62,5005.14,3,79.8,No
CUST_00729,Male,22,0,53,One year,No,Electronic check,86.15,4557.34,0,73.7,No
CUST_00730,Female,38,0,50,One year,No,Credit card,36.65,1835.39,3,89.3,No
CUST_00731,Male,31,0,41,Month-to-month,Yes,Credit card,63.8,2608.16,1,47.6,No
CUST_00732,Male,21,0,18,Month-to-month,No,Mailed check,34.2,638.69,2,12.4,No
CUST_00733,Male,40,0,22,One year,No,Credit card,105.58,2331.75,2,48.6,No
CUST_00734,Female,59,0,66,Month-to-month,No,Credit card,30.92,2060.1,1,34.9,No
CUST_00735,Female,37,0,21,One year,No,Credit card,85.42,1802.9,0,40.6,No
CUST_00736,Male,32,0,44,Two year,Yes,Electronic check,80.7,3534.96,2,49.2,No
CUST_00737,Female,67,1,47,One year,Yes,Bank transfer,67.28,3150.39,1,84.4,No
CUST_00738,Male,69,1,39,Two year,Yes,Mailed check,47.82,1860.0,0,52.0,No
CUST_00739,Male,62,0,29,Month-to-month,No,Bank transfer,60.4,1739.51,2,91.3,Yes
CUST_00740,Female,46,0,54,One year,Yes,Bank transfer,100.64,5445.33,3,36.5,No
CUST_00741,Male,25,0,17,One year,Yes,Bank transfer,96.16,1633.05,0,79.6,Yes
CUST_00742,Female,58,0,60,Two year,No,Electronic check,93.88,5634.91,3,53.4,No
CUST_00743,Female,65,1,31,One year,No,Credit card,94.98,2958.22,2,8.5,No
CUST_00744,Male,36,0,49,Month-to-month,Yes,Mailed check,34.39,1704.31,3,53.6,No
CUST_00745,Male,65,1,2,Two year,Yes,Bank transfer,29.91,57.11,1,64.1,No
CUST_00746,Female,56,0,48,One year,Yes,Credit card,106.15,5081.55,0,17.6,No
CUST_00747,Male,63,0,14,Month-to-month,Yes,Electronic check,103.72,1440.16,1,44.4,No
CUST_00748,Male,45,0,59,One year,No,Bank transfer,88.13,5211.27,0,39.7,No
CUST_00749,Male,63,0,58,Two year,No,Credit card,80.59,4676.91,2,69.4,No
CUST_00750,Female,74,1,58,One year,Yes,Electronic check,56.69,3278.96,2,41.2,No
CUST_00751,Female,44,0,51,Month-to-month,Yes,Credit card,42.41,2169.9,2,42.3,No
CUST_00752,Male,21,0,2,Two year,Yes,Mailed check,86.77,162.77,0,32.5,No
CUST_00753,Female,75,1,41,One year,No,Credit card,111.3,4545.72,1,30.9,No
CUST_00754,Female,32,0,16,One year,No,Credit card,63.7,999.12,0,30.4,No
CUST_00755,Female,52,0,4,Month-to-month,No,Mailed check,50.32,186.83,1,26.1,No
CUST_00756,Female,54,0,12,Month-to-month,Yes,Mailed check,47.07,576.46,2,25.0,No
CUST_00757,Female,18,0,29,One year,No,Credit card,22.37,646.72,3,79.9,No
CUST_00758,Male,20,0,7,Two year,Yes,Mailed check,72.03,503.88,1,77.9,No
CUST_00759,Male,64,0,14,Month-to-month,Yes,Credit card,118.82,1665.4,1,72.9,No
CUST_00760,Male,41,0,12,Month-to-month,No,Bank transfer,101.52,1208.18,1,51.5,No
CUST_00761,Female,44,0,5,Month-to-month,Yes,Credit card,109.75,543.94,1,41.5,Yes
CUST_00762,Female,57,0,32,One year,No,Electronic check,82.12,2623.89,1,60.4,No
CUST_00763,Male,78,1,43,Month-to-month,No,Mailed check,68.14,2920.91,3,79.4,No
CUST_00764,Female,53,0,69,Month-to-month,Yes,Bank transfer,119.05,8209.29,2,54.5,No
CUST_00765,Male,51,0,45,Month-to-month,Yes,Mailed check,64.72,2911.01,0,42.1,No
CUST_00766,Male,46,0,9,One year,No,Mailed check,111.68,1002.67,0,61.8,No
CUST_00767,Male,41,0,49,Month-to-month,No,Mailed check,96.18,4717.37,1,117.1,No
CUST_00768,Female,41,0,33,Month-to-month,No,Electronic check,53.1,1747.37,2,34.2,No
CUST_00769,Female,59,0,18,Two year,No,Electronic check,70.31,1280.96,1,29.2,No
CUST_00770,Male,21,0,9,Month-to-month,No,Credit card,58.43,515.57,2,74.5,Yes
CUST_00771,Male,20,0,62,Month-to-month,No,Electronic check,33.62,2079.28,0,70.7,No
CUST_00772,Male,51,0,57,Two year,No,Mailed check,55.68,3177.51,1,29.2,No
CUST_00773,Male,74,1,29,Month-to-month,Yes,Bank transfer,108.9,3164.2,2,56.2,No
CUST_00774,Female,66,1,25,One year,No,Bank transfer,95.26,2369.53,2,43.2,Yes
CUST_00775,Female,40,0,15,Month-to-month,Yes,Bank transfer,47.76,715.34,2,25.1,Yes
CUST_00776,Male,70,1,6,One year,Yes,Mailed check,56.79,348.74,1,26.2,No
CUST_00777,Male,73,1,42,Month-to-month,No,Electronic check,81.64,3413.0,1,38.5,No
CUST_00778,Female,69,1,29,Two year,No,Bank transfer,61.61,1785.93,0,53.2,No
CUST_00779,Female,40,0,4,Month-to-month,No,Mailed check,70.3,266.35,1,64.1,No
CUST_00780,Male,62,0,57,Month-to-month,No,Mailed check,89.82,5111.43,1,42.1,Yes
CUST_00781,Male,22,0,49,One year,No,Bank transfer,66.73,3270.38,1,44.6,No
CUST_00782,Male,48,0,44,Two year,Yes,Bank transfer,39.1,1718.09,1,61.6,No
CUST_00783,Female,79,1,14,Month-to-month,Yes,Credit card,72.06,997.4,3,43.9,No
CUST_00784,Female,70,1,3,Two year,No,Credit card,55.61,179.05,1,44.8,No
CUST_00785,Female,79,1,62,Month-to-month,No,Mailed check,49.07,3039.22,2,73.4,No
CUST_00786,Male,58,0,64,One year,No,Credit card,52.81,3385.39,1,42.4,No
CUST_00787,Male,74,1,45,Month-to-month,No,Credit card,63.9,2890.53,1,37.7,No
CUST_00788,Female,78,1,58,One year,Yes,Bank transfer,108.66,6295.59,0,38.0,No
CUST_00789,Female,74,1,20,Month-to-month,Yes,Credit card,93.41,1874.27,1,46.6,Yes
CUST_00790,Male,77,1,58,Month-to-month,Yes,Mailed check,86.79,5037.87,2,75.4,Yes
CUST_00791,Female,71,1,57,Month-to-month,No,Bank transfer,67.13,3812.29,1,58.7,No
CUST_00792,Female,23,0,68,Month-to-month,No,Credit card,20.18,1384.52,0,47.5,No
CUST_00793,Male,54,0,52,Two year,No,Credit card,54.06,2811.87,0,47.8,No
CUST_00794,Female,74,1,37,Two year,Yes,Credit card,101.32,3743.48,4,65.4,No
CUST_00795,Male,27,0,8,One year,Yes,Electronic check,58.82,454.34,2,47.7,No
CUST_00796,Male,57,0,44,Month-to-month,Yes,Credit card,76.38,3348.06,3,47.4,No
CUST_00797,Male,24,0,5,Month-to-month,No,Credit card,40.47,201.28,1,56.7,No
CUST_00798,Male,56,0,69,One year,Yes,Mailed check,111.59,7686.04,1,35.7,No
CUST_00799,Male,55,0,31,Two year,No,Credit card,112.32,3488.16,2,89.1,No
CUST_00800,Male,38,0,45,Month-to-month,Yes,Electronic check,34.61,1553.53,0,87.8,Yes
CUST_00801,Male,78,1,9,Two year,No,Bank transfer,92.42,816.13,3,51.7,No
CUST_00802,Female,37,0,32,Two year,No,Credit card,27.52,874.13,1,47.6,No
CUST_00803,Male,20,0,33,Two year,No,Credit card,79.85,2624.58,3,32.3,No
CUST_00804,Male,68,1,67,Month-to-month,No,Mailed check,37.87,2524.74,2,51.5,No
CUST_00805,Female,39,0,30,Month-to-month,Yes,Credit card,34.57,1014.96,0,30.2,No
CUST_00806,Female,64,0,29,Month-to-month,Yes,Credit card,20.41,592.94,1,47.0,Yes
CUST_00807,Female,21,0,3,One year,Yes,Credit card,114.09,332.72,2,64.9,No
CUST_00808,Male,45,0,57,Month-to-month,No,Credit card,102.93,5885.51,3,70.7,No
CUST_00809,Female,29,0,30,Month-to-month,Yes,Bank transfer,27.75,842.35,0,79.2,No
CUST_00810,Male,55,0,9,One year,No,Mailed check,79.94,735.75,0,59.2,Yes
CUST_00811,Male,68,1,26,Month-to-month,Yes,Bank transfer,43.29,1132.69,3,32.4,Yes
CUST_00812,Male,53,0,2,Month-to-month,Yes,Electronic check,46.4,86.96,1,79.5,Yes
CUST_00813,Male,64,0,62,One year,No,Credit card,107.42,6663.1,1,69.2,No
CUST_00814,Female,58,0,3,One year,No,Electronic check,31.43,91.27,3,41.9,No
CUST_00815,Female,22,0,46,One year,No,Bank transfer,80.15,3690.26,1,30.1,No
CUST_00816,Male,30,0,68,Month-to-month,Yes,Electronic check,60.13,4097.45,0,53.9,No
CUST_00817,Male,40,0,25,One year,No,Credit card,39.08,982.98,4,76.1,Yes
CUST_00818,Male,75,1,51,One year,Yes,Electronic check,65.19,3324.87,2,41.5,No
CUST_00819,Female,67,1,13,Month-to-month,Yes,Bank transfer,114.05,1483.29,0,53.1,Yes
CUST_00820,Male,47,0,44,One year,Yes,Credit card,98.16,4321.28,0,61.9,No
CUST_00821,Male,79,1,35,Month-to-month,No,Mailed check,33.21,1173.45,2,21.1,No
CUST_00822,Female,54,0,55,Month-to-month,Yes,Bank transfer,104.94,5766.97,1,37.7,No
CUST_00823,Female,42,0,9,Month-to-month,No,Credit card,113.74,1021.11,3,82.5,No
CUST_00824,Male,65,1,2,Month-to-month,No,Mailed check,47.7,90.32,0,11.4,Yes
CUST_00825,Female,44,0,61,Month-to-month,Yes,Electronic check,53.34,3255.23,0,74.1,No
CUST_00826,Female,68,1,41,Two year,Yes,Electronic check,32.63,1344.24,0,73.9,No
CUST_00827,Male,31,0,44,Month-to-month,Yes,Electronic check,54.49,2400.73,1,58.5,No
CUST_00828,Female,74,1,64,Two year,Yes,Credit card,87.31,5587.52,2,52.9,No
CUST_00829,Male,79,1,31,One year,No,Electronic check,47.22,1474.41,2,17.2,No
CUST_00830,Female,65,1,47,Month-to-month,No,Electronic check,20.68,964.14,0,59.8,No
CUST_00831,Male,76,1,2,Month-to-month,No,Mailed check,53.85,92.71,1,41.4,No
CUST_00832,Male,64,0,69,One year,No,Mailed check,65.32,4510.12,0,74.2,No
CUST_00833,Male,71,1,58,One year,No,Mailed check,76.64,4444.46,2,56.7,Yes
CUST_00834,Female,53,0,44,Month-to-month,No,Credit card,88.38,3887.16,0,19.0,No
CUST_00835,Male,56,0,56,Month-to-month,No,Bank transfer,26.18,1452.8,1,34.7,Yes
CUST_00836,Female,33,0,43,One year,No,Electronic check,66.98,2881.92,1,18.8,No
CUST_00837,Male,73,1,34,Month-to-month,No,Electronic check,46.64,1603.58,1,23.3,No
CUST_00838,Male,39,0,30,Two year,Yes,Credit card,114.8,3430.59,4,67.3,No
CUST_00839,Female,38,0,71,One year,Yes,Electronic check,55.99,3973.71,3,45.1,No
CUST_00840,Male,71,1,70,Month-to-month,No,Credit card,30.01,2101.62,3,35.5,No
CUST_00841,Male,38,0,55,Month-to-month,No,Credit card,24.15,1323.76,2,49.4,No
CUST_00842,Female,25,0,67,Month-to-month,Yes,Credit card,46.54,3119.86,5,42.4,No
CUST_00843,Male,66,1,13,Two year,Yes,Bank transfer,37.89,488.07,3,53.1,No
CUST_00844,Male,33,0,3,Month-to-month,Yes,Credit card,84.98,256.48,4,92.5,No
CUST_00845,Male,76,1,26,Month-to-month,No,Bank transfer,104.7,2719.56,2,49.6,No
CUST_00846,Male,72,1,57,One year,Yes,Bank transfer,51.26,2916.21,3,72.4,No
CUST_00847,Female,48,0,24,Month-to-month,Yes,Electronic check,77.78,1865.93,2,11.8,No
CUST_00848,Female,59,0,53,Month-to-month,Yes,Mailed check,93.03,4935.43,2,42.5,No
CUST_00849,Male,27,0,70,Two year,Yes,Bank transfer,59.85,4173.84,1,25.0,No
CUST_00850,Female,49,0,43,Month-to-month,Yes,Bank transfer,26.63,1152.14,3,54.8,No
CUST_00851,Male,76,1,60,Two year,No,Mailed check,42.92,2567.85,1,65.4,No
CUST_00852,Female,51,0,58,Two year,Yes,Bank transfer,108.31,6287.97,2,67.5,No
CUST_00853,Male,79,1,49,Month-to-month,No,Mailed check,102.45,5013.26,2,47.3,Yes
CUST_00854,Male,26,0,42,Month-to-month,Yes,Electronic check,28.65,1210.57,0,74.3,No
CUST_00855,Male,34,0,66,Month-to-month,Yes,Credit card,42.39,2797.57,2,56.4,No
CUST_00856,Male,28,0,11,One year,Yes,Mailed check,96.92,1056.79,3,61.4,No
CUST_00857,Male,49,0,18,Month-to-month,Yes,Credit card,68.59,1230.23,1,40.5,No
CUST_00858,Male,27,0,52,Two year,Yes,Mailed check,96.0,5003.77,2,39.4,No
CUST_00859,Female,39,0,46,One year,No,Credit card,41.11,1891.54,3,43.9,No
CUST_00860,Male,74,1,44,Month-to-month,No,Electronic check,115.27,5067.29,2,75.7,No
CUST_00861,Female,34,0,22,One year,No,Bank transfer,98.36,2175.34,1,40.5,No
CUST_00862,Male,21,0,53,Month-to-month,No,Electronic check,39.75,2115.05,1,19.3,No
CUST_00863,Female,65,1,59,Two year,No,Bank transfer,75.84,4466.45,4,45.9,No
CUST_00864,Female,69,1,30,One year,No,Credit card,31.31,937.25,3,38.1,No
CUST_00865,Female,64,0,8,Month-to-month,No,Credit card,56.14,431.52,1,70.9,No
CUST_00866,Male,42,0,57,Month-to-month,Yes,Bank transfer,85.96,4908.56,0,53.2,No
CUST_00867,Male,76,1,20,Two year,No,Mailed check,53.01,1060.3,1,59.2,No
CUST_00868,Female,38,0,25,One year,Yes,Electronic check,85.68,2148.6,2,71.7,No
CUST_00869,Male,54,0,19,Two year,Yes,Mailed check,44.48,825.76,1,56.2,No
CUST_00870,Female,55,0,5,Month-to-month,No,Credit card,92.12,457.79,4,30.5,Yes
CUST_00871,Male,66,1,72,Month-to-month,Yes,Electronic check,55.96,4030.72,0,57.8,No
CUST_00872,Female,18,0,27,Month-to-month,Yes,Electronic check,99.05,2653.12,0,74.2,No
CUST_00873,Female,42,0,40,One year,No,Mailed check,33.67,1353.32,1,50.0,No
CUST_00874,Male,68,1,26,Month-to-month,Yes,Bank transfer,56.2,1457.91,2,51.6,No
CUST_00875,Female,53,0,27,Month-to-month,No,Bank transfer,66.39,1775.07,0,39.7,Yes
CUST_00876,Male,34,0,62,One year,Yes,Electronic check,62.38,3862.7,1,54.1,No
CUST_00877,Female,58,0,50,One year,No,Bank transfer,63.31,3170.04,0,59.3,No
CUST_00878,Female,41,0,42,Month-to-month,Yes,Credit card,64.48,2699.04,1,73.4,No
CUST_00879,Male,19,0,29,Month-to-month,No,Mailed check,118.88,3447.07,1,85.0,No
CUST_00880,Male,57,0,39,One year,Yes,Mailed check,39.32,1528.98,2,60.3,No
CUST_00881,Male,32,0,60,Month-to-month,No,Mailed check,96.87,5792.04,1,80.3,No
CUST_00882,Female,49,0,41,Month-to-month,Yes,Electronic check,75.18,3088.57,2,56.9,Yes
CUST_00883,Male,56,0,33,Month-to-month,Yes,Electronic check,61.36,2033.05,2,62.4,Yes
CUST_00884,Female,76,1,16,One year,No,Bank transfer,83.35,1345.13,5,101.6,No
CUST_00885,Female,23,0,23,Two year,Yes,Mailed check,105.35,2423.21,3,48.3,No
CUST_00886,Male,18,0,7,Month-to-month,No,Credit card,66.66,471.49,0,27.7,Yes
CUST_00887,Male,64,0,26,Month-to-month,Yes,Credit card,106.48,2752.34,5,94.3,No
CUST_00888,Female,40,0,12,Two year,Yes,Mailed check,29.38,354.96,1,63.6,No
CUST_00889,Female,75,1,72,Two year,No,Electronic check,85.31,6139.03,4,26.9,No
CUST_00890,Male,56,0,5,One year,Yes,Electronic check,53.32,265.82,2,47.1,No
CUST_00891,Male,78,1,69,Two year,No,Electronic check,58.67,4037.16,1,59.3,No
CUST_00892,Male,79,1,49,One year,Yes,Credit card,77.1,3789.22,1,35.3,No
CUST_00893,Male,74,1,26,One year,Yes,Mailed check,67.99,1751.27,2,25.5,No
CUST_00894,Male,34,0,5,Month-to-month,Yes,Credit card,58.18,293.61,3,66.5,Yes
CUST_00895,Female,51,0,22,Month-to-month,Yes,Mailed check,50.83,1109.14,4,13.2,Yes
CUST_00896,Female,76,1,13,Month-to-month,No,Credit card,81.83,1085.0,0,39.7,Yes
CUST_00897,Female,58,0,28,Two year,No,Credit card,70.56,1982.58,0,39.2,No
CUST_00898,Female,46,0,33,Two year,Yes,Bank transfer,52.33,1726.64,2,30.1,No
CUST_00899,Male,26,0,23,One year,Yes,Credit card,40.5,921.13,3,43.0,No
CUST_00900,Male,30,0,18,Month-to-month,No,Mailed check,97.45,1762.94,1,46.0,No
CUST_00901,Male,23,0,30,Month-to-month,Yes,Credit card,99.97,2966.5,1,0.0,No
CUST_00902,Female,23,0,26,Month-to-month,No,Bank transfer,41.38,1079.69,2,55.5,Yes
CUST_00903,Female,37,0,16,Month-to-month,Yes,Bank transfer,46.16,743.74,1,66.5,No
CUST_00904,Male,69,1,39,One year,Yes,Mailed check,43.91,1717.18,0,79.4,No
CUST_00905,Male,70,1,33,Two year,No,Bank transfer,108.46,3587.46,3,49.0,No
CUST_00906,Female,20,0,26,Month-to-month,Yes,Bank transfer,97.41,2527.09,1,6.9,No
CUST_00907,Female,34,0,48,Month-to-month,No,Electronic check,27.46,1323.45,2,66.7,No
CUST_00908,Male,66,1,65,One year,No,Mailed check,103.27,6705.63,0,51.4,No
CUST_00909,Male,29,0,38,Month-to-month,No,Bank transfer,23.69,891.73,1,65.1,No
CUST_00910,Female,65,1,2,Two year,No,Bank transfer,45.32,80.32,2,52.2,No
CUST_00911,Male,64,0,6,Month-to-month,No,Bank transfer,111.9,668.88,2,61.1,No
CUST_00912,Male,62,0,46,Month-to-month,No,Mailed check,106.43,4907.04,2,31.9,No
CUST_00913,Male,72,1,50,Month-to-month,Yes,Electronic check,98.14,4924.32,1,27.0,No
CUST_00914,Female,18,0,38,Month-to-month,No,Credit card,65.75,2495.98,1,47.4,No
CUST_00915,Female,34,0,18,One year,No,Electronic check,52.14,932.1,4,49.3,No
CUST_00916,Female,20,0,27,Month-to-month,Yes,Mailed check,108.15,2933.47,3,33.9,No
CUST_00917,Female,43,0,41,Month-to-month,No,Mailed check,85.71,3518.34,4,34.2,No
CUST_00918,Female,32,0,72,Month-to-month,Yes,Mailed check,49.55,3567.95,1,33.5,No
CUST_00919,Female,53,0,17,Month-to-month,No,Credit card,66.32,1116.38,0,73.3,No
CUST_00920,Female,49,0,62,Month-to-month,No,Mailed check,108.15,6719.62,0,30.8,No
CUST_00921,Male,49,0,29,One year,No,Electronic check,110.35,3200.96,3,60.3,No
CUST_00922,Male,21,0,58,One year,Yes,Bank transfer,85.93,4983.95,1,34.2,No
CUST_00923,Male,35,0,70,Two year,Yes,Bank transfer,93.26,6533.31,1,59.1,Yes
CUST_00924,Male,66,1,22,Month-to-month,No,Mailed check,23.93,526.67,1,77.3,Yes
CUST_00925,Male,36,0,6,Month-to-month,No,Mailed check,80.46,497.51,1,72.2,Yes
CUST_00926,Male,60,0,26,Month-to-month,Yes,Credit card,88.9,2321.5,1,44.1,No
CUST_00927,Male,69,1,39,Month-to-month,Yes,Bank transfer,22.04,853.86,1,55.4,Yes
CUST_00928,Female,52,0,12,One year,Yes,Credit card,104.39,1253.5,1,41.2,No
CUST_00929,Female,57,0,14,Two year,No,Credit card,112.83,1573.74,6,68.8,No
CUST_00930,Male,31,0,22,One year,Yes,Credit card,43.79,982.35,2,48.5,No
CUST_00931,Male,75,1,51,Month-to-month,Yes,Credit card,104.58,5326.33,1,77.2,Yes
CUST_00932,Female,50,0,23,Month-to-month,Yes,Electronic check,86.55,1989.49,2,30.9,No
CUST_00933,Male,31,0,48,Two year,Yes,Mailed check,78.07,3750.98,2,34.0,No
CUST_00934,Male,51,0,71,Month-to-month,Yes,Mailed check,104.31,7411.25,3,62.7,No
CUST_00935,Female,78,1,50,Month-to-month,Yes,Credit card,48.56,2434.8,2,58.7,No
CUST_00936,Male,72,1,13,Two year,Yes,Credit card,99.09,1296.12,0,86.5,No
CUST_00937,Female,21,0,10,One year,No,Electronic check,51.45,521.45,2,44.9,No
CUST_00938,Male,41,0,55,One year,Yes,Credit card,98.75,5426.68,1,38.9,No
CUST_00939,Female,76,1,9,Month-to-month,No,Electronic check,65.11,580.49,2,38.5,Yes
CUST_00940,Female,46,0,52,Month-to-month,No,Electronic check,31.69,1648.5,0,44.3,No
CUST_00941,Female,36,0,2,Month-to-month,Yes,Credit card,58.15,110.79,1,57.2,No
CUST_00942,Male,23,0,25,One year,No,Mailed check,43.35,1077.16,0,17.1,No
CUST_00943,Female,74,1,13,Month-to-month,No,Electronic check,30.05,386.47,0,25.3,No
CUST_00944,Male,50,0,51,Two year,Yes,Mailed check,31.03,1603.49,2,54.5,No
CUST_00945,Male,66,1,58,Two year,No,Mailed check,98.01,5699.85,4,57.4,No
CUST_00946,Male,57,0,34,One year,Yes,Electronic check,108.14,3674.36,1,43.5,No
CUST_00947,Male,36,0,35,Month-to-month,Yes,Bank transfer,112.71,3924.29,1,59.1,No
CUST_00948,Female,70,1,3,Month-to-month,Yes,Electronic check,105.39,310.28,1,19.6,Yes
CUST_00949,Female,18,0,59,One year,Yes,Bank transfer,103.02,6087.12,1,35.1,No
CUST_00950,Male,22,0,70,One year,Yes,Electronic check,26.88,1866.2,0,34.7,No
CUST_00951,Male,44,0,48,One year,Yes,Electronic check,99.01,4758.63,0,32.4,No
CUST_00952,Female,33,0,64,Month-to-month,Yes,Mailed check,98.33,6298.41,1,66.6,No
CUST_00953,Male,23,0,19,One year,No,Mailed check,33.13,629.62,1,69.0,No
CUST_00954,Female,57,0,67,One year,Yes,Credit card,86.2,5775.09,0,5.0,No
CUST_00955,Male,30,0,5,Month-to-month,No,Mailed check,65.25,317.21,0,10.5,No
CUST_00956,Male,65,1,67,One year,Yes,Mailed check,110.0,7377.06,1,52.5,No
CUST_00957,Female,79,1,11,One year,Yes,Mailed check,89.54,988.05,2,38.1,No
CUST_00958,Male,52,0,68,Month-to-month,Yes,Mailed check,115.1,7821.91,2,47.3,No
CUST_00959,Female,36,0,69,Month-to-month,No,Credit card,30.49,2096.12,1,56.4,Yes
CUST_00960,Male,29,0,1,One year,No,Mailed check,24.06,24.06,0,85.5,No
CUST_00961,Male,33,0,63,Month-to-month,No,Bank transfer,117.36,7397.27,3,48.5,No
CUST_00962,Male,76,1,29,One year,No,Bank transfer,28.02,810.53,2,67.1,No
CUST_00963,Female,60,0,12,One year,No,Credit card,58.62,701.54,3,41.3,No
CUST_00964,Male,27,0,41,Two year,No,Mailed check,85.0,3469.27,1,59.1,Yes
CUST_00965,Male,42,0,2,One year,Yes,Bank transfer,108.01,205.06,0,64.2,No
CUST_00966,Male,37,0,37,Month-to-month,Yes,Electronic check,45.46,1669.9,1,39.7,No
CUST_00967,Male,48,0,45,Month-to-month,No,Bank transfer,22.91,1038.45,0,36.5,No
CUST_00968,Female,21,0,48,Two year,No,Mailed check,72.13,3463.89,2,40.4,No
CUST_00969,Female,61,0,24,Month-to-month,No,Bank transfer,67.11,1607.84,0,67.4,Yes
CUST_00970,Male,40,0,22,One year,No,Electronic check,50.69,1126.22,1,64.5,No
CUST_00971,Female,19,0,11,One year,No,Bank transfer,107.39,1190.93,3,0.2,No
CUST_00972,Male,73,1,58,Month-to-month,Yes,Mailed check,94.93,5517.12,2,41.6,Yes
CUST_00973,Male,39,0,46,Month-to-month,Yes,Electronic check,105.81,4864.91,1,58.6,No
CUST_00974,Male,68,1,29,One year,Yes,Credit card,36.18,1035.1,0,81.1,No
CUST_00975,Female,74,1,35,Two year,Yes,Electronic check,89.24,3140.51,2,48.0,No
CUST_00976,Female,54,0,15,Month-to-month,Yes,Bank transfer,117.51,1767.89,0,57.5,No
CUST_00977,Female,25,0,60,Two year,Yes,Credit card,81.19,4876.93,3,52.0,No
CUST_00978,Female,24,0,42,One year,Yes,Electronic check,37.14,1566.49,1,39.5,No
CUST_00979,Female,31,0,43,Two year,Yes,Electronic check,119.58,5169.49,3,23.1,No
CUST_00980,Female,73,1,49,Month-to-month,No,Electronic check,72.83,3567.78,1,25.0,No
CUST_00981,Female,72,1,64,Month-to-month,No,Mailed check,104.01,6670.74,1,65.7,No
CUST_00982,Female,20,0,32,Two year,Yes,Credit card,34.94,1109.43,0,52.4,No
CUST_00983,Female,67,1,64,Two year,Yes,Credit card,86.61,5551.17,0,35.3,No
CUST_00984,Male,33,0,2,Month-to-month,Yes,Electronic check,111.26,240.36,0,21.5,No
CUST_00985,Female,72,1,24,One year,No,Credit card,73.2,1756.37,0,65.5,No
CUST_00986,Female,36,0,66,Two year,No,Bank transfer,48.87,3205.97,0,30.1,No
CUST_00987,Female,68,1,38,Month-to-month,Yes,Bank transfer,32.74,1249.87,1,63.5,No
CUST_00988,Female,35,0,31,One year,No,Electronic check,49.59,1535.26,1,47.4,No
CUST_00989,Female,69,1,26,Two year,Yes,Bank transfer,55.49,1451.14,2,49.1,No
CUST_00990,Female,33,0,29,Month-to-month,Yes,Electronic check,91.0,2634.21,0,85.0,No
CUST_00991,Female,25,0,67,Month-to-month,Yes,Bank transfer,37.86,2560.64,0,8.0,No
CUST_00992,Female,77,1,25,One year,Yes,Electronic check,30.61,766.33,2,32.4,No
CUST_00993,Female,50,0,48,Month-to-month,Yes,Electronic check,58.69,2825.22,1,82.0,No
CUST_00994,Female,66,1,65,Month-to-month,No,Credit card,65.87,4271.25,2,68.7,Yes
CUST_00995,Female,29,0,53,Two year,Yes,Credit card,82.84,4378.69,0,45.2,Yes
CUST_00996,Male,79,1,67,One year,Yes,Electronic check,90.75,6067.49,0,87.3,No
CUST_00997,Male,70,1,18,Two year,Yes,Credit card,108.93,1947.8,1,70.1,No
CUST_00998,Female,28,0,9,Two year,Yes,Credit card,48.9,446.84,0,39.5,No
CUST_00999,Female,22,0,38,Month-to-month,No,Mailed check,72.86,2762.68,1,28.5,No
CUST_01000,Male,44,0,21,Month-to-month,Yes,Bank transfer,56.6,1175.99,1,78.0,No
CUST_01001,Female,29,0,65,Month-to-month,Yes,Credit card,20.14,1302.27,2,33.7,No
CUST_01002,Male,34,0,21,Month-to-month,No,Electronic check,77.94,1643.84,3,55.0,No
CUST_01003,Male,23,0,27,One year,Yes,Mailed check,101.58,2749.44,2,79.9,No
CUST_01004,Male,50,0,70,One year,Yes,Mailed check,23.64,1665.05,1,53.6,No
CUST_01005,Male,22,0,44,Month-to-month,Yes,Credit card,20.35,892.55,1,50.2,No
CUST_01006,Male,74,1,28,Month-to-month,Yes,Electronic check,92.78,2617.86,1,16.6,Yes
CUST_01007,Female,45,0,45,Month-to-month,No,Electronic check,88.39,3988.19,3,69.9,Yes
CUST_01008,Male,31,0,17,One year,Yes,Electronic check,60.59,1018.21,7,13.7,Yes
CUST_01009,Female,22,0,40,Month-to-month,Yes,Electronic check,86.16,3454.54,3,77.1,No
CUST_01010,Female,71,1,3,Month-to-month,No,Electronic check,115.34,346.21,1,16.3,Yes
CUST_01011,Male,73,1,66,One year,Yes,Bank transfer,44.79,2954.24,1,33.4,No
CUST_01012,Male,76,1,46,Month-to-month,Yes,Electronic check,44.59,,2,73.4,No
CUST_01013,Female,50,0,30,Month-to-month,No,Electronic check,38.62,1152.04,1,78.9,No
CUST_01014,Male,79,1,69,One year,Yes,Bank transfer,92.4,6385.6,3,51.9,No
CUST_01015,Male,67,1,9,Month-to-month,No,Credit card,55.32,492.09,1,42.8,No
CUST_01016,Female,65,1,11,One year,Yes,Mailed check,118.87,1301.96,2,53.1,Yes
CUST_01017,Female,58,0,69,Month-to-month,No,Bank transfer,91.46,6318.68,2,10.7,No
CUST_01018,Male,36,0,66,Month-to-month,Yes,Mailed check,56.74,3766.39,2,71.8,No
CUST_01019,Female,39,0,31,Month-to-month,Yes,Mailed check,34.92,1077.51,0,37.6,No
CUST_01020,Male,22,0,33,Two year,No,Bank transfer,79.2,2601.22,1,44.9,No
CUST_01021,Male,76,1,39,One year,Yes,Electronic check,49.49,1941.52,3,51.7,No
CUST_01022,Male,19,0,46,Two year,No,Mailed check,110.55,5087.29,2,55.5,No
CUST_01023,Female,47,0,37,One year,No,Electronic check,64.14,2378.22,1,58.9,No
CUST_01024,Female,64,0,60,One year,No,Credit card,49.26,2956.24,1,74.5,No
CUST_01025,Female,56,0,31,Month-to-month,No,Bank transfer,78.86,2450.45,1,75.4,No
CUST_01026,Female,21,0,11,Month-to-month,Yes,Mailed check,33.7,374.31,1,49.4,No
CUST_01027,Female,50,0,2,Month-to-month,No,Electronic check,76.15,147.08,2,64.7,No
CUST_01028,Male,30,0,27,Month-to-month,Yes,Mailed check,25.61,698.54,1,67.4,No
CUST_01029,Male,37,0,2,Month-to-month,Yes,Credit card,80.69,166.38,3,15.2,No
CUST_01030,Male,71,1,21,Month-to-month,No,Credit card,73.02,1529.63,3,41.2,No
CUST_01031,Male,24,0,58,Month-to-month,No,Mailed check,72.08,4178.71,3,31.9,Yes
CUST_01032,Female,32,0,5,Month-to-month,Yes,Bank transfer,88.42,434.22,0,50.5,No
CUST_01033,Male,40,0,52,Month-to-month,No,Credit card,24.45,1275.79,2,75.1,No
CUST_01034,Female,31,0,45,One year,Yes,Electronic check,65.97,2973.52,3,65.6,No
CUST_01035,Male,40,0,20,Two year,No,Credit card,64.4,1287.69,1,66.4,No
CUST_01036,Female,36,0,61,Month-to-month,Yes,Electronic check,65.98,4013.29,0,42.1,No
CUST_01037,Female,71,1,38,Month-to-month,Yes,Mailed check,117.99,4463.36,0,42.2,No
CUST_01038,Male,46,0,20,Month-to-month,No,Electronic check,33.93,676.24,2,37.9,No
CUST_01039,Male,73,1,25,Two year,Yes,Mailed check,89.04,2228.44,0,32.1,No
CUST_01040,Male,37,0,2,Month-to-month,Yes,Credit card,60.2,126.85,1,61.5,Yes
CUST_01041,Male,46,0,32,One year,No,Bank transfer,71.17,2288.85,0,39.0,No
CUST_01042,Female,41,0,26,Month-to-month,No,Credit card,96.24,2498.65,1,24.0,No
CUST_01043,Male,35,0,70,Month-to-month,No,Credit card,35.74,2485.81,2,55.8,No
CUST_01044,Male,27,0,41,Month-to-month,No,Credit card,96.36,3945.56,2,51.3,Yes
CUST_01045,Female,58,0,67,Month-to-month,No,Credit card,27.03,1833.05,2,55.9,Yes
CUST_01046,Male,74,1,1,Two year,Yes,Bank transfer,68.33,84.77,5,78.9,No
CUST_01047,Male,25,0,51,Month-to-month,Yes,Credit card,94.21,4808.84,1,50.5,No
CUST_01048,Male,43,0,5,One year,No,Electronic check,39.26,191.96,1,37.2,No
CUST_01049,Male,79,1,13,One year,Yes,Bank transfer,97.09,1261.28,1,37.0,No
CUST_01050,Male,46,0,19,One year,Yes,Bank transfer,36.68,714.09,0,30.8,No
CUST_01051,Female,27,0,12,Month-to-month,Yes,Electronic check,99.92,1201.19,0,34.7,No
CUST_01052,Male,34,0,48,Month-to-month,Yes,Mailed check,66.89,3207.09,1,25.0,Yes
CUST_01053,Male,19,0,25,Month-to-month,Yes,Credit card,88.46,2224.86,1,52.4,No
CUST_01054,Male,23,0,57,Month-to-month,No,Bank transfer,111.74,6349.74,3,36.5,No
CUST_01055,Male,75,1,35,One year,No,Credit card,60.84,2119.43,0,52.6,No
CUST_01056,Male,22,0,5,Month-to-month,Yes,Credit card,43.3,208.43,2,42.7,Yes
CUST_01057,Female,45,0,22,One year,Yes,Electronic check,106.72,2357.78,1,47.9,No
CUST_01058,Male,79,1,57,Month-to-month,No,Electronic check,36.16,2055.61,2,85.1,No
CUST_01059,Female,58,0,47,Two year,No,Electronic check,83.15,3890.21,2,72.9,No
CUST_01060,Female,22,0,54,Month-to-month,No,Credit card,112.33,6058.65,1,19.2,No
CUST_01061,Male,35,0,3,Month-to-month,No,Bank transfer,87.44,257.61,2,37.8,No
CUST_01062,Male,43,0,53,Two year,Yes,Bank transfer,39.57,2096.43,1,12.0,No
CUST_01063,Male,37,0,31,Month-to-month,No,Mailed check,35.23,1093.36,0,42.0,Yes
CUST_01064,Male,58,0,69,Two year,No,Credit card,45.23,3130.58,3,56.6,No
CUST_01065,Female,66,1,33,Month-to-month,Yes,Mailed check,59.14,1948.52,4,71.5,No
CUST_01066,Male,44,0,72,Month-to-month,No,Mailed check,35.92,2580.12,3,70.5,No
CUST_01067,Male,66,1,50,One year,No,Mailed check,99.78,4989.54,5,56.4,No
CUST_01068,Male,29,0,16,Two year,No,Mailed check,55.7,893.68,1,31.3,No
CUST_01069,Male,24,0,39,Month-to-month,No,Mailed check,113.61,4424.72,1,66.9,Yes
CUST_01070,Male,76,1,46,Two year,No,Credit card,104.25,4778.43,0,51.0,No
CUST_01071,Male,20,0,47,One year,Yes,Electronic check,110.88,5206.55,1,53.8,No
CUST_01072,Female,27,0,44,Two year,Yes,Mailed check,49.45,2183.84,3,89.1,No
CUST_01073,Female,51,0,9,Month-to-month,Yes,Bank transfer,77.37,695.57,0,31.1,No
CUST_01074,Male,42,0,50,Month-to-month,Yes,Credit card,52.14,2619.69,1,91.5,No
CUST_01075,Male,52,0,60,Two year,Yes,Mailed check,45.69,2746.72,5,86.0,No
CUST_01076,Male,33,0,15,Two year,No,Bank transfer,80.71,1205.35,1,51.4,No
CUST_01077,Female,19,0,36,Month-to-month,No,Mailed check,101.8,3679.47,0,53.9,No
CUST_01078,Male,77,1,63,Month-to-month,No,Electronic check,29.36,1840.98,1,35.9,No
CUST_01079,Female,41,0,69,Month-to-month,No,Credit card,47.58,3266.05,1,53.8,No
CUST_01080,Male,27,0,41,One year,No,Electronic check,40.51,1664.49,0,51.9,No
CUST_01081,Male,55,0,24,Month-to-month,No,Bank transfer,99.84,2388.2,1,36.2,Yes
CUST_01082,Male,39,0,49,Month-to-month,No,Mailed check,113.34,5552.96,0,35.7,No
CUST_01083,Male,43,0,18,Month-to-month,No,Electronic check,27.99,493.18,1,45.2,Yes
CUST_01084,Female,60,0,7,One year,No,Electronic check,57.92,405.49,3,49.8,Yes
CUST_01085,Female,72,1,4,Month-to-month,No,Mailed check,111.45,450.65,1,15.7,Yes
CUST_01086,Male,56,0,69,Month-to-month,No,Credit card,54.46,3764.33,0,72.5,No
CUST_01087,Male,44,0,60,One year,No,Bank transfer,91.27,5464.59,0,40.0,No
CUST_01088,Female,46,0,55,One year,No,Credit card,30.07,1640.12,2,44.0,No
CUST_01089,Female,64,0,16,Month-to-month,Yes,Bank transfer,64.44,1034.99,1,53.6,Yes
CUST_01090,Female,55,0,29,Month-to-month,No,Bank transfer,70.33,,0,44.7,No
CUST_01091,Female,37,0,23,One year,Yes,Electronic check,95.77,2197.06,3,72.8,Yes
CUST_01092,Male,44,0,14,Two year,No,Mailed check,48.88,683.18,0,44.3,No
CUST_01093,Female,58,0,49,One year,No,Credit card,46.42,2272.82,2,38.3,No
CUST_01094,Male,71,1,33,Two year,No,Electronic check,50.3,1663.53,1,62.4,No
CUST_01095,Female,37,0,25,One year,Yes,Electronic check,75.57,1894.12,4,65.2,No
CUST_01096,Female,61,0,21,One year,Yes,Electronic check,107.6,2269.45,1,100.1,Yes
CUST_01097,Female,36,0,17,Month-to-month,No,Credit card,103.09,1750.02,0,12.1,No
CUST_01098,Female,37,0,23,Month-to-month,No,Electronic check,25.79,603.23,0,51.5,No
CUST_01099,Female,52,0,57,Month-to-month,No,Mailed check,107.9,6155.92,1,63.6,No
CUST_01100,Male,64,0,58,Month-to-month,No,Electronic check,29.51,1720.36,2,31.8,No
CUST_01101,Male,19,0,14,One year,Yes,Electronic check,61.53,850.42,4,78.1,Yes
CUST_01102,Female,47,0,20,Month-to-month,Yes,Bank transfer,96.54,1929.78,0,36.3,No
CUST_01103,Female,70,1,30,One year,No,Electronic check,28.15,863.49,1,52.4,No
CUST_01104,Male,51,0,19,Month-to-month,Yes,Credit card,24.04,443.05,2,71.8,No
CUST_01105,Female,39,0,53,Month-to-month,Yes,Credit card,53.0,2826.89,1,28.1,No
CUST_01106,Female,20,0,56,Two year,No,Mailed check,92.99,5225.06,1,47.3,No
CUST_01107,Male,23,0,23,Month-to-month,No,Credit card,72.18,1667.36,2,65.4,Yes
CUST_01108,Female,32,0,62,Month-to-month,No,Credit card,61.7,3811.94,4,53.0,Yes
CUST_01109,Female,44,0,33,Month-to-month,Yes,Electronic check,101.31,3340.98,0,63.4,No
CUST_01110,Male,27,0,18,Two year,No,Mailed check,96.67,1748.0,2,66.0,No
CUST_01111,Male,26,0,33,Month-to-month,Yes,Credit card,98.6,3240.68,3,39.4,No
CUST_01112,Male,50,0,32,One year,No,Mailed check,65.97,2117.89,1,82.4,No
CUST_01113,Female,49,0,61,Month-to-month,No,Mailed check,21.94,1339.72,1,33.2,No
CUST_01114,Male,65,1,54,One year,Yes,Bank transfer,37.21,2003.85,1,77.1,No
CUST_01115,Male,23,0,17,Month-to-month,Yes,Bank transfer,94.13,1589.02,1,57.0,No
CUST_01116,Male,58,0,19,One year,Yes,Electronic check,95.32,1825.62,2,37.7,No
CUST_01117,Male,76,1,70,Two year,Yes,Credit card,117.23,8213.86,2,32.7,No
CUST_01118,Male,53,0,34,One year,Yes,Electronic check,39.02,1324.98,1,55.6,No
CUST_01119,Male,76,1,25,One year,Yes,Electronic check,32.29,807.67,3,45.6,Yes
CUST_01120,Female,77,1,68,One year,No,Mailed check,33.88,2301.09,4,59.8,No
CUST_01121,Female,19,0,11,One year,Yes,Mailed check,38.48,405.19,1,45.5,No
CUST_01122,Male,46,0,16,Month-to-month,Yes,Mailed check,72.85,1178.43,2,51.5,No
CUST_01123,Male,21,0,61,One year,No,Electronic check,117.52,7170.98,0,60.2,No
CUST_01124,Male,18,0,7,Month-to-month,Yes,Credit card,78.94,562.15,0,48.7,Yes
CUST_01125,Female,36,0,16,Month-to-month,Yes,Electronic check,72.27,1151.76,2,44.9,No
CUST_01126,Female,43,0,16,Month-to-month,No,Electronic check,87.34,1398.29,1,57.1,Yes
CUST_01127,Female,42,0,40,Month-to-month,No,Electronic check,27.39,1098.92,1,42.7,No
CUST_01128,Female,27,0,12,Month-to-month,No,Bank transfer,101.54,1228.74,0,63.4,No
CUST_01129,Female,70,1,35,One year,Yes,Bank transfer,84.69,2982.01,2,59.1,No
CUST_01130,Female,32,0,21,Month-to-month,No,Credit card,37.12,776.02,1,64.0,Yes
CUST_01131,Female,76,1,50,Month-to-month,Yes,Bank transfer,83.07,4150.1,0,63.9,No
CUST_01132,Female,39,0,43,One year,No,Electronic check,79.62,3421.24,2,45.0,No
CUST_01133,Female,68,1,17,Month-to-month,Yes,Bank transfer,26.49,444.29,1,10.0,No
CUST_01134,Male,65,1,32,One year,No,Bank transfer,46.69,1520.65,1,46.8,No
CUST_01135,Male,38,0,41,One year,No,Electronic check,59.09,2406.04,2,54.8,No
CUST_01136,Male,76,1,6,Two year,No,Credit card,44.49,293.8,2,47.6,No
CUST_01137,Male,73,1,27,One year,Yes,Bank transfer,44.32,1202.92,4,35.6,No
CUST_01138,Female,39,0,20,Month-to-month,Yes,Electronic check,77.29,1545.07,2,74.8,No
CUST_01139,Female,53,0,25,Month-to-month,No,Electronic check,67.09,1668.77,0,34.0,No
CUST_01140,Male,51,0,66,Month-to-month,No,Electronic check,86.73,5723.72,1,36.3,No
CUST_01141,Female,47,0,9,Two year,No,Mailed check,115.64,1035.13,3,41.1,No
CUST_01142,Male,42,0,53,Month-to-month,No,Electronic check,86.06,4574.75,2,44.1,No
CUST_01143,Female,62,0,61,Month-to-month,Yes,Bank transfer,78.21,4777.1,1,38.3,No
CUST_01144,Male,45,0,38,Month-to-month,No,Bank transfer,104.76,3997.44,4,49.6,Yes
CUST_01145,Female,18,0,3,Two year,No,Electronic check,83.21,246.72,4,52.1,No
CUST_01146,Female,66,1,70,Month-to-month,Yes,Mailed check,36.56,2560.34,0,30.8,No
CUST_01147,Male,62,0,55,Two year,Yes,Mailed check,51.47,2830.14,0,27.8,No
CUST_01148,Female,21,0,1,Month-to-month,No,Mailed check,93.34,93.34,2,64.4,No
CUST_01149,Male,24,0,70,Month-to-month,No,Bank transfer,93.84,6558.39,2,49.0,No
CUST_01150,Male,66,1,45,Month-to-month,Yes,Mailed check,118.7,5348.73,3,70.0,No
CUST_01151,Male,26,0,47,Two year,Yes,Credit card,82.7,3890.19,3,62.8,No
CUST_01152,Male,53,0,26,Two year,No,Credit card,109.95,2858.35,1,44.1,No
CUST_01153,Female,36,0,14,Month-to-month,Yes,Mailed check,25.46,361.44,1,58.7,No
CUST_01154,Female,18,0,54,Month-to-month,Yes,Credit card,76.62,4133.48,2,64.9,Yes
CUST_01155,Female,27,0,71,One year,No,Electronic check,111.98,7951.07,1,33.9,No
CUST_01156,Male,53,0,46,Month-to-month,No,Mailed check,48.72,2249.94,3,19.3,No
CUST_01157,Female,26,0,31,Month-to-month,Yes,Mailed check,35.49,1110.1,3,31.0,Yes
CUST_01158,Male,62,0,59,Month-to-month,No,Mailed check,55.05,3263.29,2,61.5,No
CUST_01159,Female,63,0,29,Month-to-month,No,Electronic check,99.22,2866.39,2,84.5,Yes
CUST_01160,Female,59,0,17,Month-to-month,No,Electronic check,28.47,474.37,2,49.3,No
CUST_01161,Female,49,0,14,Month-to-month,No,Mailed check,80.03,1108.95,1,75.5,No
CUST_01162,Male,49,0,36,Month-to-month,No,Bank transfer,33.56,1201.79,0,68.3,No
CUST_01163,Female,23,0,58,Two year,Yes,Bank transfer,63.55,3682.74,2,36.0,No
CUST_01164,Female,65,1,24,Month-to-month,Yes,Credit card,116.6,2802.72,2,48.7,Yes
CUST_01165,Male,55,0,63,One year,No,Electronic check,39.51,2501.05,0,62.8,No
CUST_01166,Female,34,0,25,Month-to-month,No,Credit card,23.4,581.1,2,26.5,No
CUST_01167,Male,27,0,59,One year,No,Credit card,62.72,3706.24,1,67.0,Yes
CUST_01168,Female,67,1,32,Month-to-month,Yes,Mailed check,77.77,2501.41,0,71.4,Yes
CUST_01169,Male,44,0,18,One year,Yes,Bank transfer,49.75,890.98,2,66.2,No
CUST_01170,Male,71,1,37,Month-to-month,Yes,Credit card,74.18,2741.73,5,47.6,No
CUST_01171,Female,67,1,26,Two year,Yes,Mailed check,115.34,2999.51,1,59.7,No
CUST_01172,Male,52,0,9,Month-to-month,No,Electronic check,51.18,443.84,1,69.7,No
CUST_01173,Male,69,1,64,Month-to-month,No,Credit card,50.94,3265.45,4,20.6,Yes
CUST_01174,Male,76,1,72,Two year,Yes,Bank transfer,68.28,4903.88,0,2.1,No
CUST_01175,Male,38,0,20,One year,Yes,Electronic check,71.53,1438.53,1,60.3,No
CUST_01176,Male,42,0,54,Month-to-month,No,Mailed check,20.14,1083.07,0,38.1,Yes
CUST_01177,Male,45,0,30,Two year,No,Electronic check,81.59,2442.52,1,53.6,No
CUST_01178,Female,64,0,53,Month-to-month,No,Credit card,119.74,6336.21,3,54.0,No
CUST_01179,Male,32,0,63,Month-to-month,No,Electronic check,49.2,3105.06,2,74.5,No
CUST_01180,Male,21,0,11,Two year,No,Electronic check,83.08,919.24,3,53.4,No
CUST_01181,Female,46,0,31,Month-to-month,Yes,Electronic check,20.46,629.78,2,60.6,Yes
CUST_01182,Female,76,1,49,Two year,No,Bank transfer,80.43,3959.18,1,59.3,No
CUST_01183,Female,26,0,19,Month-to-month,Yes,Credit card,64.71,1229.77,0,65.9,No
CUST_01184,Female,44,0,12,One year,Yes,Mailed check,73.03,876.21,1,38.7,Yes
CUST_01185,Female,43,0,15,One year,No,Bank transfer,74.39,1116.45,3,56.1,No
CUST_01186,Female,36,0,31,Two year,Yes,Credit card,37.7,1161.75,0,3.4,No
CUST_01187,Female,73,1,43,One year,Yes,Mailed check,97.0,4160.92,2,37.4,No
CUST_01188,Male,45,0,37,Month-to-month,No,Mailed check,75.55,2791.5,2,70.4,No
CUST_01189,Male,34,0,29,One year,Yes,Mailed check,47.02,1369.9,2,23.5,No
CUST_01190,Female,60,0,26,Month-to-month,No,Credit card,113.74,2938.68,0,25.7,Yes
CUST_01191,Male,74,1,2,One year,No,Mailed check,21.28,27.56,1,63.0,No
CUST_01192,Male,58,0,15,Two year,Yes,Mailed check,92.59,1382.83,2,37.7,No
CUST_01193,Male,59,0,4,Month-to-month,No,Bank transfer,58.12,214.55,3,75.1,Yes
CUST_01194,Female,67,1,50,One year,No,Mailed check,72.25,3598.56,3,51.5,No
CUST_01195,Female,37,0,38,Month-to-month,Yes,Electronic check,49.15,1875.83,1,80.4,No
CUST_01196,Male,62,0,23,Month-to-month,No,Bank transfer,52.13,1194.5,0,84.0,No
CUST_01197,Female,57,0,59,Month-to-month,Yes,Bank transfer,21.52,1261.02,3,75.5,No
CUST_01198,Male,56,0,28,One year,Yes,Credit card,92.98,2604.97,1,39.8,No
CUST_01199,Male,66,1,66,Month-to-month,No,Mailed check,91.08,6012.42,0,27.6,No
CUST_01200,Male,70,1,8,One year,Yes,Electronic check,85.44,695.13,1,75.4,No
CUST_01201,Male,40,0,29,Month-to-month,No,Electronic check,107.8,3108.26,0,49.7,Yes
CUST_01202,Female,64,0,11,One year,Yes,Mailed check,110.13,1202.13,1,54.0,No
CUST_01203,Female,49,0,18,Month-to-month,No,Mailed check,75.64,1355.63,0,73.0,No
CUST_01204,Female,69,1,55,Two year,No,Credit card,88.48,4870.44,1,27.6,No
CUST_01205,Male,64,0,50,Month-to-month,Yes,Electronic check,21.1,1083.91,0,61.8,No
CUST_01206,Female,50,0,14,One year,Yes,Bank transfer,104.63,1470.74,2,40.1,No
CUST_01207,Male,74,1,9,Month-to-month,No,Credit card,101.64,912.11,2,65.9,No
CUST_01208,Female,63,0,11,One year,No,Credit card,22.02,230.14,1,57.7,No
CUST_01209,Male,22,0,63,Month-to-month,Yes,Bank transfer,74.28,4666.41,0,67.6,Yes
CUST_01210,Male,60,0,67,One year,No,Credit card,110.67,7423.62,2,41.5,No
CUST_01211,Male,65,1,53,Month-to-month,No,Mailed check,38.14,2013.41,2,35.8,No
CUST_01212,Female,51,0,39,One year,Yes,Bank transfer,55.26,2151.77,6,50.0,No
CUST_01213,Female,57,0,56,Month-to-month,Yes,Bank transfer,53.11,2990.47,1,38.4,No
CUST_01214,Female,28,0,28,Month-to-month,No,Electronic check,55.59,1539.49,1,37.4,No
CUST_01215,Female,78,1,39,Month-to-month,Yes,Bank transfer,24.19,946.06,1,36.0,No
CUST_01216,Male,67,1,25,Month-to-month,Yes,Credit card,47.9,1188.51,2,62.7,No
CUST_01217,Female,20,0,21,Month-to-month,No,Electronic check,49.49,1055.56,2,89.1,No
CUST_01218,Female,79,1,10,Two year,Yes,Credit card,106.59,1056.49,2,65.9,No
CUST_01219,Male,75,1,43,Two year,Yes,Mailed check,55.21,2380.79,3,64.0,No
CUST_01220,Male,50,0,15,One year,No,Mailed check,64.72,952.74,2,63.5,No
CUST_01221,Male,28,0,48,Month-to-month,Yes,Electronic check,58.07,2803.08,1,31.7,No
CUST_01222,Female,33,0,21,Month-to-month,No,Electronic check,32.07,682.61,3,63.9,No
CUST_01223,Male,35,0,60,One year,Yes,Credit card,119.04,7136.58,0,13.9,No
CUST_01224,Male,47,0,50,Month-to-month,Yes,Mailed check,102.58,5133.06,0,57.5,No
CUST_01225,Male,65,1,23,Two year,No,Electronic check,74.09,1713.69,0,64.7,No
CUST_01226,Female,72,1,13,Month-to-month,Yes,Mailed check,67.64,880.8,3,66.3,No
CUST_01227,Male,27,0,69,Two year,Yes,Mailed check,84.93,5855.97,2,63.0,No
CUST_01228,Female,35,0,4,Month-to-month,Yes,Mailed check,52.64,209.59,2,25.1,No
CUST_01229,Female,55,0,72,One year,Yes,Credit card,25.03,1803.14,2,37.2,No
CUST_01230,Male,36,0,9,Month-to-month,Yes,Credit card,60.43,544.45,3,73.5,No
CUST_01231,Male,53,0,35,Two year,Yes,Mailed check,118.4,4148.27,1,57.4,No
CUST_01232,Female,76,1,21,Month-to-month,No,Mailed check,38.23,792.72,0,56.3,No
CUST_01233,Male,30,0,58,One year,Yes,Mailed check,72.77,4214.21,1,39.4,No
CUST_01234,Male,73,1,18,Two year,Yes,Bank transfer,20.85,371.44,2,28.0,No
CUST_01235,Female,63,0,72,Month-to-month,No,Bank transfer,32.2,2323.34,0,35.4,No
CUST_01236,Female,20,0,43,Month-to-month,No,Credit card,78.72,3369.64,1,22.2,No
CUST_01237,Male,27,0,6,Month-to-month,No,Mailed check,49.74,299.99,0,61.0,No
CUST_01238,Female,55,0,67,Month-to-month,Yes,Bank transfer,110.57,7415.89,1,0.0,No
CUST_01239,Male,18,0,12,Month-to-month,No,Electronic check,60.62,727.89,1,35.4,No
CUST_01240,Male,72,1,12,Month-to-month,No,Electronic check,40.8,490.39,1,89.5,No
CUST_01241,Male,73,1,66,Month-to-month,Yes,Mailed check,74.56,4917.88,0,45.7,No
CUST_01242,Female,44,0,2,One year,No,Bank transfer,99.5,199.62,2,34.5,Yes
CUST_01243,Male,63,0,15,One year,Yes,Electronic check,21.94,324.72,0,94.7,No
CUST_01244,Male,25,0,23,Month-to-month,Yes,Credit card,70.55,,1,41.9,No
CUST_01245,Male,68,1,29,Two year,Yes,Electronic check,97.34,2818.52,0,89.8,No
CUST_01246,Female,63,0,7,Two year,Yes,Credit card,30.36,210.72,1,44.4,No
CUST_01247,Female,59,0,28,One year,Yes,Electronic check,110.28,3084.66,1,68.3,No
CUST_01248,Female,34,0,14,Month-to-month,No,Electronic check,46.45,638.51,0,95.9,No
CUST_01249,Female,26,0,44,Month-to-month,Yes,Bank transfer,37.06,1615.6,1,53.0,No
CUST_01250,Female,78,1,30,One year,No,Electronic check,78.93,2368.56,0,43.2,No
CUST_01251,Male,23,0,32,One year,Yes,Electronic check,37.5,1206.14,2,64.3,No
CUST_01252,Female,60,0,70,Month-to-month,No,Credit card,87.97,6173.45,2,30.2,No
CUST_01253,Female,42,0,6,One year,Yes,Credit card,69.01,425.04,0,75.2,No
CUST_01254,Female,56,0,27,Month-to-month,Yes,Electronic check,31.0,845.92,0,37.2,No
CUST_01255,Male,66,1,24,Month-to-month,Yes,Mailed check,111.25,2672.27,2,19.2,No
CUST_01256,Female,77,1,34,One year,No,Electronic check,87.32,2970.09,0,48.0,No
CUST_01257,Female,45,0,40,One year,No,Electronic check,74.6,2976.08,1,41.3,No
CUST_01258,Male,50,0,47,Month-to-month,No,Bank transfer,57.43,2690.38,2,0.9,No
CUST_01259,Female,71,1,24,One year,Yes,Electronic check,33.49,805.57,0,50.3,No
CUST_01260,Male,54,0,65,Two year,Yes,Electronic check,90.75,5890.52,0,28.2,No
CUST_01261,Male,26,0,18,One year,No,Credit card,101.37,1823.67,0,41.0,No
CUST_01262,Male,35,0,44,One year,Yes,Credit card,32.58,1408.63,1,28.2,No
CUST_01263,Male,73,1,57,Month-to-month,No,Credit card,69.46,3963.71,1,63.3,No
CUST_01264,Male,76,1,28,Month-to-month,Yes,Credit card,68.48,1907.22,2,49.8,Yes
CUST_01265,Female,38,0,71,Month-to-month,No,Electronic check,54.99,3890.1,1,20.9,No
CUST_01266,Male,19,0,23,One year,No,Mailed check,98.93,2282.71,0,78.3,No
CUST_01267,Male,78,1,34,One year,Yes,Bank transfer,29.95,1028.03,2,56.3,No
CUST_01268,Female,75,1,11,Month-to-month,No,Bank transfer,40.5,444.68,0,40.2,No
CUST_01269,Male,60,0,35,Month-to-month,Yes,Mailed check,20.16,698.44,1,34.9,No
CUST_01270,Female,76,1,42,Month-to-month,Yes,Mailed check,57.3,2413.72,0,48.8,No
CUST_01271,Female,77,1,28,Month-to-month,Yes,Bank transfer,49.12,,0,24.8,No
CUST_01272,Female,55,0,24,Two year,No,Electronic check,106.7,2559.21,3,76.4,Yes
CUST_01273,Male,75,1,8,One year,No,Bank transfer,94.58,770.13,0,72.8,No
CUST_01274,Male,57,0,53,Month-to-month,No,Mailed check,28.45,1511.46,3,43.5,No
CUST_01275,Male,53,0,72,One year,Yes,Electronic check,94.1,6774.42,1,42.2,No
CUST_01276,Female,67,1,4,One year,Yes,Bank transfer,87.54,347.4,0,32.3,No
CUST_01277,Male,77,1,5,One year,No,Electronic check,48.17,241.3,2,55.4,No
CUST_01278,Male,60,0,49,Month-to-month,Yes,Electronic check,21.55,1058.42,1,55.6,Yes
CUST_01279,Male,54,0,30,Month-to-month,Yes,Mailed check,31.52,934.23,2,64.3,No
CUST_01280,Female,32,0,72,Month-to-month,No,Credit card,44.99,3251.66,1,55.8,No
CUST_01281,Female,45,0,63,Two year,No,Bank transfer,101.66,6400.14,1,32.2,No
CUST_01282,Male,35,0,47,One year,Yes,Mailed check,66.53,3124.93,1,35.5,No
CUST_01283,Male,51,0,26,One year,Yes,Bank transfer,111.84,2915.96,2,53.0,No
CUST_01284,Male,39,0,57,Month-to-month,No,Credit card,98.91,5636.73,1,36.2,No
CUST_01285,Male,28,0,37,Month-to-month,No,Credit card,48.71,1811.11,0,77.6,No
CUST_01286,Female,75,1,7,Month-to-month,Yes,Credit card,104.54,731.28,1,49.7,No
CUST_01287,Female,74,1,40,Two year,Yes,Credit card,31.67,1267.89,3,21.2,No
CUST_01288,Female,30,0,39,Month-to-month,Yes,Bank transfer,23.61,923.01,0,48.2,No
CUST_01289,Female,21,0,62,Month-to-month,No,Electronic check,80.85,5016.68,3,46.1,No
CUST_01290,Male,39,0,53,Two year,Yes,Electronic check,54.17,2876.83,0,77.1,No
CUST_01291,Male,24,0,4,One year,Yes,Credit card,52.94,222.29,2,50.9,Yes
CUST_01292,Male,78,1,25,One year,Yes,Credit card,88.72,2227.95,1,61.9,No
CUST_01293,Female,60,0,7,Month-to-month,Yes,Electronic check,105.01,727.14,2,47.0,Yes
CUST_01294,Male,71,1,28,One year,Yes,Mailed check,52.22,1476.63,3,70.5,No
CUST_01295,Female,41,0,69,Month-to-month,Yes,Credit card,52.5,3605.59,2,76.4,No
CUST_01296,Female,21,0,67,One year,No,Electronic check,73.39,4910.49,2,31.8,No
CUST_01297,Male,45,0,20,Month-to-month,No,Mailed check,85.32,1704.99,2,38.3,Yes
CUST_01298,Male,32,0,11,Month-to-month,No,Electronic check,40.29,431.53,2,45.8,Yes
CUST_01299,Male,18,0,67,One year,Yes,Mailed check,111.27,7457.75,3,68.4,No
CUST_01300,Female,72,1,7,One year,No,Bank transfer,85.44,605.49,2,37.1,No
CUST_01301,Male,20,0,23,One year,Yes,Mailed check,82.52,1890.75,3,5.6,No
CUST_01302,Female,31,0,61,Month-to-month,Yes,Credit card,110.42,6740.23,2,66.2,Yes
CUST_01303,Male,55,0,71,Month-to-month,Yes,Mailed check,110.73,7869.95,2,34.5,No
CUST_01304,Female,67,1,34,One year,Yes,Mailed check,33.56,1121.52,1,43.3,No
CUST_01305,Female,74,1,19,One year,Yes,Credit card,34.51,657.39,1,42.3,No
CUST_01306,Male,18,0,58,Two year,No,Bank transfer,96.19,5583.04,0,8.4,Yes
CUST_01307,Female,55,0,9,One year,No,Mailed check,115.69,1032.02,0,26.5,No
CUST_01308,Female,55,0,48,Month-to-month,No,Bank transfer,86.65,4147.32,1,67.1,No
CUST_01309,Male,38,0,41,Two year,Yes,Electronic check,61.13,2499.52,1,49.3,No
CUST_01310,Female,65,1,48,Month-to-month,No,Electronic check,88.35,4238.8,3,69.1,Yes
CUST_01311,Male,46,0,45,Month-to-month,Yes,Credit card,42.88,1922.15,0,82.3,No
CUST_01312,Female,22,0,25,Month-to-month,No,Bank transfer,119.8,3000.47,2,17.3,Yes
CUST_01313,Male,66,1,25,Month-to-month,No,Credit card,63.11,1581.97,0,43.4,No
CUST_01314,Male,27,0,19,One year,No,Credit card,113.17,2153.96,1,47.8,No
CUST_01315,Female,45,0,39,One year,No,Mailed check,63.08,2472.69,1,80.3,No
CUST_01316,Female,38,0,27,One year,No,Electronic check,112.81,3052.43,2,28.4,Yes
CUST_01317,Female,67,1,63,Month-to-month,No,Credit card,53.57,3377.65,1,56.6,No
CUST_01318,Female,24,0,68,Month-to-month,Yes,Mailed check,96.05,6519.45,0,75.7,No
CUST_01319,Female,20,0,19,Month-to-month,Yes,Mailed check,115.1,2198.48,4,67.8,No
CUST_01320,Male,62,0,28,One year,Yes,Bank transfer,84.6,2381.41,1,60.2,No
CUST_01321,Female,64,0,33,Month-to-month,Yes,Electronic check,87.76,2892.67,1,35.7,No
CUST_01322,Male,37,0,10,Two year,Yes,Bank transfer,30.29,294.79,3,71.8,No
CUST_01323,Male,36,0,30,Month-to-month,No,Bank transfer,67.42,2030.21,2,17.9,No
CUST_01324,Female,52,0,22,Month-to-month,Yes,Credit card,108.68,2372.66,0,60.0,No
CUST_01325,Male,21,0,3,One year,Yes,Bank transfer,44.09,136.26,1,15.4,No
CUST_01326,Male,22,0,48,Two year,Yes,Credit card,98.84,4759.11,2,85.7,No
CUST_01327,Male,18,0,2,Month-to-month,Yes,Bank transfer,87.57,171.33,2,27.0,Yes
CUST_01328,Male,21,0,54,One year,Yes,Mailed check,42.3,2286.55,3,40.8,No
CUST_01329,Female,29,0,6,Two year,Yes,Electronic check,48.28,290.69,1,83.3,No
CUST_01330,Male,77,1,40,Two year,Yes,Electronic check,62.76,2520.68,1,59.0,No
CUST_01331,Female,44,0,2,One year,Yes,Electronic check,32.51,66.09,1,35.5,No
CUST_01332,Female,73,1,2,One year,Yes,Mailed check,111.34,219.25,0,52.4,No
CUST_01333,Male,59,0,55,Month-to-month,No,Mailed check,93.94,5151.27,0,55.8,No
CUST_01334,Female,40,0,72,Two year,Yes,Bank transfer,56.5,4068.68,1,58.5,No
CUST_01335,Female,42,0,60,Month-to-month,Yes,Bank transfer,49.97,2997.29,1,45.8,No
CUST_01336,Female,38,0,6,Two year,No,Bank transfer,88.96,513.4,2,43.6,Yes
CUST_01337,Male,78,1,19,Month-to-month,No,Bank transfer,62.42,1175.95,0,63.8,Yes
CUST_01338,Female,75,1,27,Month-to-month,Yes,Electronic check,42.93,1153.23,1,44.9,No
CUST_01339,Female,69,1,1,One year,Yes,Bank transfer,63.02,63.02,1,28.5,No
CUST_01340,Female,41,0,33,Month-to-month,Yes,Mailed check,107.13,3535.0,0,43.7,Yes
CUST_01341,Male,42,0,40,Month-to-month,No,Mailed check,26.86,1073.33,2,49.6,No
CUST_01342,Female,62,0,32,One year,Yes,Mailed check,56.84,1818.12,2,56.9,No
CUST_01343,Male,72,1,69,One year,No,Credit card,116.23,8042.74,2,53.9,No
CUST_01344,Male,63,0,17,One year,No,Credit card,21.48,360.8,2,23.6,No
CUST_01345,Male,49,0,8,Month-to-month,No,Credit card,109.06,863.82,2,60.0,No
CUST_01346,Male,72,1,57,One year,No,Bank transfer,57.48,3292.22,0,45.8,No
CUST_01347,Male,49,0,42,Month-to-month,No,Electronic check,38.95,1650.62,4,38.8,No
CUST_01348,Male,22,0,9,Month-to-month,Yes,Electronic check,21.5,182.66,1,68.7,No
CUST_01349,Female,53,0,35,One year,Yes,Bank transfer,27.05,958.96,1,35.5,No
CUST_01350,Male,63,0,71,Two year,No,Bank transfer,37.18,2621.62,1,85.7,No
CUST_01351,Female,59,0,53,Month-to-month,No,Credit card,22.54,1223.37,1,83.8,Yes
CUST_01352,Female,66,1,54,One year,No,Mailed check,53.58,2911.42,2,70.2,No
CUST_01353,Male,59,0,25,Month-to-month,No,Mailed check,24.49,617.55,1,36.5,No
CUST_01354,Female,75,1,67,Month-to-month,Yes,Credit card,89.22,5986.43,1,61.5,No
CUST_01355,Female,56,0,62,Month-to-month,No,Credit card,101.89,6321.66,0,55.4,No
CUST_01356,Female,33,0,55,Two year,No,Electronic check,108.75,5974.46,1,35.6,No
CUST_01357,Female,50,0,46,Two year,Yes,Credit card,74.91,3457.95,2,71.4,No
CUST_01358,Male,66,1,24,One year,Yes,Mailed check,114.65,2765.18,0,50.0,No
CUST_01359,Female,38,0,46,One year,Yes,Mailed check,20.56,938.7,0,1.0,No
CUST_01360,Male,78,1,22,One year,Yes,Bank transfer,33.4,734.52,1,79.6,No
CUST_01361,Female,26,0,11,Month-to-month,No,Electronic check,49.32,530.15,0,80.2,No
CUST_01362,Female,23,0,48,Month-to-month,No,Bank transfer,98.9,4746.84,3,48.7,No
CUST_01363,Male,68,1,8,Month-to-month,No,Electronic check,108.54,865.64,2,62.4,No
CUST_01364,Female,62,0,39,One year,No,Bank transfer,81.81,3203.25,2,56.9,No
CUST_01365,Female,52,0,35,Two year,No,Electronic check,58.32,2057.34,1,40.5,No
CUST_01366,Female,56,0,49,Month-to-month,No,Credit card,86.58,4232.01,3,103.4,No
CUST_01367,Male,39,0,46,Month-to-month,No,Mailed check,38.09,1759.83,0,37.7,No
CUST_01368,Female,58,0,38,Month-to-month,No,Credit card,65.79,2508.72,5,51.0,No
CUST_01369,Male,71,1,8,Two year,No,Electronic check,70.75,548.56,0,27.6,No
CUST_01370,Female,22,0,54,Month-to-month,Yes,Electronic check,30.49,1655.95,0,67.1,Yes
CUST_01371,Male,59,0,37,Month-to-month,No,Bank transfer,23.39,850.55,1,63.8,No
CUST_01372,Male,40,0,40,One year,Yes,Electronic check,95.01,3795.31,1,67.2,No
CUST_01373,Female,34,0,34,One year,Yes,Credit card,73.47,2488.99,1,25.6,No
CUST_01374,Female,29,0,17,Month-to-month,Yes,Electronic check,53.22,889.09,1,55.5,No
CUST_01375,Male,40,0,33,Month-to-month,Yes,Electronic check,63.72,2113.89,0,57.9,No
CUST_01376,Male,33,0,47,One year,No,Bank transfer,115.77,5431.78,2,23.7,No
CUST_01377,Female,20,0,52,Month-to-month,Yes,Electronic check,58.49,3037.59,1,57.8,No
CUST_01378,Male,47,0,9,Two year,Yes,Bank transfer,30.35,273.06,3,37.1,No
CUST_01379,Female,74,1,33,One year,No,Mailed check,66.36,2197.32,0,44.0,No
CUST_01380,Female,39,0,60,Month-to-month,Yes,Bank transfer,84.8,5078.6,1,61.6,No
CUST_01381,Female,26,0,21,Month-to-month,No,Electronic check,21.21,450.31,0,54.0,No
CUST_01382,Female,46,0,58,Month-to-month,No,Mailed check,53.23,3085.27,1,35.1,No
CUST_01383,Male,64,0,69,Month-to-month,No,Electronic check,59.35,4085.17,0,27.3,No
CUST_01384,Female,54,0,10,Two year,No,Bank transfer,66.37,673.92,2,46.7,No
CUST_01385,Male,40,0,6,Two year,Yes,Credit card,50.17,321.8,2,54.5,No
CUST_01386,Female,30,0,13,Month-to-month,No,Mailed check,86.69,1129.04,0,50.3,No
CUST_01387,Male,49,0,65,Month-to-month,Yes,Credit card,114.47,7434.52,2,47.5,Yes
CUST_01388,Female,63,0,20,Month-to-month,Yes,Credit card,111.4,2220.64,3,45.4,Yes
CUST_01389,Male,69,1,57,Month-to-month,No,Mailed check,86.44,4935.11,1,78.7,No
CUST_01390,Male,64,0,46,One year,Yes,Credit card,70.69,3251.8,1,53.8,Yes
CUST_01391,Female,65,1,8,Month-to-month,No,Credit card,102.58,810.03,2,54.1,No
CUST_01392,Female,40,0,10,Two year,Yes,Credit card,103.59,1019.01,0,45.6,Yes
CUST_01393,Female,62,0,67,Month-to-month,Yes,Credit card,102.96,6901.95,2,41.5,Yes
CUST_01394,Female,34,0,11,One year,Yes,Mailed check,35.78,380.98,2,87.6,No
CUST_01395,Male,72,1,12,Two year,Yes,Electronic check,22.54,266.49,2,61.3,No
CUST_01396,Female,57,0,10,Month-to-month,No,Credit card,118.32,1199.48,3,65.5,Yes
CUST_01397,Male,38,0,25,Month-to-month,No,Mailed check,115.97,2890.82,0,34.0,No
CUST_01398,Male,19,0,49,Month-to-month,Yes,Mailed check,76.44,3755.99,0,69.8,No
CUST_01399,Female,54,0,49,Month-to-month,Yes,Mailed check,119.31,5835.8,2,29.9,No
CUST_01400,Male,23,0,11,Two year,Yes,Mailed check,97.05,1076.35,2,56.7,No
CUST_01401,Male,61,0,62,Two year,Yes,Bank transfer,71.74,4453.51,2,52.2,No
CUST_01402,Male,35,0,36,Two year,No,Electronic check,58.93,2126.47,1,76.4,No
CUST_01403,Male,47,0,39,Two year,Yes,Electronic check,79.29,3086.08,2,40.1,No
CUST_01404,Female,39,0,53,Month-to-month,Yes,Credit card,71.58,3800.12,0,61.2,No
CUST_01405,Female,71,1,56,Two year,Yes,Mailed check,119.38,6689.04,0,57.9,No
CUST_01406,Female,50,0,1,Two year,No,Bank transfer,69.05,87.93,1,34.6,No
CUST_01407,Female,47,0,56,Month-to-month,Yes,Mailed check,103.59,5795.0,1,60.7,No
CUST_01408,Male,34,0,4,Month-to-month,No,Credit card,101.36,418.31,1,47.0,No
CUST_01409,Male,79,1,30,One year,No,Electronic check,27.14,805.21,2,49.2,No
CUST_01410,Female,60,0,12,Month-to-month,Yes,Credit card,28.7,342.02,3,42.6,Yes
CUST_01411,Female,49,0,35,Month-to-month,Yes,Credit card,85.98,3002.95,2,51.2,No
CUST_01412,Female,59,0,52,Two year,Yes,Credit card,45.91,2382.41,4,50.8,No
CUST_01413,Male,68,1,31,Two year,No,Credit card,85.75,2656.76,1,60.6,No
CUST_01414,Female,31,0,68,Month-to-month,No,Credit card,34.46,2357.87,0,56.4,No
CUST_01415,Female,75,1,52,Month-to-month,Yes,Credit card,59.71,3109.32,2,67.6,No
CUST_01416,Female,27,0,7,Two year,No,Credit card,30.25,224.07,1,66.5,No
CUST_01417,Male,64,0,22,One year,Yes,Electronic check,48.21,1060.75,3,80.0,No
CUST_01418,Male,77,1,56,Month-to-month,Yes,Electronic check,28.83,1627.3,0,63.7,No
CUST_01419,Male,68,1,58,One year,Yes,Mailed check,117.06,6791.63,1,52.9,No
CUST_01420,Male,53,0,64,Two year,Yes,Mailed check,59.51,3800.48,1,72.7,No
CUST_01421,Male,51,0,12,Two year,Yes,Bank transfer,110.12,1331.99,2,52.5,No
CUST_01422,Male,26,0,7,Month-to-month,Yes,Bank transfer,117.12,834.66,2,55.8,No
CUST_01423,Male,59,0,55,Month-to-month,No,Electronic check,110.96,6108.98,3,0.0,Yes
CUST_01424,Male,45,0,62,Two year,No,Electronic check,65.5,4069.06,1,32.0,No
CUST_01425,Female,28,0,55,Month-to-month,No,Bank transfer,97.89,5396.73,1,64.0,Yes
CUST_01426,Female,31,0,36,One year,Yes,Electronic check,35.37,1270.62,0,76.8,No
CUST_01427,Male,56,0,24,Month-to-month,Yes,Bank transfer,29.48,700.42,1,60.8,Yes
CUST_01428,Male,72,1,44,Month-to-month,Yes,Mailed check,107.69,4741.99,2,62.2,No
CUST_01429,Female,64,0,17,Month-to-month,No,Electronic check,23.11,410.17,0,63.5,No
CUST_01430,Male,71,1,2,Month-to-month,Yes,Electronic check,117.23,237.48,0,50.7,No
CUST_01431,Male,36,0,13,Two year,No,Bank transfer,87.21,1140.07,0,31.2,No
CUST_01432,Male,71,1,31,Month-to-month,Yes,Credit card,61.96,1921.55,0,62.8,Yes
CUST_01433,Female,32,0,28,Two year,No,Credit card,34.14,958.8,3,25.2,No
CUST_01434,Female,79,1,60,Two year,Yes,Mailed check,92.32,5534.11,3,59.8,No
CUST_01435,Female,45,0,27,Month-to-month,Yes,Electronic check,76.31,2065.88,3,78.4,No
CUST_01436,Female,41,0,15,One year,No,Electronic check,91.11,1375.47,0,55.8,No
CUST_01437,Female,25,0,33,Month-to-month,No,Bank transfer,61.79,2024.12,0,60.5,No
CUST_01438,Male,60,0,20,One year,No,Credit card,26.63,,3,71.8,No
CUST_01439,Female,78,1,42,One year,Yes,Credit card,51.5,2145.34,1,47.1,No
CUST_01440,Male,26,0,12,Month-to-month,No,Mailed check,51.5,632.78,0,79.9,No
CUST_01441,Male,64,0,23,Month-to-month,No,Credit card,20.87,470.71,2,70.5,No
CUST_01442,Female,50,0,72,One year,Yes,Credit card,20.96,1512.5,3,52.7,No
CUST_01443,Female,79,1,14,Two year,Yes,Credit card,53.08,760.91,0,6.1,No
CUST_01444,Male,50,0,25,Month-to-month,No,Bank transfer,92.76,2322.38,3,48.0,No
CUST_01445,Male,36,0,31,One year,Yes,Credit card,82.4,2559.68,5,47.7,Yes
CUST_01446,Male,20,0,54,Month-to-month,No,Mailed check,43.9,2362.26,3,56.5,No
CUST_01447,Female,27,0,5,Two year,No,Credit card,80.28,404.71,0,79.2,No
CUST_01448,Female,57,0,13,Month-to-month,No,Mailed check,84.74,1091.64,2,70.4,Yes
CUST_01449,Female,64,0,28,One year,Yes,Bank transfer,72.26,2004.16,2,54.5,No
CUST_01450,Female,59,0,43,Month-to-month,No,Bank transfer,72.14,3102.35,0,44.9,No
CUST_01451,Female,18,0,47,One year,No,Mailed check,56.97,2681.02,0,13.4,No
CUST_01452,Male,46,0,71,Two year,Yes,Bank transfer,32.34,2290.82,0,65.4,No
CUST_01453,Female,67,1,38,One year,No,Electronic check,58.55,2217.37,0,57.3,No
CUST_01454,Male,51,0,67,One year,No,Electronic check,54.53,3651.61,1,70.5,No
CUST_01455,Male,68,1,62,One year,No,Electronic check,79.2,4902.96,1,57.6,No
CUST_01456,Male,30,0,39,Two year,Yes,Electronic check,105.63,4126.84,2,38.8,No
CUST_01457,Female,71,1,37,One year,No,Electronic check,57.54,2133.36,0,60.2,No
CUST_01458,Female,18,0,8,Two year,Yes,Bank transfer,90.97,744.07,1,57.0,No
CUST_01459,Female,51,0,52,One year,Yes,Mailed check,101.18,5257.96,1,70.2,No
CUST_01460,Male,46,0,33,One year,No,Bank transfer,41.18,1359.48,1,45.0,Yes
CUST_01461,Male,65,1,42,Month-to-month,No,Credit card,110.17,4628.67,1,38.1,No
CUST_01462,Male,64,0,27,One year,Yes,Electronic check,27.04,726.47,1,53.9,No
CUST_01463,Male,30,0,8,Month-to-month,No,Electronic check,110.17,861.54,0,49.6,No
CUST_01464,Male,65,1,23,Two year,No,Bank transfer,36.36,840.79,1,39.9,No
CUST_01465,Male,66,1,64,One year,Yes,Credit card,53.72,3461.23,1,39.6,No
CUST_01466,Female,70,1,20,Two year,No,Bank transfer,80.52,1620.46,2,75.8,No
CUST_01467,Female,78,1,16,Month-to-month,No,Mailed check,110.57,1788.68,2,49.5,Yes
CUST_01468,Female,46,0,17,Month-to-month,Yes,Electronic check,45.57,783.66,2,73.7,No
CUST_01469,Female,56,0,19,Two year,No,Bank transfer,96.36,1829.27,4,93.7,Yes
CUST_01470,Male,41,0,8,Month-to-month,Yes,Mailed check,91.04,734.36,2,47.0,No
CUST_01471,Male,43,0,38,Month-to-month,Yes,Electronic check,35.97,1377.59,0,37.3,No
CUST_01472,Female,34,0,38,Two year,No,Electronic check,67.95,2565.96,0,31.2,No
CUST_01473,Male,24,0,53,One year,Yes,Electronic check,68.15,3616.43,2,73.2,Yes
CUST_01474,Female,30,0,31,Month-to-month,No,Credit card,50.46,1563.31,1,49.0,Yes
CUST_01475,Female,22,0,44,Two year,No,Bank transfer,97.99,4326.43,0,53.8,No
CUST_01476,Female,43,0,60,Month-to-month,Yes,Electronic check,112.59,6759.33,4,44.7,No
CUST_01477,Male,66,1,17,Two year,Yes,Electronic check,91.66,1533.57,5,49.8,No
CUST_01478,Female,20,0,39,Month-to-month,Yes,Mailed check,117.3,4578.92,1,104.3,No
CUST_01479,Female,24,0,42,One year,Yes,Bank transfer,25.05,1031.35,0,39.2,Yes
CUST_01480,Female,75,1,48,Month-to-month,Yes,Mailed check,23.72,1151.41,0,11.1,No
CUST_01481,Male,66,1,12,One year,Yes,Bank transfer,109.39,1304.95,1,50.5,No
CUST_01482,Male,56,0,18,Month-to-month,No,Electronic check,109.78,1964.73,1,41.1,No
CUST_01483,Female,70,1,6,Two year,No,Credit card,30.71,176.56,0,65.5,No
CUST_01484,Male,18,0,43,Month-to-month,Yes,Mailed check,55.74,2388.08,2,51.7,No
CUST_01485,Male,66,1,35,Month-to-month,No,Credit card,103.54,3622.32,3,74.6,No
CUST_01486,Male,79,1,54,One year,Yes,Credit card,32.85,1765.51,1,11.0,No
CUST_01487,Male,34,0,62,Month-to-month,Yes,Credit card,46.74,2895.05,2,63.1,No
CUST_01488,Male,60,0,69,Month-to-month,No,Bank transfer,88.1,6063.45,2,79.1,Yes
CUST_01489,Male,42,0,16,Month-to-month,No,Bank transfer,118.19,1888.52,2,43.8,Yes
CUST_01490,Male,76,1,8,Month-to-month,Yes,Credit card,99.71,811.94,2,43.5,No
CUST_01491,Male,78,1,31,Month-to-month,Yes,Electronic check,97.73,3025.2,4,42.8,No
CUST_01492,Male,20,0,10,Month-to-month,Yes,Electronic check,54.27,548.9,4,40.8,No
CUST_01493,Male,32,0,56,Month-to-month,No,Credit card,86.13,4810.96,1,73.6,No
CUST_01494,Female,46,0,70,One year,Yes,Mailed check,31.31,2197.41,3,33.1,No
CUST_01495,Female,70,1,20,One year,Yes,Mailed check,119.23,2395.91,1,63.8,Yes
CUST_01496,Male,60,0,5,Month-to-month,No,Bank transfer,68.06,354.54,3,21.1,Yes
CUST_01497,Female,49,0,23,Two year,No,Mailed check,83.88,1931.27,1,26.4,No
CUST_01498,Female,43,0,9,Two year,No,Electronic check,107.62,975.27,1,53.6,No
CUST_01499,Male,77,1,58,Month-to-month,Yes,Credit card,20.1,1152.79,0,29.9,No
CUST_01500,Male,33,0,59,Month-to-month,Yes,Mailed check,117.6,6934.46,2,29.0,No
CUST_01501,Male,42,0,54,Two year,No,Credit card,55.92,3011.46,1,75.1,No
CUST_01502,Female,71,1,46,Month-to-month,Yes,Mailed check,53.96,2485.4,0,60.8,No
CUST_01503,Female,45,0,22,Month-to-month,Yes,Bank transfer,34.51,753.86,2,51.9,No
CUST_01504,Male,26,0,64,Month-to-month,No,Electronic check,105.82,6779.25,0,63.8,No
CUST_01505,Male,73,1,8,One year,No,Bank transfer,107.08,881.36,1,23.0,No
CUST_01506,Male,73,1,20,Month-to-month,Yes,Credit card,22.0,446.19,2,32.0,Yes
CUST_01507,Female,18,0,51,One year,No,Electronic check,25.57,1318.32,1,55.6,No
CUST_01508,Female,46,0,39,One year,No,Electronic check,111.83,4349.69,0,21.6,No
CUST_01509,Female,74,1,37,One year,Yes,Bank transfer,32.29,1193.76,0,22.3,No
CUST_01510,Female,39,0,50,Two year,Yes,Mailed check,82.09,4106.81,2,44.0,No
CUST_01511,Male,33,0,34,Month-to-month,Yes,Bank transfer,81.97,2787.46,1,54.3,No
CUST_01512,Male,58,0,33,One year,Yes,Credit card,106.97,3548.54,0,46.2,No
CUST_01513,Male,68,1,31,Month-to-month,Yes,Mailed check,77.27,2387.79,2,32.4,No
CUST_01514,Male,61,0,54,Month-to-month,Yes,Bank transfer,63.4,3426.89,2,33.4,No
CUST_01515,Female,68,1,44,Month-to-month,No,Bank transfer,117.44,5142.99,1,45.7,No
CUST_01516,Female,71,1,34,Month-to-month,No,Mailed check,42.88,1462.22,4,65.5,No
CUST_01517,Male,58,0,71,Month-to-month,No,Mailed check,46.27,3290.36,3,80.9,No
CUST_01518,Male,24,0,62,Month-to-month,Yes,Mailed check,28.48,1765.05,1,51.9,No
CUST_01519,Female,31,0,23,Month-to-month,Yes,Bank transfer,117.53,2707.18,2,11.9,No
CUST_01520,Male,46,0,46,One year,Yes,Mailed check,90.64,4163.61,3,68.0,No
CUST_01521,Female,36,0,56,Month-to-month,Yes,Mailed check,21.21,1175.53,2,63.7,No
CUST_01522,Male,36,0,7,One year,Yes,Mailed check,90.43,623.13,1,39.3,Yes
CUST_01523,Male,19,0,61,Month-to-month,No,Electronic check,60.41,3676.7,0,46.2,No
CUST_01524,Male,58,0,3,Month-to-month,Yes,Credit card,116.75,337.34,4,79.2,No
CUST_01525,Male,62,0,38,Month-to-month,No,Mailed check,47.74,1800.75,1,82.1,Yes
CUST_01526,Male,32,0,34,Month-to-month,Yes,Credit card,91.03,3086.67,4,34.5,Yes
CUST_01527,Male,20,0,44,One year,No,Mailed check,82.74,3637.15,2,94.7,No
CUST_01528,Male,28,0,30,Month-to-month,No,Mailed check,21.2,637.47,0,59.7,No
CUST_01529,Female,70,1,17,Two year,No,Electronic check,108.52,1832.63,2,100.8,Yes
CUST_01530,Female,63,0,59,Two year,No,Electronic check,33.96,1994.38,3,23.5,No
CUST_01531,Female,47,0,10,Month-to-month,No,Mailed check,86.36,857.45,1,39.8,Yes
CUST_01532,Female,74,1,18,One year,No,Mailed check,97.55,1760.36,4,7.1,Yes
CUST_01533,Female,57,0,45,Month-to-month,No,Mailed check,83.09,3727.22,0,46.4,No
CUST_01534,Male,35,0,59,One year,Yes,Credit card,29.71,1747.8,0,66.9,No
CUST_01535,Male,68,1,62,One year,Yes,Mailed check,117.52,7295.83,3,87.1,No
CUST_01536,Female,65,1,59,Month-to-month,No,Credit card,43.68,2569.28,2,36.0,No
CUST_01537,Male,19,0,49,Month-to-month,Yes,Electronic check,82.79,4044.06,2,57.3,No
CUST_01538,Female,49,0,63,Month-to-month,Yes,Credit card,99.72,6281.35,1,44.2,Yes
CUST_01539,Female,25,0,32,Month-to-month,No,Mailed check,113.92,3637.24,1,64.5,Yes
CUST_01540,Male,39,0,10,One year,Yes,Electronic check,80.4,776.39,2,47.6,Yes
CUST_01541,Male,23,0,11,Month-to-month,No,Bank transfer,45.91,506.95,1,44.8,No
CUST_01542,Male,29,0,70,Month-to-month,Yes,Electronic check,103.66,7265.18,0,15.3,No
CUST_01543,Female,64,0,62,Month-to-month,No,Bank transfer,36.32,2251.74,1,55.9,No
CUST_01544,Male,74,1,47,One year,Yes,Credit card,22.23,1055.16,1,79.5,No
CUST_01545,Female,57,0,34,Month-to-month,No,Electronic check,110.81,3774.15,5,24.9,Yes
CUST_01546,Female,53,0,17,One year,Yes,Electronic check,77.54,1309.61,1,68.5,No
CUST_01547,Female,32,0,54,One year,Yes,Electronic check,26.96,1476.56,1,51.8,No
CUST_01548,Male,45,0,40,One year,Yes,Credit card,77.97,3122.13,4,8.7,Yes
CUST_01549,Male,69,1,19,One year,No,Mailed check,34.5,659.8,4,43.3,No
CUST_01550,Female,74,1,67,Month-to-month,No,Credit card,23.14,1540.35,4,44.7,No
CUST_01551,Male,66,1,53,Month-to-month,Yes,Electronic check,31.65,1662.12,5,58.9,No
CUST_01552,Male,62,0,64,One year,Yes,Mailed check,97.51,6229.85,4,61.2,No
CUST_01553,Male,35,0,47,Two year,No,Electronic check,95.57,4500.81,2,52.8,No
CUST_01554,Female,19,0,6,One year,Yes,Electronic check,80.43,499.7,2,63.9,No
CUST_01555,Female,30,0,16,Month-to-month,Yes,Bank transfer,40.93,657.81,0,32.0,Yes
CUST_01556,Male,62,0,72,Month-to-month,No,Electronic check,93.9,6761.49,1,46.4,No
CUST_01557,Female,71,1,18,Two year,No,Credit card,60.8,1104.15,2,47.1,No
CUST_01558,Male,32,0,52,Month-to-month,Yes,Credit card,71.08,3709.73,1,73.4,No
CUST_01559,Male,37,0,48,Month-to-month,No,Credit card,109.76,5254.15,2,13.2,No
CUST_01560,Male,46,0,43,Month-to-month,Yes,Mailed check,65.79,2845.07,0,62.1,No
CUST_01561,Male,76,1,39,Two year,Yes,Bank transfer,82.64,3219.02,2,80.1,No
CUST_01562,Female,59,0,49,Month-to-month,No,Bank transfer,116.18,5703.42,0,52.5,Yes
CUST_01563,Female,46,0,12,Month-to-month,Yes,Electronic check,65.14,770.99,2,116.4,No
CUST_01564,Female,20,0,10,One year,No,Electronic check,76.07,771.06,2,40.3,No
CUST_01565,Male,36,0,71,Month-to-month,No,Bank transfer,78.44,5555.01,1,47.3,No
CUST_01566,Male,20,0,55,Two year,Yes,Mailed check,44.07,2435.13,0,38.9,No
CUST_01567,Male,71,1,1,One year,No,Credit card,93.69,100.13,1,45.6,No
CUST_01568,Female,31,0,49,Month-to-month,Yes,Electronic check,92.66,4524.8,0,62.5,Yes
CUST_01569,Male,57,0,36,Two year,No,Bank transfer,41.36,1501.56,1,42.7,No
CUST_01570,Female,76,1,21,Two year,Yes,Mailed check,21.33,438.25,2,33.6,No
CUST_01571,Female,72,1,37,Month-to-month,No,Credit card,119.89,4447.51,2,18.2,No
CUST_01572,Female,79,1,24,Month-to-month,Yes,Electronic check,78.16,1877.26,1,46.9,Yes
CUST_01573,Female,21,0,55,Two year,Yes,Credit card,38.1,2083.21,2,49.6,No
CUST_01574,Female,76,1,25,Month-to-month,No,Credit card,48.36,1198.78,1,43.9,Yes
CUST_01575,Female,77,1,7,Two year,Yes,Bank transfer,81.78,611.48,1,94.5,No
CUST_01576,Male,69,1,71,Two year,Yes,Bank transfer,33.76,2420.14,1,63.0,No
CUST_01577,Male,28,0,71,Month-to-month,Yes,Credit card,23.73,1682.59,1,39.3,No
CUST_01578,Female,75,1,24,Two year,Yes,Credit card,99.85,2400.6,0,64.2,No
CUST_01579,Female,48,0,11,Month-to-month,Yes,Electronic check,91.58,1019.46,1,66.4,No
CUST_01580,Male,60,0,12,One year,Yes,Mailed check,50.96,598.6,1,49.9,No
CUST_01581,Female,49,0,35,Month-to-month,No,Mailed check,25.85,911.62,0,41.8,No
CUST_01582,Female,44,0,63,Two year,No,Credit card,68.63,4333.38,3,30.5,No
CUST_01583,Male,47,0,68,One year,No,Bank transfer,47.62,3241.69,2,77.5,No
CUST_01584,Female,60,0,57,One year,No,Mailed check,59.78,3421.25,2,46.8,No
CUST_01585,Female,19,0,13,Two year,Yes,Credit card,47.4,617.69,2,46.2,No
CUST_01586,Female,79,1,23,One year,Yes,Bank transfer,37.53,874.17,1,72.3,No
CUST_01587,Male,66,1,39,Month-to-month,No,Electronic check,58.7,2291.62,1,50.7,No
CUST_01588,Male,26,0,12,Two year,Yes,Mailed check,116.49,1382.54,1,99.2,No
CUST_01589,Male,45,0,34,One year,No,Electronic check,46.62,1594.56,1,39.5,No
CUST_01590,Female,48,0,71,Two year,Yes,Bank transfer,53.6,3818.38,1,42.6,No
CUST_01591,Female,77,1,31,Two year,Yes,Credit card,52.92,1639.14,2,35.9,Yes
CUST_01592,Male,51,0,62,Month-to-month,No,Electronic check,68.03,,1,33.4,No
CUST_01593,Female,78,1,13,Month-to-month,Yes,Credit card,104.35,1365.24,1,58.1,No
CUST_01594,Female,73,1,31,Month-to-month,No,Mailed check,60.21,1869.74,1,64.2,No
CUST_01595,Female,32,0,2,One year,No,Electronic check,100.61,204.2,0,42.4,No
CUST_01596,Female,65,1,15,Month-to-month,No,Mailed check,31.5,474.41,1,50.8,Yes
CUST_01597,Female,42,0,57,One year,Yes,Mailed check,109.49,6251.05,3,54.2,No
CUST_01598,Male,53,0,34,Month-to-month,Yes,Mailed check,38.53,1312.91,1,75.9,No
CUST_01599,Female,25,0,68,Month-to-month,No,Mailed check,23.92,1621.82,1,37.9,No
CUST_01600,Male,26,0,29,Month-to-month,Yes,Mailed check,35.84,1023.08,0,53.6,Yes
CUST_01601,Female,75,1,66,Month-to-month,No,Bank transfer,39.07,2574.33,0,58.6,No
CUST_01602,Male,75,1,16,One year,No,Electronic check,70.85,1142.7,0,58.2,No
CUST_01603,Female,54,0,39,Month-to-month,Yes,Credit card,64.99,,0,51.5,No
CUST_01604,Male,65,1,37,Month-to-month,No,Credit card,91.59,3397.81,1,70.5,No
CUST_01605,Female,62,0,21,Month-to-month,Yes,Bank transfer,25.1,512.85,2,36.1,No
CUST_01606,Male,79,1,44,One year,Yes,Credit card,69.77,3059.79,2,46.6,No
CUST_01607,Female,56,0,19,Two year,Yes,Credit card,53.25,1001.0,3,38.2,No
CUST_01608,Male,49,0,71,Month-to-month,No,Credit card,83.07,5899.37,2,36.8,No
CUST_01609,Female,75,1,8,One year,No,Electronic check,24.37,212.88,2,52.3,No
CUST_01610,Male,69,1,66,Month-to-month,Yes,Credit card,23.49,1573.01,0,69.9,No
CUST_01611,Male,34,0,41,Month-to-month,Yes,Electronic check,62.73,2582.31,2,34.4,Yes
CUST_01612,Female,52,0,70,One year,No,Credit card,101.13,7059.8,3,68.4,No
CUST_01613,Female,54,0,61,Month-to-month,Yes,Credit card,87.11,5306.15,2,43.4,No
CUST_01614,Male,36,0,26,One year,Yes,Electronic check,21.67,533.05,0,30.8,No
CUST_01615,Female,61,0,71,Month-to-month,No,Bank transfer,37.85,2688.8,3,36.8,No
CUST_01616,Male,46,0,70,Two year,No,Credit card,42.67,3003.37,0,69.2,No
CUST_01617,Male,76,1,29,Month-to-month,No,Mailed check,62.31,1815.03,4,29.2,No
CUST_01618,Male,24,0,66,One year,Yes,Mailed check,78.67,5174.67,0,90.1,No
CUST_01619,Female,45,0,19,Two year,No,Bank transfer,41.65,805.16,1,52.8,No
CUST_01620,Male,26,0,68,Month-to-month,No,Mailed check,58.25,3973.14,0,16.0,No
CUST_01621,Male,45,0,58,Month-to-month,No,Electronic check,78.39,4562.3,1,29.3,No
CUST_01622,Female,23,0,70,Month-to-month,No,Credit card,58.34,4095.14,1,66.5,No
CUST_01623,Female,46,0,57,One year,No,Credit card,34.32,1950.8,1,20.8,No
CUST_01624,Female,75,1,37,Month-to-month,No,Credit card,69.17,2540.6,1,63.2,No
CUST_01625,Female,34,0,61,Month-to-month,No,Credit card,52.4,3208.07,0,26.6,No
CUST_01626,Male,33,0,30,One year,Yes,Mailed check,106.42,3200.33,3,57.3,Yes
CUST_01627,Male,40,0,71,Month-to-month,No,Mailed check,97.56,6907.22,2,76.3,Yes
CUST_01628,Male,48,0,25,One year,Yes,Mailed check,39.03,966.04,1,57.6,Yes
CUST_01629,Male,20,0,65,Month-to-month,Yes,Electronic check,35.26,2282.77,2,67.0,Yes
CUST_01630,Female,38,0,6,Month-to-month,No,Mailed check,54.77,335.88,1,64.5,No
CUST_01631,Male,43,0,18,One year,Yes,Mailed check,61.22,1101.76,1,27.2,No
CUST_01632,Male,53,0,10,One year,No,Credit card,113.2,1129.38,0,25.8,No
CUST_01633,Female,59,0,11,Month-to-month,Yes,Mailed check,50.16,547.59,0,14.8,Yes
CUST_01634,Male,54,0,65,Month-to-month,No,Bank transfer,106.76,6928.04,0,56.2,No
CUST_01635,Male,70,1,65,Month-to-month,Yes,Bank transfer,70.53,4594.16,2,48.0,No
CUST_01636,Male,39,0,52,Month-to-month,No,Credit card,108.56,5637.97,3,30.1,Yes
CUST_01637,Male,79,1,67,Month-to-month,No,Mailed check,90.2,6054.71,1,56.7,No
CUST_01638,Male,59,0,31,Month-to-month,Yes,Bank transfer,90.84,2802.08,0,82.1,Yes
CUST_01639,Male,29,0,17,One year,Yes,Bank transfer,71.88,1217.04,3,63.8,No
CUST_01640,Female,59,0,55,One year,No,Electronic check,104.03,5741.32,2,77.4,No
CUST_01641,Female,78,1,36,Month-to-month,Yes,Credit card,45.44,1638.28,2,42.3,No
CUST_01642,Male,30,0,26,Month-to-month,No,Bank transfer,110.74,2874.21,0,53.5,No
CUST_01643,Male,28,0,53,Month-to-month,Yes,Bank transfer,83.68,4428.63,1,56.4,Yes
CUST_01644,Female,71,1,17,One year,No,Credit card,63.87,1077.11,3,66.9,No
CUST_01645,Male,33,0,25,Two year,Yes,Mailed check,118.22,2960.01,3,19.4,No
CUST_01646,Male,25,0,2,One year,No,Credit card,106.2,221.39,1,80.1,No
CUST_01647,Male,57,0,5,One year,Yes,Electronic check,97.2,488.52,1,54.7,Yes
CUST_01648,Female,76,1,4,Two year,No,Electronic check,47.39,188.97,2,76.1,No
CUST_01649,Male,74,1,36,Month-to-month,Yes,Electronic check,117.37,4231.48,1,71.1,No
CUST_01650,Female,57,0,6,Month-to-month,No,Bank transfer,94.3,551.75,0,7.2,No
CUST_01651,Male,62,0,21,One year,Yes,Mailed check,80.52,1694.74,2,56.7,No
CUST_01652,Female,76,1,26,Month-to-month,Yes,Electronic check,112.18,2921.02,1,59.8,Yes
CUST_01653,Female,19,0,55,One year,No,Credit card,36.22,1994.67,1,45.7,Yes
CUST_01654,Male,47,0,39,One year,Yes,Electronic check,33.9,1316.61,0,50.2,No
CUST_01655,Female,47,0,33,One year,Yes,Bank transfer,76.37,2512.5,0,32.4,No
CUST_01656,Male,29,0,14,Month-to-month,No,Electronic check,25.67,346.39,5,46.9,No
CUST_01657,Female,27,0,56,One year,No,Mailed check,86.4,4853.03,3,43.4,No
CUST_01658,Male,61,0,21,One year,No,Electronic check,44.07,925.0,1,39.7,No
CUST_01659,Male,28,0,46,Two year,No,Mailed check,31.9,1463.28,2,42.7,No
CUST_01660,Female,32,0,16,One year,Yes,Mailed check,60.95,969.98,0,2.8,No
CUST_01661,Male,33,0,16,Two year,Yes,Credit card,66.59,1055.95,2,39.6,No
CUST_01662,Male,34,0,29,Month-to-month,Yes,Mailed check,37.05,1069.05,2,31.8,No
CUST_01663,Female,43,0,8,Month-to-month,No,Bank transfer,24.15,205.34,1,33.3,No
CUST_01664,Male,19,0,3,Month-to-month,Yes,Bank transfer,61.41,190.03,1,22.4,No
CUST_01665,Male,67,1,19,Month-to-month,Yes,Mailed check,95.95,1831.38,1,45.4,No
CUST_01666,Female,29,0,66,Two year,No,Mailed check,107.42,7099.31,2,32.3,No
CUST_01667,Female,68,1,22,Two year,Yes,Electronic check,29.75,676.6,0,32.0,Yes
CUST_01668,Male,43,0,46,Month-to-month,Yes,Electronic check,72.47,3333.78,2,52.4,No
CUST_01669,Male,40,0,13,Month-to-month,No,Credit card,46.34,598.14,0,82.5,No
CUST_01670,Female,35,0,33,Month-to-month,Yes,Electronic check,57.46,1900.66,2,52.6,No
CUST_01671,Female,79,1,5,Two year,No,Bank transfer,113.34,573.21,2,71.4,No
CUST_01672,Male,49,0,27,Month-to-month,No,Electronic check,55.21,1490.26,3,48.1,No
CUST_01673,Female,66,1,24,Month-to-month,Yes,Credit card,56.53,1347.89,2,99.5,No
CUST_01674,Male,79,1,67,Month-to-month,Yes,Credit card,40.94,2744.81,3,27.6,No
CUST_01675,Male,55,0,63,Month-to-month,Yes,Mailed check,116.0,7313.56,0,10.1,Yes
CUST_01676,Male,74,1,48,Two year,No,Credit card,65.65,3154.61,2,67.9,No
CUST_01677,Male,64,0,63,Month-to-month,No,Mailed check,77.04,4835.09,2,64.7,No
CUST_01678,Male,20,0,12,Month-to-month,Yes,Bank transfer,65.32,767.9,3,13.8,Yes
CUST_01679,Female,55,0,28,Month-to-month,Yes,Bank transfer,45.29,1275.34,3,47.0,Yes
CUST_01680,Female,20,0,44,Month-to-month,No,Electronic check,101.04,4442.09,1,85.9,No
CUST_01681,Female,47,0,43,One year,Yes,Credit card,22.85,1004.67,1,67.9,No
CUST_01682,Female,78,1,17,Month-to-month,Yes,Bank transfer,89.02,1526.83,4,19.1,No
CUST_01683,Male,18,0,40,Month-to-month,No,Mailed check,79.43,3164.41,2,9.4,Yes
CUST_01684,Male,47,0,49,Two year,Yes,Credit card,34.43,1697.24,1,82.4,No
CUST_01685,Male,62,0,57,Month-to-month,Yes,Credit card,36.59,2101.66,2,33.0,Yes
CUST_01686,Male,49,0,64,One year,Yes,Mailed check,85.92,5494.59,2,69.4,No
CUST_01687,Female,45,0,57,Month-to-month,Yes,Credit card,51.21,2918.33,0,64.2,No
CUST_01688,Male,38,0,70,Month-to-month,No,Credit card,46.57,3254.69,1,49.5,No
CUST_01689,Male,75,1,43,One year,No,Bank transfer,25.92,1103.14,2,35.0,No
CUST_01690,Female,63,0,23,Two year,No,Mailed check,96.65,2238.68,1,79.8,No
CUST_01691,Female,30,0,27,One year,No,Bank transfer,108.27,2897.31,1,5.1,No
CUST_01692,Female,44,0,58,Month-to-month,Yes,Mailed check,101.98,5908.35,1,71.9,No
CUST_01693,Female,53,0,37,Month-to-month,Yes,Electronic check,66.6,2460.1,2,43.5,No
CUST_01694,Male,24,0,6,Month-to-month,Yes,Credit card,73.4,441.95,3,34.8,Yes
CUST_01695,Male,39,0,65,One year,Yes,Credit card,44.23,2862.4,1,47.6,No
CUST_01696,Female,27,0,6,One year,No,Bank transfer,37.29,237.26,2,72.6,No
CUST_01697,Male,56,0,50,Month-to-month,Yes,Credit card,102.3,5096.65,3,25.0,No
CUST_01698,Male,70,1,22,One year,Yes,Credit card,99.83,2178.14,1,56.6,No
CUST_01699,Male,32,0,25,One year,No,Bank transfer,97.74,2443.98,0,62.0,No
CUST_01700,Female,32,0,72,Month-to-month,No,Bank transfer,66.34,4763.32,1,46.0,No
CUST_01701,Male,21,0,51,One year,No,Mailed check,106.45,5431.07,5,27.9,No
CUST_01702,Female,49,0,48,Month-to-month,Yes,Electronic check,112.62,5398.51,1,33.5,Yes
CUST_01703,Male,40,0,70,Month-to-month,No,Bank transfer,52.83,3706.48,0,85.6,No
CUST_01704,Male,72,1,65,Two year,Yes,Mailed check,42.47,2751.24,0,68.9,No
CUST_01705,Male,23,0,60,Month-to-month,Yes,Bank transfer,66.43,4000.02,0,62.0,No
CUST_01706,Female,41,0,46,Month-to-month,No,Mailed check,37.93,1751.2,2,92.6,No
CUST_01707,Male,37,0,36,One year,No,Electronic check,108.4,3894.83,0,34.2,No
CUST_01708,Female,75,1,58,Two year,No,Mailed check,53.8,3126.59,1,49.7,No
CUST_01709,Female,54,0,38,Two year,Yes,Mailed check,77.62,2950.91,2,50.9,No
CUST_01710,Female,37,0,11,One year,Yes,Credit card,79.47,882.05,1,74.7,Yes
CUST_01711,Male,29,0,12,Month-to-month,Yes,Bank transfer,71.5,863.98,1,17.3,Yes
CUST_01712,Male,50,0,42,Two year,No,Mailed check,35.65,1501.0,1,51.7,No
CUST_01713,Male,45,0,39,One year,Yes,Bank transfer,119.1,4645.55,1,50.0,No
CUST_01714,Male,25,0,71,Month-to-month,Yes,Mailed check,37.26,2654.53,1,66.5,No
CUST_01715,Female,18,0,11,Two year,Yes,Credit card,95.15,1058.36,1,41.3,No
CUST_01716,Female,54,0,36,Month-to-month,Yes,Credit card,99.14,3570.27,1,74.3,No
CUST_01717,Female,39,0,52,Month-to-month,No,Electronic check,34.52,1800.91,1,58.1,No
CUST_01718,Male,23,0,31,Two year,Yes,Mailed check,113.32,3522.18,1,34.4,No
CUST_01719,Female,78,1,33,One year,No,Credit card,68.78,2285.67,2,61.5,No
CUST_01720,Male,38,0,13,Month-to-month,No,Bank transfer,82.89,1091.87,1,47.6,No
CUST_01721,Female,49,0,18,Month-to-month,Yes,Mailed check,84.22,1526.23,1,59.8,No
CUST_01722,Male,52,0,41,One year,Yes,Mailed check,70.5,2886.17,0,26.3,No
CUST_01723,Male,32,0,58,Month-to-month,No,Electronic check,34.2,1970.6,1,44.6,No
CUST_01724,Female,22,0,56,Month-to-month,Yes,Bank transfer,95.18,5335.41,0,70.4,No
CUST_01725,Female,77,1,24,One year,No,Electronic check,78.18,1881.8,1,78.1,No
CUST_01726,Female,73,1,31,Two year,Yes,Mailed check,31.87,983.94,2,58.8,Yes
CUST_01727,Female,63,0,55,One year,Yes,Electronic check,90.03,4938.43,1,45.3,No
CUST_01728,Male,67,1,10,One year,No,Mailed check,90.28,919.32,2,39.0,No
CUST_01729,Female,65,1,60,One year,Yes,Mailed check,74.85,4495.17,4,36.0,No
CUST_01730,Female,23,0,2,One year,No,Electronic check,29.05,46.03,2,36.0,No
CUST_01731,Female,42,0,15,Month-to-month,No,Electronic check,55.26,827.7,0,33.1,No
CUST_01732,Male,73,1,3,Two year,Yes,Mailed check,25.09,61.84,1,48.3,No
CUST_01733,Male,63,0,43,Month-to-month,No,Electronic check,67.76,2920.48,3,38.3,No
CUST_01734,Female,76,1,31,Month-to-month,Yes,Electronic check,110.64,3448.49,0,61.1,No
CUST_01735,Male,73,1,70,Month-to-month,Yes,Mailed check,20.23,1413.91,0,57.2,No
CUST_01736,Female,57,0,67,One year,Yes,Bank transfer,46.66,3125.55,1,72.0,No
CUST_01737,Male,46,0,56,Month-to-month,No,Electronic check,99.99,5596.45,0,61.3,No
CUST_01738,Male,24,0,63,Month-to-month,Yes,Electronic check,20.99,1319.88,1,66.8,No
CUST_01739,Male,57,0,15,One year,Yes,Credit card,21.02,307.5,0,33.6,Yes
CUST_01740,Male,30,0,10,Two year,No,Bank transfer,81.08,824.64,2,59.8,No
CUST_01741,Female,55,0,38,One year,No,Electronic check,98.92,3760.91,2,55.0,No
CUST_01742,Female,35,0,47,Month-to-month,No,Mailed check,97.65,4590.21,3,10.5,No
CUST_01743,Female,19,0,57,Month-to-month,No,Credit card,97.96,5581.33,4,48.9,Yes
CUST_01744,Male,25,0,50,One year,Yes,Credit card,56.1,2792.3,1,29.9,No
CUST_01745,Female,28,0,71,Month-to-month,Yes,Credit card,108.27,7696.73,1,19.6,No
CUST_01746,Female,50,0,15,One year,Yes,Electronic check,21.28,333.48,3,43.8,No
CUST_01747,Female,71,1,18,Month-to-month,Yes,Mailed check,51.22,903.33,0,37.3,No
CUST_01748,Male,78,1,2,Two year,No,Credit card,53.72,114.53,1,34.9,Yes
CUST_01749,Male,55,0,43,Month-to-month,No,Bank transfer,36.56,1580.58,2,21.2,Yes
CUST_01750,Male,65,1,26,Month-to-month,Yes,Credit card,53.62,1407.03,1,85.6,Yes
CUST_01751,Female,44,0,71,Two year,No,Credit card,78.59,5591.83,1,25.1,No
CUST_01752,Female,37,0,38,Month-to-month,No,Bank transfer,72.03,2763.42,2,43.3,Yes
CUST_01753,Female,29,0,42,Month-to-month,No,Credit card,51.94,2185.6,1,63.6,No
CUST_01754,Male,60,0,5,Two year,No,Credit card,94.93,484.59,1,69.6,No
CUST_01755,Male,78,1,11,Month-to-month,No,Bank transfer,91.48,1006.39,2,28.0,No
CUST_01756,Female,48,0,65,Month-to-month,Yes,Electronic check,48.07,3116.5,3,45.6,No
CUST_01757,Male,44,0,34,Month-to-month,Yes,Bank transfer,52.32,1786.06,4,61.1,No
CUST_01758,Male,49,0,1,Month-to-month,No,Electronic check,48.75,58.69,1,56.0,Yes
CUST_01759,Male,78,1,2,Month-to-month,No,Electronic check,32.89,69.19,1,57.6,Yes
CUST_01760,Male,27,0,20,One year,Yes,Electronic check,95.28,1888.96,1,26.1,No
CUST_01761,Female,20,0,61,One year,Yes,Bank transfer,24.63,1487.8,0,33.5,No
CUST_01762,Male,62,0,21,Month-to-month,No,Bank transfer,35.06,743.89,1,47.0,No
CUST_01763,Male,44,0,68,Month-to-month,No,Electronic check,30.53,2072.41,0,43.8,No
CUST_01764,Male,52,0,12,Two year,No,Bank transfer,102.53,1233.97,3,53.3,Yes
CUST_01765,Male,48,0,22,Two year,Yes,Electronic check,24.4,541.65,3,28.9,No
CUST_01766,Female,32,0,20,Month-to-month,No,Bank transfer,86.46,1728.11,2,69.5,Yes
CUST_01767,Female,33,0,1,Two year,No,Mailed check,24.45,24.45,3,26.2,Yes
CUST_01768,Male,78,1,30,One year,No,Bank transfer,98.64,2958.03,1,54.6,No
CUST_01769,Male,30,0,24,Month-to-month,No,Bank transfer,111.27,2676.43,2,33.7,Yes
CUST_01770,Male,66,1,14,Month-to-month,No,Bank transfer,68.68,966.38,2,44.7,Yes
CUST_01771,Male,52,0,36,Month-to-month,No,Electronic check,100.45,3608.36,0,20.5,No
CUST_01772,Male,69,1,69,Two year,No,Electronic check,90.64,6254.08,3,46.6,No
CUST_01773,Male,28,0,24,One year,No,Mailed check,99.56,2378.92,5,63.3,No
CUST_01774,Female,76,1,60,One year,Yes,Mailed check,96.68,5805.79,1,75.3,No
CUST_01775,Male,38,0,55,Month-to-month,Yes,Credit card,40.54,2224.87,1,48.0,Yes
CUST_01776,Female,68,1,24,One year,Yes,Mailed check,69.96,1686.14,3,25.6,No
CUST_01777,Female,71,1,24,One year,No,Electronic check,116.04,2782.59,3,66.3,No
CUST_01778,Male,28,0,54,Two year,Yes,Mailed check,54.35,2946.52,2,56.9,No
CUST_01779,Female,47,0,26,Month-to-month,Yes,Mailed check,117.05,3056.6,2,46.6,No
CUST_01780,Female,77,1,66,One year,Yes,Bank transfer,78.32,5173.31,0,39.2,No
CUST_01781,Female,65,1,38,Month-to-month,Yes,Mailed check,66.16,2510.45,2,47.6,No
CUST_01782,Female,70,1,65,One year,Yes,Credit card,85.78,5566.05,1,50.6,No
CUST_01783,Female,52,0,51,One year,No,Bank transfer,101.58,5190.4,1,66.2,No
CUST_01784,Female,39,0,35,Month-to-month,Yes,Electronic check,59.42,2079.07,0,33.0,No
CUST_01785,Male,55,0,43,One year,No,Credit card,23.3,1002.18,0,36.5,No
CUST_01786,Female,48,0,29,Month-to-month,No,Electronic check,90.88,2631.65,2,45.3,No
CUST_01787,Female,31,0,37,Two year,Yes,Credit card,115.62,4263.99,1,22.8,No
CUST_01788,Female,41,0,58,Month-to-month,No,Bank transfer,82.5,4795.67,1,63.8,No
CUST_01789,Male,67,1,54,One year,Yes,Credit card,38.84,2096.59,0,61.8,No
CUST_01790,Female,66,1,39,Two year,No,Credit card,44.82,1729.52,1,56.0,No
CUST_01791,Male,49,0,42,Month-to-month,No,Mailed check,110.98,,2,98.4,No
CUST_01792,Female,53,0,28,One year,Yes,Electronic check,21.36,584.43,0,63.6,No
CUST_01793,Male,49,0,29,Month-to-month,No,Bank transfer,74.87,2177.27,3,76.9,Yes
CUST_01794,Male,72,1,43,Month-to-month,No,Credit card,35.87,1546.84,2,51.2,No
CUST_01795,Female,32,0,3,One year,No,Electronic check,48.28,159.91,3,39.0,Yes
CUST_01796,Female,60,0,10,One year,No,Electronic check,50.7,492.22,2,21.2,No
CUST_01797,Male,75,1,59,Two year,No,Mailed check,41.93,2488.14,1,56.1,No
CUST_01798,Female,52,0,14,Two year,No,Electronic check,99.24,1394.49,1,60.8,No
CUST_01799,Male,20,0,47,One year,No,Bank transfer,53.22,2487.71,1,68.6,No
CUST_01800,Male,33,0,42,One year,No,Mailed check,54.55,2309.31,2,39.9,No
CUST_01801,Male,22,0,32,Two year,Yes,Credit card,65.3,2088.38,2,63.3,No
CUST_01802,Male,38,0,32,Month-to-month,No,Bank transfer,110.23,3515.43,1,24.0,No
CUST_01803,Male,78,1,42,Month-to-month,Yes,Bank transfer,88.82,3740.72,3,51.8,No
CUST_01804,Female,27,0,32,Month-to-month,Yes,Bank transfer,26.17,826.71,1,61.0,Yes
CUST_01805,Male,36,0,26,Two year,No,Mailed check,23.93,633.64,2,62.9,No
CUST_01806,Male,42,0,1,One year,No,Electronic check,76.64,76.64,0,66.4,No
CUST_01807,Female,21,0,56,One year,Yes,Bank transfer,108.71,6084.05,1,60.7,No
CUST_01808,Male,78,1,2,Month-to-month,Yes,Electronic check,52.33,91.63,2,52.2,No
CUST_01809,Female,46,0,30,Two year,Yes,Electronic check,44.78,1332.88,1,74.8,No
CUST_01810,Female,36,0,71,Month-to-month,No,Bank transfer,94.82,6733.76,0,49.0,Yes
CUST_01811,Female,60,0,52,One year,No,Electronic check,80.21,4154.48,4,49.8,No
CUST_01812,Male,19,0,9,Month-to-month,No,Mailed check,76.5,695.42,3,81.6,Yes
CUST_01813,Male,27,0,22,Month-to-month,Yes,Mailed check,34.93,763.21,1,0.0,No
CUST_01814,Male,78,1,34,One year,No,Credit card,37.6,1274.3,2,61.5,No
CUST_01815,Female,60,0,49,Two year,No,Electronic check,48.18,2366.59,1,62.2,No
CUST_01816,Male,42,0,1,Month-to-month,No,Electronic check,40.68,40.68,2,41.6,No
CUST_01817,Female,37,0,53,Month-to-month,No,Credit card,117.14,6220.96,1,50.4,Yes
CUST_01818,Male,65,1,40,Month-to-month,Yes,Mailed check,21.86,853.94,3,49.7,No
CUST_01819,Female,36,0,45,Month-to-month,No,Credit card,82.61,3725.26,2,45.7,No
CUST_01820,Male,40,0,68,Month-to-month,No,Credit card,71.76,4879.91,2,48.7,No
CUST_01821,Male,41,0,9,One year,Yes,Credit card,52.33,464.35,3,57.6,No
CUST_01822,Male,28,0,22,Two year,No,Electronic check,108.76,2402.19,0,38.1,No
CUST_01823,Female,63,0,18,Month-to-month,Yes,Electronic check,87.02,1572.16,0,49.9,No
CUST_01824,Female,51,0,43,One year,Yes,Electronic check,119.84,5155.21,1,23.0,No
CUST_01825,Male,72,1,39,Month-to-month,No,Electronic check,36.87,1435.23,2,37.7,No
CUST_01826,Male,45,0,6,Month-to-month,Yes,Bank transfer,28.79,165.67,1,28.3,No
CUST_01827,Female,22,0,48,Month-to-month,No,Credit card,33.94,1618.32,0,53.1,No
CUST_01828,Female,76,1,7,One year,Yes,Credit card,46.93,342.16,4,29.2,No
CUST_01829,Female,22,0,69,Month-to-month,Yes,Electronic check,61.68,4264.1,2,22.1,Yes
CUST_01830,Male,68,1,16,Month-to-month,No,Mailed check,106.26,1705.85,1,22.2,No
CUST_01831,Female,38,0,1,Month-to-month,Yes,Bank transfer,48.36,48.36,2,29.4,No
CUST_01832,Male,29,0,37,Month-to-month,No,Bank transfer,111.52,4146.74,3,70.6,No
CUST_01833,Female,67,1,37,Month-to-month,No,Mailed check,66.29,2445.81,1,80.7,No
CUST_01834,Male,21,0,64,Two year,No,Electronic check,84.71,5417.47,1,43.2,No
CUST_01835,Female,71,1,62,One year,No,Bank transfer,46.44,2897.46,0,20.1,No
CUST_01836,Female,66,1,72,Two year,Yes,Bank transfer,35.6,2562.78,1,44.0,No
CUST_01837,Female,59,0,61,Month-to-month,No,Credit card,106.95,6541.07,3,77.7,No
CUST_01838,Female,37,0,33,Month-to-month,Yes,Credit card,30.95,1025.16,3,54.6,Yes
CUST_01839,Female,55,0,66,Month-to-month,No,Electronic check,97.4,6423.39,0,20.8,No
CUST_01840,Male,42,0,30,Month-to-month,Yes,Electronic check,78.1,2340.99,3,86.5,No
CUST_01841,Female,31,0,20,One year,Yes,Credit card,106.11,2115.11,2,42.8,Yes
CUST_01842,Female,28,0,60,Month-to-month,Yes,Credit card,91.78,5513.84,3,39.3,No
CUST_01843,Female,49,0,24,Month-to-month,Yes,Credit card,48.17,1168.22,1,73.4,No
CUST_01844,Male,28,0,4,One year,No,Mailed check,77.44,314.44,1,55.5,No
CUST_01845,Female,78,1,37,Month-to-month,No,Bank transfer,21.31,791.21,2,75.8,No
CUST_01846,Male,35,0,4,Two year,Yes,Electronic check,67.52,259.69,2,47.3,Yes
CUST_01847,Female,44,0,18,Month-to-month,Yes,Electronic check,28.6,525.76,1,48.5,No
CUST_01848,Female,72,1,66,One year,No,Mailed check,62.89,4159.44,4,40.5,No
CUST_01849,Male,71,1,48,Month-to-month,Yes,Credit card,30.96,1488.92,1,53.1,No
CUST_01850,Female,35,0,33,Two year,Yes,Bank transfer,115.55,3810.07,2,49.2,No
CUST_01851,Male,73,1,58,Month-to-month,No,Credit card,72.31,4194.23,2,35.9,No
CUST_01852,Male,40,0,28,One year,Yes,Electronic check,111.32,3107.91,3,16.2,No
CUST_01853,Female,28,0,35,Month-to-month,Yes,Mailed check,22.24,763.54,2,59.5,No
CUST_01854,Male,38,0,10,One year,No,Bank transfer,83.77,834.65,0,56.5,No
CUST_01855,Female,61,0,65,Month-to-month,Yes,Bank transfer,50.7,3286.6,3,44.7,No
CUST_01856,Female,22,0,42,Month-to-month,No,Bank transfer,63.18,2648.61,1,68.9,No
CUST_01857,Male,40,0,9,Two year,No,Bank transfer,107.31,960.9,2,53.0,No
CUST_01858,Male,58,0,60,Two year,No,Mailed check,118.0,7079.35,3,58.7,No
CUST_01859,Male,76,1,15,Month-to-month,No,Electronic check,44.65,668.3,3,49.9,Yes
CUST_01860,Male,42,0,57,Two year,Yes,Bank transfer,114.83,6514.51,4,18.3,No
CUST_01861,Female,58,0,69,Month-to-month,No,Bank transfer,88.87,6135.69,1,76.1,No
CUST_01862,Female,71,1,22,Two year,No,Electronic check,115.14,2534.43,2,57.6,No
CUST_01863,Male,27,0,64,One year,Yes,Credit card,76.24,4888.76,4,23.5,No
CUST_01864,Female,39,0,41,Month-to-month,No,Bank transfer,116.08,4756.96,4,40.9,Yes
CUST_01865,Female,36,0,71,Two year,Yes,Bank transfer,109.25,7767.28,2,61.5,No
CUST_01866,Female,18,0,56,Two year,No,Credit card,32.86,,0,80.2,No
CUST_01867,Female,24,0,23,Month-to-month,No,Electronic check,51.08,1178.22,1,55.7,No
CUST_01868,Male,21,0,25,One year,No,Electronic check,44.31,1098.49,1,64.8,Yes
CUST_01869,Male,18,0,6,Month-to-month,No,Bank transfer,77.21,474.62,1,83.0,No
CUST_01870,Female,32,0,34,Two year,Yes,Electronic check,100.28,3422.52,3,82.0,No
CUST_01871,Male,57,0,63,One year,Yes,Credit card,95.94,6063.13,2,55.3,No
CUST_01872,Male,29,0,9,Month-to-month,Yes,Mailed check,92.67,828.65,2,63.2,No
CUST_01873,Male,39,0,60,One year,No,Credit card,57.53,3456.89,2,30.4,No
CUST_01874,Female,39,0,49,One year,No,Credit card,33.96,1649.82,2,49.0,No
CUST_01875,Female,67,1,51,One year,No,Mailed check,41.06,2075.1,0,58.1,No
CUST_01876,Female,64,0,60,Month-to-month,Yes,Credit card,94.17,5655.7,0,41.6,No
CUST_01877,Male,34,0,70,Month-to-month,No,Bank transfer,34.75,2431.61,2,23.5,Yes
CUST_01878,Female,46,0,37,One year,Yes,Bank transfer,42.29,1552.05,1,49.2,No
CUST_01879,Female,63,0,31,Month-to-month,Yes,Electronic check,62.46,1937.9,1,14.6,Yes
CUST_01880,Male,31,0,41,Month-to-month,Yes,Electronic check,27.21,1125.0,1,80.2,No
CUST_01881,Female,67,1,62,One year,No,Credit card,41.27,,2,48.9,No
CUST_01882,Female,37,0,58,Month-to-month,No,Bank transfer,34.98,2040.94,1,71.2,No
CUST_01883,Male,67,1,14,One year,No,Bank transfer,115.13,1605.24,1,32.4,No
CUST_01884,Male,65,1,36,One year,No,Mailed check,39.15,1420.32,0,39.9,No
CUST_01885,Male,50,0,36,One year,Yes,Electronic check,106.18,3818.53,1,61.8,Yes
CUST_01886,Female,72,1,8,Month-to-month,Yes,Bank transfer,31.48,264.14,2,79.9,No
CUST_01887,Female,76,1,26,Month-to-month,No,Credit card,106.97,2768.44,0,53.7,No
CUST_01888,Female,60,0,36,Month-to-month,No,Bank transfer,79.94,2880.27,1,33.5,Yes
CUST_01889,Male,32,0,48,Two year,No,Electronic check,104.97,5040.87,0,67.5,No
CUST_01890,Male,29,0,28,Month-to-month,Yes,Credit card,106.73,,0,28.6,No
CUST_01891,Female,57,0,68,Two year,No,Electronic check,79.64,5411.83,0,76.0,No
CUST_01892,Female,71,1,62,One year,Yes,Bank transfer,111.77,6934.02,3,71.2,No
CUST_01893,Male,37,0,51,Two year,Yes,Bank transfer,78.54,4003.8,2,34.8,No
CUST_01894,Male,47,0,42,Month-to-month,Yes,Bank transfer,91.26,3827.51,4,47.5,Yes
CUST_01895,Male,55,0,29,Month-to-month,Yes,Electronic check,61.61,,2,39.8,Yes
CUST_01896,Male,20,0,10,Two year,Yes,Credit card,111.41,1114.85,3,57.6,Yes
CUST_01897,Female,45,0,39,Month-to-month,Yes,Bank transfer,102.42,3979.1,1,59.4,Yes
CUST_01898,Male,73,1,1,Month-to-month,Yes,Bank transfer,36.67,36.67,2,15.7,No
CUST_01899,Female,43,0,39,Month-to-month,No,Bank transfer,77.64,3042.43,2,60.4,Yes
CUST_01900,Female,47,0,21,Two year,No,Mailed check,109.68,2294.25,0,48.0,No
CUST_01901,Female,30,0,65,One year,No,Mailed check,99.31,6460.33,2,25.6,No
CUST_01902,Male,30,0,15,One year,Yes,Credit card,116.26,1736.88,2,62.2,No
CUST_01903,Male,19,0,4,One year,Yes,Electronic check,43.13,158.14,1,81.7,No
CUST_01904,Male,54,0,60,Month-to-month,No,Bank transfer,56.75,3409.56,2,52.2,No
CUST_01905,Male,66,1,61,One year,Yes,Bank transfer,70.72,4310.58,2,77.9,No
CUST_01906,Female,55,0,20,Month-to-month,Yes,Electronic check,43.27,881.22,1,66.4,No
CUST_01907,Male,19,0,10,Two year,Yes,Electronic check,59.4,605.3,2,66.6,No
CUST_01908,Male,53,0,34,Month-to-month,Yes,Credit card,73.75,2520.29,1,59.3,No
CUST_01909,Female,71,1,48,Month-to-month,Yes,Electronic check,39.13,1889.09,0,45.6,No
CUST_01910,Male,43,0,33,One year,Yes,Bank transfer,45.67,1513.96,3,35.2,No
CUST_01911,Female,28,0,61,Month-to-month,Yes,Credit card,32.48,1967.88,2,111.5,No
CUST_01912,Female,25,0,10,One year,Yes,Mailed check,91.34,911.04,1,53.5,No
CUST_01913,Female,61,0,54,Month-to-month,Yes,Credit card,56.16,3039.09,1,53.1,No
CUST_01914,Female,57,0,65,Month-to-month,Yes,Credit card,42.03,2728.83,2,71.7,No
CUST_01915,Female,60,0,1,Month-to-month,Yes,Credit card,70.73,70.73,0,12.1,No
CUST_01916,Female,39,0,5,One year,Yes,Electronic check,26.82,141.37,3,61.5,No
CUST_01917,Female,37,0,15,Month-to-month,No,Bank transfer,112.34,1695.67,1,77.0,Yes
CUST_01918,Female,25,0,28,One year,Yes,Electronic check,49.45,1375.28,1,76.4,No
CUST_01919,Male,46,0,23,Month-to-month,Yes,Bank transfer,108.65,2505.57,1,61.5,Yes
CUST_01920,Male,57,0,17,Month-to-month,No,Electronic check,69.76,1191.6,1,29.9,Yes
CUST_01921,Male,43,0,13,Month-to-month,No,Credit card,105.02,1355.31,1,68.0,Yes
CUST_01922,Male,47,0,14,Two year,No,Bank transfer,44.71,621.83,1,27.8,No
CUST_01923,Female,34,0,11,One year,Yes,Electronic check,37.53,414.29,1,80.1,No
CUST_01924,Male,37,0,28,Month-to-month,Yes,Credit card,104.94,2952.25,0,65.6,No
CUST_01925,Female,69,1,42,One year,No,Mailed check,41.29,1730.13,1,42.4,No
CUST_01926,Male,72,1,61,Two year,No,Electronic check,94.62,5775.97,1,71.6,No
CUST_01927,Male,33,0,64,Month-to-month,No,Electronic check,54.46,3497.02,1,46.9,No
CUST_01928,Male,63,0,31,Two year,Yes,Mailed check,94.82,2957.95,4,52.0,No
CUST_01929,Female,79,1,10,Month-to-month,Yes,Electronic check,110.76,1109.91,2,64.4,No
CUST_01930,Male,60,0,8,Two year,No,Mailed check,118.16,924.11,3,49.0,Yes
CUST_01931,Female,24,0,21,One year,Yes,Bank transfer,55.98,1184.83,3,45.6,No
CUST_01932,Female,33,0,59,Month-to-month,Yes,Mailed check,56.75,3350.51,2,37.5,No
CUST_01933,Male,62,0,50,Month-to-month,No,Credit card,118.14,5898.49,0,68.9,Yes
CUST_01934,Male,76,1,69,Two year,No,Mailed check,106.15,7331.65,0,50.9,No
CUST_01935,Male,64,0,70,One year,No,Bank transfer,24.51,1734.3,2,71.0,No
CUST_01936,Female,73,1,30,One year,Yes,Mailed check,77.34,2322.44,0,38.6,No
CUST_01937,Male,65,1,17,Month-to-month,Yes,Mailed check,38.12,631.9,1,30.5,No
CUST_01938,Female,44,0,20,Month-to-month,Yes,Bank transfer,119.4,2402.47,1,72.0,No
CUST_01939,Female,70,1,48,Month-to-month,Yes,Electronic check,33.89,1627.06,1,28.6,No
CUST_01940,Male,40,0,2,Month-to-month,Yes,Electronic check,75.93,159.0,0,39.0,No
CUST_01941,Male,41,0,37,One year,No,Credit card,86.52,3201.85,1,61.8,No
CUST_01942,Female,26,0,1,Two year,Yes,Credit card,113.71,118.27,2,86.1,No
CUST_01943,Female,52,0,4,One year,Yes,Mailed check,104.73,425.56,1,57.4,No
CUST_01944,Female,68,1,54,Month-to-month,No,Electronic check,44.58,2415.15,2,28.8,No
CUST_01945,Male,37,0,25,One year,No,Electronic check,77.26,1933.03,3,31.9,Yes
CUST_01946,Female,54,0,3,Two year,No,Mailed check,115.36,338.47,2,49.9,No
CUST_01947,Male,59,0,9,One year,No,Bank transfer,93.57,844.08,4,62.8,Yes
CUST_01948,Female,34,0,34,One year,Yes,Electronic check,88.83,3028.23,1,31.1,No
CUST_01949,Female,64,0,43,Two year,Yes,Credit card,95.49,4098.54,2,32.1,Yes
CUST_01950,Male,48,0,22,One year,No,Mailed check,52.25,1138.45,1,48.8,No
CUST_01951,Female,72,1,70,Month-to-month,Yes,Bank transfer,92.93,6518.1,1,64.2,No
CUST_01952,Male,74,1,2,Month-to-month,No,Credit card,43.29,103.49,2,24.2,No
CUST_01953,Male,25,0,66,Two year,Yes,Electronic check,62.81,4145.86,0,2.7,No
CUST_01954,Female,32,0,32,Month-to-month,Yes,Bank transfer,108.99,3493.78,1,48.1,Yes
CUST_01955,Male,48,0,16,Month-to-month,Yes,Credit card,21.9,354.11,4,104.4,Yes
CUST_01956,Male,70,1,1,Month-to-month,No,Mailed check,61.43,61.43,1,40.7,No
CUST_01957,Female,47,0,72,One year,No,Bank transfer,46.68,3363.18,5,73.6,No
CUST_01958,Male,63,0,48,Two year,Yes,Bank transfer,39.86,1927.89,0,29.5,Yes
CUST_01959,Male,37,0,50,Month-to-month,Yes,Mailed check,103.86,5181.13,2,52.5,No
CUST_01960,Male,77,1,13,One year,No,Electronic check,89.65,1152.79,3,71.8,No
CUST_01961,Female,56,0,15,Two year,No,Electronic check,31.26,461.65,0,47.4,No
CUST_01962,Male,70,1,53,Month-to-month,Yes,Bank transfer,69.45,3675.91,2,26.1,No
CUST_01963,Female,72,1,44,Month-to-month,Yes,Bank transfer,66.69,2941.06,2,51.2,No
CUST_01964,Female,29,0,8,Two year,No,Bank transfer,34.25,287.23,0,66.4,No
CUST_01965,Male,66,1,46,Month-to-month,Yes,Credit card,99.98,4611.88,3,89.5,No
CUST_01966,Male,34,0,69,One year,No,Bank transfer,56.67,3916.59,1,23.3,No
CUST_01967,Male,59,0,19,One year,No,Electronic check,96.19,1811.77,1,56.9,No
CUST_01968,Female,47,0,38,Month-to-month,Yes,Mailed check,39.21,1473.89,3,33.1,No
CUST_01969,Male,46,0,11,Two year,Yes,Mailed check,51.51,573.92,2,53.2,No
CUST_01970,Male,36,0,43,Month-to-month,Yes,Mailed check,29.52,1253.37,0,32.8,No
CUST_01971,Male,63,0,20,Month-to-month,No,Bank transfer,34.35,692.51,2,36.6,Yes
CUST_01972,Male,28,0,20,Month-to-month,No,Bank transfer,108.32,2169.14,1,82.4,No
CUST_01973,Male,51,0,21,Month-to-month,No,Mailed check,30.91,644.5,0,51.3,No
CUST_01974,Female,67,1,57,Two year,Yes,Credit card,29.57,1660.2,1,24.2,No
CUST_01975,Female,24,0,50,One year,Yes,Credit card,114.04,5703.9,1,46.7,No
CUST_01976,Male,61,0,26,Two year,No,Credit card,84.59,2204.47,0,63.2,No
CUST_01977,Male,75,1,30,Month-to-month,No,Credit card,30.09,897.19,0,54.2,No
CUST_01978,Male,51,0,31,One year,Yes,Electronic check,117.17,3621.4,2,59.3,No
CUST_01979,Male,76,1,42,One year,No,Mailed check,34.71,1460.75,0,88.1,No
CUST_01980,Female,37,0,68,Two year,Yes,Electronic check,96.63,6556.63,1,69.5,No
CUST_01981,Male,67,1,61,One year,Yes,Bank transfer,23.49,1438.76,2,77.9,Yes
CUST_01982,Female,55,0,61,Month-to-month,No,Credit card,82.45,5040.26,0,57.7,Yes
CUST_01983,Female,41,0,70,Month-to-month,No,Credit card,74.67,5207.33,2,67.5,No
CUST_01984,Male,27,0,68,Month-to-month,No,Mailed check,40.8,2769.14,0,36.2,No
CUST_01985,Female,49,0,17,One year,No,Credit card,84.31,,1,64.9,No
CUST_01986,Female,69,1,19,Two year,No,Mailed check,81.71,1552.21,0,81.2,No
CUST_01987,Female,32,0,51,Month-to-month,Yes,Bank transfer,99.84,5082.8,0,54.4,No
CUST_01988,Female,54,0,70,Month-to-month,No,Credit card,107.59,7517.76,0,41.7,No
CUST_01989,Male,37,0,63,Month-to-month,Yes,Credit card,71.01,4469.06,1,76.7,No
CUST_01990,Male,20,0,30,One year,No,Electronic check,69.03,2077.33,2,34.2,No
CUST_01991,Female,54,0,25,Month-to-month,No,Mailed check,82.16,2059.69,4,95.8,No
CUST_01992,Male,79,1,71,Month-to-month,No,Mailed check,92.92,6603.2,2,56.7,No
CUST_01993,Male,74,1,26,Month-to-month,No,Credit card,55.62,1458.55,1,18.1,No
CUST_01994,Male,57,0,56,One year,No,Electronic check,70.46,3935.52,0,59.0,No
CUST_01995,Male,25,0,22,One year,No,Credit card,78.51,1723.45,0,78.3,Yes
CUST_01996,Male,57,0,19,One year,Yes,Mailed check,118.84,2256.07,0,72.5,No
CUST_01997,Female,61,0,31,Month-to-month,No,Mailed check,78.77,2413.08,1,50.7,No
CUST_01998,Male,73,1,26,Month-to-month,No,Credit card,42.42,1105.13,3,53.0,No
CUST_01999,Male,40,0,42,Month-to-month,No,Bank transfer,78.8,3309.26,2,72.5,No
CUST_02000,Male,57,0,41,Month-to-month,No,Credit card,101.95,4168.58,1,11.1,No
CUST_02001,Male,28,0,23,Month-to-month,Yes,Electronic check,105.74,2440.74,1,38.9,No
CUST_02002,Female,63,0,47,Month-to-month,Yes,Mailed check,100.03,4709.26,3,35.9,No
CUST_02003,Female,25,0,13,One year,Yes,Mailed check,108.82,1418.67,3,66.9,No
CUST_02004,Female,46,0,66,Month-to-month,Yes,Credit card,53.48,3512.37,0,32.5,No
CUST_02005,Female,47,0,66,Month-to-month,Yes,Bank transfer,70.76,4660.24,1,35.9,No
CUST_02006,Male,73,1,16,Two year,Yes,Mailed check,97.96,1570.39,3,41.0,No
CUST_02007,Female,77,1,28,One year,No,Credit card,46.44,1295.09,2,33.5,No
CUST_02008,Male,27,0,35,One year,No,Bank transfer,57.16,1998.23,3,71.4,No
CUST_02009,Male,56,0,41,Two year,Yes,Credit card,103.12,4216.73,0,40.7,No
CUST_02010,Male,45,0,31,Month-to-month,No,Credit card,97.01,3009.18,4,61.0,No
CUST_02011,Male,66,1,32,One year,No,Credit card,117.12,3762.89,2,39.6,No
CUST_02012,Male,53,0,54,One year,No,Mailed check,119.6,6461.5,1,49.8,No
CUST_02013,Female,78,1,72,Month-to-month,No,Bank transfer,44.07,3183.07,4,46.3,Yes
CUST_02014,Female,30,0,59,Month-to-month,No,Electronic check,110.04,6501.43,1,12.5,No
CUST_02015,Female,49,0,41,Month-to-month,Yes,Electronic check,29.45,1203.93,1,26.4,No
CUST_02016,Female,53,0,66,Month-to-month,Yes,Mailed check,90.98,6002.83,0,25.2,No
CUST_02017,Male,54,0,54,Month-to-month,Yes,Mailed check,42.01,2283.24,1,71.8,No
CUST_02018,Female,43,0,40,Month-to-month,Yes,Credit card,50.03,2008.57,0,75.8,No
CUST_02019,Male,39,0,28,Month-to-month,Yes,Credit card,114.63,3219.31,1,40.1,Yes
CUST_02020,Female,21,0,37,Month-to-month,Yes,Bank transfer,46.32,1715.33,0,59.0,No
CUST_02021,Male,48,0,65,Month-to-month,No,Credit card,87.32,5671.74,1,36.1,No
CUST_02022,Male,35,0,55,Month-to-month,Yes,Bank transfer,37.81,2077.0,1,55.7,No
CUST_02023,Female,55,0,4,Month-to-month,No,Credit card,29.34,131.13,1,42.9,Yes
CUST_02024,Male,41,0,10,One year,No,Credit card,53.93,539.31,0,39.7,No
CUST_02025,Male,73,1,47,Month-to-month,Yes,Electronic check,82.42,3886.2,2,62.0,No
CUST_02026,Female,40,0,14,Two year,Yes,Mailed check,44.79,641.17,2,56.4,No
CUST_02027,Male,39,0,38,Two year,Yes,Bank transfer,50.02,1909.85,1,35.0,No
CUST_02028,Female,19,0,12,One year,No,Electronic check,90.87,1098.51,2,84.3,No
CUST_02029,Female,48,0,45,One year,Yes,Credit card,30.28,1379.55,0,86.9,No
CUST_02030,Female,72,1,17,Month-to-month,Yes,Electronic check,64.69,1091.28,4,52.4,No
CUST_02031,Male,28,0,35,Month-to-month,Yes,Bank transfer,114.17,3991.95,1,62.1,No
CUST_02032,Male,45,0,66,Two year,No,Mailed check,59.7,3927.42,2,96.6,No
CUST_02033,Male,63,0,41,Month-to-month,Yes,Electronic check,63.42,2585.25,2,62.1,No
CUST_02034,Female,49,0,67,Two year,Yes,Bank transfer,93.82,6285.53,2,22.9,No
CUST_02035,Male,79,1,29,One year,No,Credit card,97.9,2841.82,2,50.9,No
CUST_02036,Female,22,0,18,Month-to-month,No,Electronic check,96.96,1750.35,1,43.1,No
CUST_02037,Female,55,0,20,Month-to-month,No,Mailed check,119.79,2388.76,0,41.1,No
CUST_02038,Male,27,0,14,One year,Yes,Bank transfer,27.15,375.9,0,58.9,No
CUST_02039,Female,57,0,34,Month-to-month,Yes,Mailed check,118.23,4028.13,1,40.4,No
CUST_02040,Male,63,0,49,Month-to-month,No,Credit card,115.02,5621.32,2,66.7,Yes
CUST_02041,Male,41,0,54,One year,Yes,Mailed check,105.21,5681.68,0,37.5,No
CUST_02042,Male,52,0,31,One year,No,Credit card,65.41,2040.85,1,28.0,No
CUST_02043,Male,61,0,58,Month-to-month,No,Credit card,107.09,6208.58,1,75.4,No
CUST_02044,Male,65,1,42,Month-to-month,No,Electronic check,42.08,1763.28,0,44.6,No
CUST_02045,Female,77,1,58,Two year,No,Credit card,99.17,5764.03,1,65.9,No
CUST_02046,Female,79,1,30,One year,No,Mailed check,38.52,1141.58,0,31.2,No
CUST_02047,Female,40,0,25,One year,Yes,Electronic check,101.54,2530.36,1,46.3,No
CUST_02048,Male,34,0,63,Two year,Yes,Credit card,81.45,5123.88,6,63.0,No
CUST_02049,Male,18,0,19,Month-to-month,Yes,Bank transfer,29.8,573.2,1,34.5,No
CUST_02050,Male,72,1,72,Month-to-month,Yes,Bank transfer,109.53,7870.26,2,59.2,No
CUST_02051,Female,48,0,8,Two year,No,Credit card,77.8,634.7,0,73.9,No
CUST_02052,Male,48,0,3,One year,Yes,Electronic check,85.62,256.61,4,57.1,No
CUST_02053,Female,59,0,67,Month-to-month,No,Electronic check,48.35,3249.98,0,39.2,No
CUST_02054,Female,74,1,17,Month-to-month,No,Electronic check,107.16,1834.19,2,37.6,No
CUST_02055,Male,72,1,14,One year,Yes,Mailed check,74.52,1035.43,0,34.8,No
CUST_02056,Male,59,0,9,Month-to-month,Yes,Bank transfer,62.11,559.19,0,32.4,No
CUST_02057,Female,70,1,62,Two year,No,Credit card,73.43,4550.27,1,66.6,No
CUST_02058,Male,73,1,21,Month-to-month,Yes,Credit card,90.33,1896.3,3,31.4,No
CUST_02059,Female,51,0,37,Month-to-month,Yes,Bank transfer,89.5,3305.98,2,44.1,No
CUST_02060,Male,26,0,11,Month-to-month,Yes,Mailed check,55.76,624.48,1,53.5,No
CUST_02061,Male,39,0,20,One year,Yes,Electronic check,58.53,1168.66,1,42.6,No
CUST_02062,Female,30,0,35,Two year,No,Bank transfer,76.22,2664.49,0,36.3,No
CUST_02063,Male,42,0,53,One year,No,Credit card,112.44,5970.59,0,73.9,No
CUST_02064,Female,65,1,47,Two year,Yes,Mailed check,94.54,4451.88,0,37.7,No
CUST_02065,Male,35,0,52,Month-to-month,No,Credit card,59.04,3073.03,1,53.6,No
CUST_02066,Female,68,1,8,Month-to-month,No,Electronic check,53.7,425.7,0,39.6,Yes
CUST_02067,Female,29,0,4,Two year,Yes,Bank transfer,72.36,304.1,2,38.5,No
CUST_02068,Male,57,0,27,Two year,Yes,Electronic check,107.0,2878.41,1,23.4,No
CUST_02069,Female,34,0,44,Two year,No,Mailed check,20.87,928.91,2,50.3,No
CUST_02070,Male,32,0,40,One year,No,Bank transfer,91.05,3648.21,5,24.1,Yes
CUST_02071,Male,59,0,47,Month-to-month,No,Electronic check,49.45,2311.54,4,55.8,No
CUST_02072,Male,32,0,44,Month-to-month,Yes,Electronic check,40.84,1797.69,2,44.1,No
CUST_02073,Female,32,0,48,Two year,No,Electronic check,21.21,1005.05,1,30.9,No
CUST_02074,Female,72,1,52,Month-to-month,No,Mailed check,109.66,5698.79,2,27.3,No
CUST_02075,Male,56,0,68,Month-to-month,Yes,Electronic check,111.22,7566.09,2,4.0,No
CUST_02076,Male,30,0,11,One year,No,Credit card,26.14,277.42,0,63.1,No
CUST_02077,Female,34,0,4,Month-to-month,Yes,Bank transfer,72.18,265.25,2,48.9,No
CUST_02078,Male,49,0,48,Two year,Yes,Bank transfer,35.26,1691.08,2,53.1,No
CUST_02079,Male,26,0,26,Month-to-month,No,Electronic check,95.87,2494.73,3,59.9,Yes
CUST_02080,Female,57,0,39,One year,Yes,Mailed check,86.54,3371.26,1,81.6,Yes
CUST_02081,Male,37,0,58,One year,Yes,Credit card,49.71,2883.2,1,30.8,No
CUST_02082,Female,43,0,19,One year,No,Credit card,31.7,600.43,0,37.6,No
CUST_02083,Male,44,0,58,Month-to-month,Yes,Bank transfer,103.12,5970.9,1,60.5,No
CUST_02084,Female,38,0,28,Month-to-month,No,Bank transfer,87.43,2467.38,3,64.7,No
CUST_02085,Male,35,0,66,Month-to-month,Yes,Credit card,20.68,1368.18,2,51.2,No
CUST_02086,Male,30,0,10,Month-to-month,Yes,Bank transfer,82.79,823.61,1,9.4,No
CUST_02087,Female,33,0,58,One year,No,Electronic check,101.03,5851.47,2,5.5,No
CUST_02088,Male,26,0,14,Month-to-month,No,Credit card,79.08,1103.1,1,48.4,No
CUST_02089,Female,29,0,15,Month-to-month,No,Bank transfer,62.47,,1,71.7,No
CUST_02090,Male,61,0,33,Month-to-month,Yes,Electronic check,78.39,2587.31,1,78.7,No
CUST_02091,Female,55,0,17,One year,No,Electronic check,81.97,1404.97,1,15.8,Yes
CUST_02092,Female,36,0,24,Month-to-month,Yes,Credit card,84.0,2008.04,2,59.3,Yes
CUST_02093,Female,77,1,30,Two year,No,Electronic check,116.7,3502.91,3,58.9,No
CUST_02094,Female,24,0,62,One year,Yes,Credit card,37.86,2355.61,4,39.4,No
CUST_02095,Male,74,1,13,One year,No,Electronic check,82.31,1063.28,2,52.8,No
CUST_02096,Male,52,0,62,Two year,Yes,Credit card,38.8,2398.76,1,45.1,No
CUST_02097,Female,65,1,47,Month-to-month,No,Credit card,41.0,1911.71,2,27.1,No
CUST_02098,Female,35,0,16,Two year,Yes,Credit card,86.93,1407.62,0,37.5,No
CUST_02099,Female,33,0,66,One year,Yes,Credit card,111.6,7370.38,2,90.3,No
CUST_02100,Male,72,1,43,Two year,Yes,Electronic check,35.9,1538.19,3,55.8,No
CUST_02101,Male,56,0,8,Two year,Yes,Credit card,116.25,923.84,1,25.8,No
CUST_02102,Male,21,0,3,Month-to-month,No,Bank transfer,51.94,145.5,2,27.5,No
CUST_02103,Male,76,1,12,Month-to-month,Yes,Electronic check,59.13,711.15,2,81.1,No
CUST_02104,Female,42,0,16,One year,No,Credit card,35.37,562.47,3,40.2,No
CUST_02105,Female,49,0,59,One year,Yes,Electronic check,81.58,4804.26,0,42.5,No
CUST_02106,Female,79,1,49,Month-to-month,No,Electronic check,79.64,3894.74,2,65.9,Yes
CUST_02107,Male,57,0,63,Month-to-month,Yes,Electronic check,64.23,4053.56,1,43.2,No
CUST_02108,Male,30,0,62,Month-to-month,Yes,Electronic check,67.61,4187.95,2,39.4,No
CUST_02109,Male,62,0,49,One year,No,Credit card,82.3,4020.3,1,54.4,No
CUST_02110,Female,34,0,51,Two year,No,Electronic check,78.35,3996.48,1,35.8,No
CUST_02111,Female,66,1,33,One year,Yes,Bank transfer,57.43,1888.21,2,40.6,No
CUST_02112,Male,54,0,30,Month-to-month,No,Electronic check,108.41,3258.8,0,81.9,No
CUST_02113,Female,23,0,59,Month-to-month,No,Electronic check,86.77,5134.27,2,33.5,No
CUST_02114,Male,36,0,15,Month-to-month,No,Bank transfer,40.54,588.74,1,45.0,No
CUST_02115,Male,30,0,23,Month-to-month,Yes,Credit card,51.99,1188.71,1,92.7,No
CUST_02116,Female,74,1,45,Two year,No,Bank transfer,98.79,4446.84,0,0.0,No
CUST_02117,Male,77,1,62,Month-to-month,Yes,Mailed check,30.45,1887.29,0,88.0,No
CUST_02118,Female,43,0,71,One year,No,Bank transfer,95.02,6759.17,1,60.5,No
CUST_02119,Male,31,0,15,Two year,No,Credit card,55.88,838.07,2,59.3,No
CUST_02120,Female,48,0,46,Two year,Yes,Bank transfer,75.17,3459.82,1,59.0,No
CUST_02121,Female,71,1,64,Month-to-month,No,Electronic check,48.06,3079.88,1,41.4,No
CUST_02122,Female,21,0,46,Month-to-month,No,Credit card,118.65,5450.89,2,29.9,No
CUST_02123,Male,77,1,56,Month-to-month,No,Mailed check,110.58,6197.86,1,49.5,No
CUST_02124,Male,56,0,44,One year,No,Credit card,112.84,4969.24,0,47.7,No
CUST_02125,Female,25,0,29,Two year,No,Electronic check,38.48,1116.88,1,54.5,No
CUST_02126,Female,42,0,62,Month-to-month,No,Mailed check,104.17,6439.3,1,43.9,No
CUST_02127,Male,30,0,52,Month-to-month,No,Credit card,73.54,3816.45,2,66.8,No
CUST_02128,Male,49,0,54,Two year,Yes,Credit card,90.79,4904.3,2,66.3,No
CUST_02129,Male,76,1,57,One year,Yes,Electronic check,41.75,2378.82,0,21.0,No
CUST_02130,Female,55,0,66,Two year,Yes,Bank transfer,91.2,6026.59,1,16.1,No
CUST_02131,Male,55,0,22,Month-to-month,Yes,Bank transfer,111.43,2458.96,3,34.4,No
CUST_02132,Male,73,1,20,Month-to-month,Yes,Mailed check,46.75,938.41,2,23.4,No
CUST_02133,Female,45,0,33,Month-to-month,No,Electronic check,43.34,1437.66,2,71.3,Yes
CUST_02134,Male,70,1,72,Month-to-month,Yes,Electronic check,30.44,2196.79,1,37.1,No
CUST_02135,Male,47,0,25,One year,Yes,Bank transfer,46.68,1161.75,0,60.4,No
CUST_02136,Male,20,0,46,Month-to-month,No,Bank transfer,73.58,3384.59,0,47.3,No
CUST_02137,Female,45,0,57,Month-to-month,Yes,Mailed check,103.27,5875.49,4,68.2,No
CUST_02138,Female,20,0,5,Two year,No,Bank transfer,47.88,254.33,2,41.3,No
CUST_02139,Female,62,0,55,Month-to-month,No,Mailed check,82.11,4503.75,1,18.6,No
CUST_02140,Female,71,1,61,One year,Yes,Credit card,67.96,4124.66,1,36.1,No
CUST_02141,Female,51,0,8,Month-to-month,Yes,Mailed check,48.86,412.07,1,0.0,No
CUST_02142,Female,33,0,16,Two year,No,Mailed check,71.04,1135.65,1,19.8,No
CUST_02143,Female,39,0,48,Month-to-month,No,Mailed check,36.8,1775.17,1,56.8,No
CUST_02144,Male,49,0,61,One year,Yes,Credit card,83.96,5128.75,1,53.9,No
CUST_02145,Male,78,1,15,Month-to-month,No,Bank transfer,31.57,483.95,1,38.6,No
CUST_02146,Female,55,0,65,Month-to-month,Yes,Mailed check,93.1,6057.28,0,46.6,No
CUST_02147,Male,25,0,22,One year,Yes,Bank transfer,37.77,836.94,1,18.1,No
CUST_02148,Male,72,1,3,Month-to-month,Yes,Mailed check,119.82,336.05,3,63.5,No
CUST_02149,Female,25,0,54,Month-to-month,Yes,Bank transfer,102.37,5518.2,0,45.9,No
CUST_02150,Male,79,1,14,Two year,No,Mailed check,54.38,735.1,1,60.5,No
CUST_02151,Male,74,1,36,Two year,No,Bank transfer,62.62,2246.14,1,59.4,No
CUST_02152,Male,23,0,67,Month-to-month,Yes,Electronic check,45.92,3071.25,3,55.7,Yes
CUST_02153,Male,31,0,10,Month-to-month,Yes,Credit card,96.71,965.95,1,31.0,No
CUST_02154,Male,49,0,49,Month-to-month,No,Mailed check,58.07,2836.08,0,55.6,No
CUST_02155,Female,52,0,65,Month-to-month,No,Credit card,95.52,6205.18,0,58.8,No
CUST_02156,Female,27,0,57,Two year,No,Mailed check,21.84,1239.71,0,36.5,No
CUST_02157,Female,20,0,27,One year,No,Electronic check,33.56,909.63,3,56.4,No
CUST_02158,Male,76,1,5,Month-to-month,No,Electronic check,56.5,290.08,0,21.0,Yes
CUST_02159,Female,29,0,71,Two year,Yes,Credit card,30.89,2195.39,1,61.0,No
CUST_02160,Male,66,1,57,One year,Yes,Mailed check,80.11,4572.73,1,56.1,No
CUST_02161,Male,76,1,15,One year,Yes,Bank transfer,25.08,378.16,0,79.8,No
CUST_02162,Male,48,0,30,Month-to-month,Yes,Mailed check,105.98,3191.16,3,88.5,No
CUST_02163,Male,46,0,20,Month-to-month,No,Bank transfer,96.13,1941.26,1,44.9,No
CUST_02164,Female,22,0,37,One year,No,Credit card,41.63,1515.69,4,60.2,No
CUST_02165,Female,79,1,3,Month-to-month,Yes,Credit card,68.38,216.47,4,56.9,No
CUST_02166,Male,69,1,41,Month-to-month,Yes,Electronic check,65.18,2659.54,0,44.5,No
CUST_02167,Female,42,0,39,Month-to-month,No,Bank transfer,92.49,3608.83,3,14.5,Yes
CUST_02168,Male,58,0,26,Month-to-month,Yes,Mailed check,60.15,1566.54,0,27.3,Yes
CUST_02169,Female,48,0,2,One year,Yes,Electronic check,23.29,52.67,1,39.3,No
CUST_02170,Female,79,1,23,One year,No,Credit card,47.37,1089.08,1,55.4,No
CUST_02171,Male,38,0,23,Month-to-month,No,Electronic check,66.62,1532.2,2,77.6,Yes
CUST_02172,Female,75,1,16,Month-to-month,No,Mailed check,117.45,1882.62,4,48.0,Yes
CUST_02173,Male,37,0,9,One year,Yes,Mailed check,108.12,969.58,1,70.8,No
CUST_02174,Female,56,0,13,Month-to-month,No,Credit card,38.14,476.83,1,79.0,No
CUST_02175,Male,39,0,28,One year,No,Electronic check,92.33,2585.16,2,38.5,No
CUST_02176,Male,21,0,27,One year,Yes,Bank transfer,113.68,3061.94,1,21.9,No
CUST_02177,Female,30,0,51,Month-to-month,No,Bank transfer,20.88,1056.5,0,50.7,No
CUST_02178,Female,62,0,64,One year,Yes,Bank transfer,92.09,5884.74,1,23.2,No
CUST_02179,Male,59,0,52,One year,Yes,Mailed check,65.93,3408.82,2,86.3,No
CUST_02180,Female,67,1,38,Month-to-month,Yes,Electronic check,88.02,3340.9,0,73.3,No
CUST_02181,Female,66,1,65,Month-to-month,Yes,Bank transfer,80.56,5236.34,3,78.2,No
CUST_02182,Male,37,0,18,Two year,No,Electronic check,118.47,2140.08,1,15.4,No
CUST_02183,Male,69,1,63,Month-to-month,Yes,Credit card,48.88,3073.63,1,42.7,No
CUST_02184,Female,30,0,51,Two year,No,Bank transfer,98.61,5045.1,1,51.1,No
CUST_02185,Male,34,0,9,One year,No,Electronic check,43.46,397.01,0,58.0,No
CUST_02186,Male,71,1,13,Month-to-month,No,Mailed check,63.56,815.08,3,42.8,No
CUST_02187,Male,53,0,40,Month-to-month,No,Credit card,117.54,4696.64,5,0.0,No
CUST_02188,Female,50,0,55,Month-to-month,No,Credit card,96.61,5333.97,0,59.2,No
CUST_02189,Female,18,0,43,Month-to-month,Yes,Credit card,51.58,2225.63,3,85.3,No
CUST_02190,Male,32,0,44,One year,No,Credit card,81.94,3599.96,0,90.2,No
CUST_02191,Female,30,0,68,Two year,Yes,Mailed check,24.97,1706.83,2,44.7,No
CUST_02192,Male,34,0,33,Two year,Yes,Mailed check,46.64,1526.49,1,51.6,No
CUST_02193,Female,41,0,24,Month-to-month,Yes,Bank transfer,91.84,2198.61,3,29.9,Yes
CUST_02194,Male,75,1,36,Two year,No,Mailed check,77.01,2749.04,2,51.6,No
CUST_02195,Male,25,0,10,Two year,No,Mailed check,66.97,675.71,3,41.4,No
CUST_02196,Female,67,1,20,Two year,No,Credit card,89.09,1770.1,3,39.6,No
CUST_02197,Male,44,0,12,Month-to-month,No,Mailed check,59.85,717.34,2,20.1,No
CUST_02198,Female,62,0,62,One year,Yes,Credit card,22.62,1386.7,1,80.8,No
CUST_02199,Female,40,0,18,One year,No,Electronic check,64.1,1155.85,1,45.1,No
CUST_02200,Male,63,0,63,Month-to-month,No,Electronic check,110.21,6942.67,0,40.4,No
CUST_02201,Male,25,0,25,Two year,Yes,Electronic check,105.66,2626.8,2,54.5,No
CUST_02202,Female,25,0,12,Month-to-month,Yes,Electronic check,60.9,726.02,0,38.4,No
CUST_02203,Male,76,1,21,Month-to-month,Yes,Electronic check,22.22,468.0,2,8.1,Yes
CUST_02204,Male,43,0,25,Two year,Yes,Electronic check,83.63,2095.22,1,76.1,No
CUST_02205,Male,64,0,11,Month-to-month,Yes,Electronic check,94.12,1051.15,1,50.7,Yes
CUST_02206,Male,76,1,64,Two year,Yes,Credit card,49.42,3175.34,2,65.7,No
CUST_02207,Male,30,0,50,One year,Yes,Credit card,67.67,3376.37,2,53.9,No
CUST_02208,Female,56,0,62,Month-to-month,No,Credit card,119.19,7382.44,1,69.0,No
CUST_02209,Female,54,0,49,Month-to-month,No,Credit card,77.63,3789.77,1,64.0,No
CUST_02210,Male,66,1,14,One year,Yes,Mailed check,55.11,761.41,2,5.6,No
CUST_02211,Male,45,0,1,One year,Yes,Mailed check,82.75,91.35,3,59.0,No
CUST_02212,Male,42,0,25,Two year,No,Bank transfer,38.0,934.16,0,32.1,No
CUST_02213,Female,78,1,59,Two year,Yes,Mailed check,39.93,2354.04,0,32.0,No
CUST_02214,Male,33,0,72,Month-to-month,Yes,Credit card,112.49,8096.44,3,16.2,No
CUST_02215,Female,72,1,69,Month-to-month,Yes,Credit card,43.92,3022.9,3,86.2,No
CUST_02216,Female,19,0,5,Two year,Yes,Electronic check,51.08,242.37,0,47.3,No
CUST_02217,Female,71,1,19,One year,Yes,Electronic check,74.38,1394.23,1,41.7,No
CUST_02218,Male,35,0,23,Month-to-month,No,Bank transfer,109.97,2516.36,3,34.7,Yes
CUST_02219,Female,34,0,9,Two year,Yes,Mailed check,98.14,882.47,1,96.9,Yes
CUST_02220,Male,47,0,50,Two year,Yes,Credit card,24.38,1224.9,2,70.3,No
CUST_02221,Female,56,0,16,One year,Yes,Mailed check,89.3,1444.97,2,2.0,No
CUST_02222,Male,30,0,33,Month-to-month,No,Bank transfer,70.41,2326.75,0,77.3,No
CUST_02223,Female,49,0,2,One year,No,Electronic check,67.56,141.04,0,31.6,No
CUST_02224,Male,67,1,14,One year,Yes,Credit card,89.16,1264.26,2,63.1,No
CUST_02225,Female,46,0,1,Two year,Yes,Electronic check,39.62,43.01,2,41.1,No
CUST_02226,Male,63,0,58,Two year,Yes,Credit card,118.15,6862.47,1,15.3,No
CUST_02227,Male,47,0,16,One year,Yes,Electronic check,84.53,1348.69,2,39.7,No
CUST_02228,Male,35,0,47,One year,No,Electronic check,56.57,2665.8,1,54.8,No
CUST_02229,Male,30,0,44,Two year,No,Bank transfer,80.02,3522.99,0,55.1,No
CUST_02230,Female,60,0,14,Month-to-month,Yes,Mailed check,41.65,580.64,0,43.0,No
CUST_02231,Female,38,0,24,Month-to-month,Yes,Electronic check,83.38,2016.69,1,51.1,No
CUST_02232,Male,47,0,55,Two year,No,Credit card,22.82,1243.16,1,52.6,No
CUST_02233,Female,38,0,15,Month-to-month,No,Mailed check,54.12,803.17,1,68.3,No
CUST_02234,Male,65,1,72,Month-to-month,Yes,Mailed check,94.75,6833.9,1,76.2,No
CUST_02235,Male,72,1,34,Month-to-month,Yes,Electronic check,100.8,3436.84,1,50.0,No
CUST_02236,Female,34,0,2,Month-to-month,Yes,Electronic check,45.29,90.71,2,23.5,Yes
CUST_02237,Male,57,0,27,Month-to-month,No,Electronic check,73.94,1999.8,1,62.8,No
CUST_02238,Male,36,0,72,Month-to-month,No,Mailed check,72.85,5250.32,0,63.7,No
CUST_02239,Female,69,1,23,Two year,No,Bank transfer,62.15,1433.0,1,67.8,No
CUST_02240,Male,32,0,68,One year,No,Electronic check,42.84,2915.76,1,30.8,No
CUST_02241,Male,26,0,14,One year,Yes,Mailed check,90.32,1256.11,0,66.1,No
CUST_02242,Male,69,1,63,Month-to-month,No,Mailed check,45.24,2862.26,0,56.3,No
CUST_02243,Male,27,0,65,One year,No,Credit card,111.1,7219.63,2,61.6,Yes
CUST_02244,Female,61,0,68,One year,No,Electronic check,72.85,4943.9,1,34.7,No
CUST_02245,Female,48,0,63,One year,Yes,Bank transfer,107.05,6745.35,2,12.5,No
CUST_02246,Female,70,1,64,Month-to-month,No,Credit card,49.07,3144.19,0,22.7,No
CUST_02247,Male,40,0,32,Month-to-month,No,Electronic check,100.71,3226.61,2,67.7,No
CUST_02248,Male,69,1,13,Two year,No,Credit card,31.37,417.49,0,84.2,Yes
CUST_02249,Female,47,0,66,One year,Yes,Electronic check,96.68,6377.28,3,65.6,No
CUST_02250,Male,50,0,19,One year,No,Credit card,58.69,1114.55,1,25.5,No
CUST_02251,Male,74,1,24,One year,Yes,Bank transfer,67.0,1599.54,1,49.1,No
CUST_02252,Male,69,1,11,Month-to-month,Yes,Credit card,36.68,405.83,2,55.8,No
CUST_02253,Male,26,0,59,One year,No,Credit card,21.86,1281.32,1,50.9,No
CUST_02254,Female,71,1,15,Month-to-month,Yes,Credit card,86.62,1293.4,2,53.2,Yes
CUST_02255,Female,64,0,10,One year,No,Electronic check,78.77,797.55,1,28.7,No
CUST_02256,Female,18,0,41,Two year,Yes,Electronic check,82.24,3373.32,2,20.2,No
CUST_02257,Male,61,0,27,One year,Yes,Bank transfer,45.5,1242.75,2,30.4,Yes
CUST_02258,Female,52,0,60,Month-to-month,No,Credit card,43.93,2647.43,1,25.1,No
CUST_02259,Female,28,0,52,Month-to-month,No,Mailed check,103.03,5359.7,0,52.3,Yes
CUST_02260,Male,51,0,28,One year,Yes,Credit card,96.13,2695.04,1,54.6,No
CUST_02261,Male,33,0,65,Two year,Yes,Mailed check,53.68,3486.75,1,22.5,No
CUST_02262,Female,26,0,17,One year,Yes,Mailed check,83.78,1434.71,0,48.3,No
CUST_02263,Female,49,0,44,One year,Yes,Credit card,102.82,4527.49,2,86.9,No
CUST_02264,Female,32,0,10,Month-to-month,No,Mailed check,108.88,1097.93,2,52.8,No
CUST_02265,Female,29,0,63,One year,Yes,Mailed check,20.58,1290.11,4,41.4,No
CUST_02266,Male,50,0,47,One year,Yes,Credit card,101.35,4749.66,2,67.4,No
CUST_02267,Female,62,0,38,Two year,No,Electronic check,55.04,2096.51,3,97.5,No
CUST_02268,Female,31,0,70,Month-to-month,Yes,Credit card,91.84,6435.68,1,54.2,No
CUST_02269,Male,74,1,53,One year,No,Bank transfer,57.14,3029.18,1,38.1,No
CUST_02270,Female,74,1,44,Month-to-month,No,Mailed check,80.62,3553.28,1,52.3,Yes
CUST_02271,Male,25,0,54,One year,No,Bank transfer,84.68,4564.11,0,77.7,No
CUST_02272,Male,25,0,20,Two year,Yes,Mailed check,60.5,1219.38,1,48.5,No
CUST_02273,Male,44,0,31,Month-to-month,No,Electronic check,71.28,2221.35,4,50.7,Yes
CUST_02274,Female,79,1,7,Month-to-month,No,Mailed check,92.63,658.63,1,78.4,Yes
CUST_02275,Female,29,0,58,One year,No,Credit card,67.63,3923.81,3,52.3,No
CUST_02276,Male,18,0,10,One year,Yes,Mailed check,21.4,225.85,1,84.4,No
CUST_02277,Female,60,0,10,Month-to-month,Yes,Bank transfer,21.29,201.48,2,22.1,Yes
CUST_02278,Female,57,0,39,Month-to-month,Yes,Credit card,86.13,3364.85,2,59.2,No
CUST_02279,Male,59,0,28,One year,Yes,Bank transfer,104.72,2939.43,0,89.5,No
CUST_02280,Male,79,1,30,Two year,No,Electronic check,98.53,2960.83,1,99.2,No
CUST_02281,Female,68,1,37,Month-to-month,No,Bank transfer,51.04,1879.08,0,41.8,No
CUST_02282,Male,28,0,67,Two year,No,Bank transfer,67.11,4498.85,0,44.7,No
CUST_02283,Female,56,0,43,Month-to-month,Yes,Bank transfer,43.42,1864.33,2,88.9,No
CUST_02284,Female,60,0,52,Month-to-month,No,Credit card,118.91,6164.01,1,43.1,Yes
CUST_02285,Female,48,0,56,Month-to-month,Yes,Electronic check,46.05,2567.06,1,39.7,Yes
CUST_02286,Female,34,0,68,Two year,Yes,Electronic check,61.63,4202.19,1,40.1,No
CUST_02287,Male,50,0,9,Month-to-month,Yes,Electronic check,88.11,789.04,4,32.3,No
CUST_02288,Male,49,0,23,One year,No,Bank transfer,107.6,2485.4,0,28.7,No
CUST_02289,Male,75,1,63,Month-to-month,No,Credit card,25.15,1595.73,2,46.2,No
CUST_02290,Male,46,0,61,Two year,Yes,Credit card,50.1,3061.68,1,17.4,No
CUST_02291,Female,38,0,40,Two year,No,Credit card,76.9,3069.8,1,38.0,No
CUST_02292,Female,38,0,44,One year,Yes,Bank transfer,81.83,3610.02,1,81.5,No
CUST_02293,Male,57,0,24,Two year,No,Electronic check,27.0,650.2,0,67.8,No
CUST_02294,Female,40,0,51,One year,Yes,Bank transfer,86.41,4407.25,3,38.8,No
CUST_02295,Female,73,1,58,Two year,Yes,Credit card,72.81,4213.66,0,55.3,No
CUST_02296,Female,23,0,33,Month-to-month,Yes,Bank transfer,102.76,3386.16,2,48.2,Yes
CUST_02297,Male,39,0,16,Month-to-month,No,Mailed check,42.22,666.53,2,35.0,No
CUST_02298,Male,67,1,22,One year,No,Electronic check,39.5,878.65,2,4.0,No
CUST_02299,Male,55,0,57,Month-to-month,No,Electronic check,99.33,5677.37,2,32.2,No
CUST_02300,Female,54,0,62,Month-to-month,No,Credit card,90.39,5613.23,2,44.0,No
CUST_02301,Male,62,0,71,One year,No,Bank transfer,99.17,7042.87,3,100.1,No
CUST_02302,Male,68,1,72,Month-to-month,Yes,Credit card,98.19,7066.86,3,62.6,No
CUST_02303,Male,71,1,70,One year,No,Bank transfer,30.4,2132.77,1,48.1,No
CUST_02304,Male,25,0,30,Month-to-month,Yes,Mailed check,47.86,1431.58,0,60.2,No
CUST_02305,Male,58,0,23,Two year,No,Electronic check,46.01,1057.88,5,55.1,Yes
CUST_02306,Male,66,1,32,Two year,No,Electronic check,113.46,3622.46,2,36.1,No
CUST_02307,Female,52,0,57,Two year,No,Bank transfer,68.75,3925.07,0,48.9,No
CUST_02308,Female,68,1,9,Month-to-month,Yes,Electronic check,31.11,286.96,0,43.0,No
CUST_02309,Male,28,0,31,One year,No,Bank transfer,48.96,1526.78,0,19.8,No
CUST_02310,Male,41,0,71,Two year,Yes,Credit card,107.19,7616.08,3,38.9,No
CUST_02311,Female,66,1,9,Two year,No,Mailed check,104.71,947.24,1,48.1,No
CUST_02312,Female,38,0,13,One year,Yes,Bank transfer,110.03,1420.0,1,59.0,No
CUST_02313,Male,68,1,58,Month-to-month,Yes,Mailed check,58.85,3402.61,2,50.7,Yes
CUST_02314,Male,19,0,3,One year,Yes,Credit card,84.13,255.71,2,69.4,No
CUST_02315,Male,57,0,35,One year,Yes,Credit card,47.82,1684.62,2,46.1,No
CUST_02316,Male,36,0,21,Month-to-month,No,Credit card,38.08,797.06,1,76.0,No
CUST_02317,Female,56,0,64,One year,No,Bank transfer,22.19,1420.22,1,54.1,No
CUST_02318,Male,45,0,52,Two year,Yes,Mailed check,42.34,2202.05,2,59.5,Yes
CUST_02319,Male,76,1,34,One year,No,Mailed check,80.44,2716.44,3,55.8,No
CUST_02320,Male,34,0,35,Month-to-month,Yes,Electronic check,110.42,3867.14,5,40.6,No
CUST_02321,Male,23,0,15,One year,No,Bank transfer,33.34,494.63,0,63.2,No
CUST_02322,Female,36,0,6,Two year,No,Electronic check,111.8,676.92,2,38.4,Yes
CUST_02323,Female,73,1,32,One year,No,Electronic check,54.54,1744.92,1,31.1,No
CUST_02324,Female,55,0,52,One year,Yes,Bank transfer,62.68,3257.72,2,55.5,No
CUST_02325,Male,45,0,28,One year,No,Electronic check,56.5,1580.37,2,48.8,No
CUST_02326,Male,19,0,64,One year,Yes,Electronic check,60.86,3891.82,2,34.6,No
CUST_02327,Female,55,0,19,One year,No,Electronic check,45.92,858.85,5,52.1,No
CUST_02328,Male,72,1,15,Month-to-month,Yes,Credit card,89.86,1357.44,3,63.9,Yes
CUST_02329,Male,54,0,6,Month-to-month,No,Bank transfer,95.82,568.57,1,46.2,No
CUST_02330,Female,68,1,38,Month-to-month,Yes,Credit card,102.31,3883.15,2,82.0,No
CUST_02331,Female,69,1,26,Month-to-month,Yes,Electronic check,54.13,1408.14,2,73.2,No
CUST_02332,Female,21,0,51,Month-to-month,Yes,Electronic check,96.46,4908.44,3,41.7,No
CUST_02333,Female,39,0,53,Month-to-month,No,Credit card,83.77,4434.69,2,27.2,No
CUST_02334,Male,43,0,56,Two year,Yes,Electronic check,115.79,6503.5,1,47.7,Yes
CUST_02335,Male,66,1,59,Month-to-month,No,Bank transfer,62.48,3689.6,1,59.2,No
CUST_02336,Female,60,0,70,Month-to-month,Yes,Mailed check,119.23,8337.59,1,16.3,Yes
CUST_02337,Male,53,0,58,Month-to-month,Yes,Credit card,94.04,5433.47,0,16.0,No
CUST_02338,Female,75,1,13,One year,Yes,Mailed check,97.63,1279.18,2,25.2,Yes
CUST_02339,Female,30,0,43,Month-to-month,No,Mailed check,22.57,960.41,3,73.0,No
CUST_02340,Male,69,1,51,Month-to-month,No,Mailed check,69.74,3551.3,2,78.4,Yes
CUST_02341,Female,75,1,19,Month-to-month,No,Credit card,72.83,1379.68,2,28.9,No
CUST_02342,Male,49,0,21,Two year,No,Electronic check,24.06,496.13,2,22.1,Yes
CUST_02343,Male,34,0,24,Two year,No,Bank transfer,51.21,1228.35,1,54.6,No
CUST_02344,Male,58,0,26,Two year,No,Electronic check,115.56,2999.16,2,52.8,No
CUST_02345,Male,53,0,45,Month-to-month,No,Bank transfer,62.61,2823.61,3,26.2,No
CUST_02346,Female,72,1,28,One year,Yes,Electronic check,38.67,1084.17,0,29.9,No
CUST_02347,Male,77,1,29,One year,Yes,Mailed check,71.33,2083.0,0,36.9,No
CUST_02348,Female,63,0,17,Month-to-month,No,Mailed check,23.38,411.92,4,41.4,No
CUST_02349,Female,36,0,68,Month-to-month,No,Bank transfer,71.6,4859.17,2,56.1,No
CUST_02350,Female,75,1,44,Month-to-month,No,Credit card,79.43,3491.51,0,3.1,No
CUST_02351,Female,77,1,61,One year,No,Electronic check,55.77,3423.48,2,88.1,No
CUST_02352,Male,52,0,68,Month-to-month,No,Mailed check,96.26,6533.93,0,57.5,No
CUST_02353,Male,63,0,25,Month-to-month,Yes,Bank transfer,33.57,847.26,0,51.7,No
CUST_02354,Female,57,0,67,Month-to-month,No,Electronic check,107.82,7229.31,1,37.4,No
CUST_02355,Female,73,1,2,One year,No,Bank transfer,115.54,222.6,2,33.1,No
CUST_02356,Male,76,1,49,Two year,No,Credit card,20.12,978.04,3,34.2,No
CUST_02357,Female,45,0,70,One year,Yes,Credit card,104.27,7317.5,4,40.2,No
CUST_02358,Male,18,0,26,One year,Yes,Electronic check,70.61,1854.12,0,58.2,No
CUST_02359,Female,59,0,72,One year,Yes,Credit card,66.14,4766.42,3,72.8,No
CUST_02360,Male,35,0,27,Month-to-month,Yes,Electronic check,43.87,1170.57,0,21.7,No
CUST_02361,Female,65,1,18,Month-to-month,No,Electronic check,64.73,1177.75,0,41.2,No
CUST_02362,Female,57,0,54,Two year,Yes,Credit card,115.04,6198.4,1,52.8,No
CUST_02363,Male,50,0,1,Two year,Yes,Bank transfer,41.08,48.23,0,54.2,No
CUST_02364,Female,29,0,61,One year,Yes,Bank transfer,37.9,2295.96,2,38.4,No
CUST_02365,Female,25,0,3,Month-to-month,Yes,Electronic check,44.19,132.65,1,42.7,Yes
CUST_02366,Male,41,0,68,Month-to-month,Yes,Mailed check,75.18,5121.32,2,45.3,No
CUST_02367,Female,33,0,41,Month-to-month,No,Electronic check,113.03,4605.98,0,26.2,No
CUST_02368,Male,67,1,37,Two year,Yes,Bank transfer,77.39,2858.08,1,31.4,No
CUST_02369,Male,21,0,51,One year,Yes,Electronic check,44.35,2263.29,2,12.3,No
CUST_02370,Female,55,0,15,Two year,Yes,Bank transfer,64.05,957.24,2,72.0,No
CUST_02371,Female,61,0,8,One year,No,Credit card,59.04,465.61,0,61.4,No
CUST_02372,Female,44,0,38,Month-to-month,No,Electronic check,24.66,935.63,1,22.9,Yes
CUST_02373,Female,26,0,56,Month-to-month,No,Electronic check,71.06,3989.97,1,27.5,Yes
CUST_02374,Female,64,0,47,Month-to-month,No,Credit card,32.6,1545.92,1,22.8,No
CUST_02375,Female,33,0,10,One year,No,Credit card,104.22,1049.29,0,31.1,No
CUST_02376,Female,73,1,49,Month-to-month,No,Mailed check,74.9,3685.45,2,54.9,No
CUST_02377,Male,29,0,41,One year,No,Credit card,104.46,4277.54,0,107.4,No
CUST_02378,Female,48,0,30,One year,No,Mailed check,115.6,3474.1,2,41.2,No
CUST_02379,Male,41,0,5,Month-to-month,Yes,Credit card,114.32,561.41,2,59.5,No
CUST_02380,Female,72,1,71,Month-to-month,Yes,Bank transfer,30.04,2162.36,1,47.6,No
CUST_02381,Female,31,0,31,Month-to-month,No,Electronic check,114.48,3549.93,4,54.9,No
CUST_02382,Male,62,0,52,One year,Yes,Credit card,99.57,5185.93,2,44.3,No
CUST_02383,Female,42,0,23,Month-to-month,No,Bank transfer,97.77,2230.99,1,73.1,No
CUST_02384,Female,51,0,48,Month-to-month,Yes,Credit card,29.01,1400.43,0,61.9,No
CUST_02385,Male,20,0,40,Two year,Yes,Electronic check,37.95,1519.2,4,49.9,No
CUST_02386,Female,75,1,6,One year,No,Credit card,117.52,709.74,2,62.9,Yes
CUST_02387,Female,41,0,38,One year,Yes,Credit card,41.34,1570.94,0,69.0,No
CUST_02388,Female,79,1,41,One year,No,Electronic check,36.91,1511.92,2,35.6,No
CUST_02389,Male,71,1,27,Two year,No,Credit card,56.24,1515.27,4,59.4,No
CUST_02390,Female,59,0,69,One year,Yes,Electronic check,111.34,7681.26,0,67.4,No
CUST_02391,Female,26,0,57,Month-to-month,No,Mailed check,67.62,3868.99,3,59.3,No
CUST_02392,Female,43,0,17,Month-to-month,Yes,Credit card,112.06,1901.32,1,64.1,No
CUST_02393,Female,37,0,71,One year,Yes,Bank transfer,53.43,3816.39,1,51.7,No
CUST_02394,Male,57,0,47,One year,No,Credit card,42.65,2005.3,3,61.0,No
CUST_02395,Male,27,0,13,One year,No,Electronic check,69.52,917.76,2,80.5,Yes
CUST_02396,Female,36,0,11,Two year,No,Electronic check,81.55,908.46,3,29.8,No
CUST_02397,Female,20,0,24,Two year,No,Bank transfer,59.15,1403.96,1,49.9,No
CUST_02398,Male,41,0,4,Month-to-month,No,Bank transfer,54.6,204.89,1,34.6,No
CUST_02399,Male,22,0,46,Month-to-month,Yes,Electronic check,41.81,1916.29,3,38.0,Yes
CUST_02400,Female,20,0,18,Month-to-month,No,Mailed check,47.5,839.58,1,59.9,No
CUST_02401,Male,75,1,43,One year,Yes,Mailed check,87.31,3750.28,3,16.3,No
CUST_02402,Female,44,0,33,Month-to-month,No,Electronic check,56.99,1880.86,0,27.6,No
CUST_02403,Male,33,0,10,Month-to-month,Yes,Mailed check,27.98,286.24,1,74.2,No
CUST_02404,Male,66,1,59,Month-to-month,Yes,Bank transfer,33.82,1996.92,0,23.5,No
CUST_02405,Male,32,0,31,Month-to-month,Yes,Mailed check,57.24,1774.43,2,78.8,No
CUST_02406,Male,52,0,28,Month-to-month,Yes,Bank transfer,112.45,3158.84,4,49.8,Yes
CUST_02407,Female,29,0,60,Month-to-month,Yes,Credit card,57.9,3483.08,2,48.6,No
CUST_02408,Male,58,0,3,One year,No,Bank transfer,26.06,97.27,1,36.4,No
CUST_02409,Male,70,1,55,Month-to-month,Yes,Credit card,61.8,3400.83,1,43.5,No
CUST_02410,Female,61,0,14,Month-to-month,No,Bank transfer,86.88,1192.23,2,54.6,Yes
CUST_02411,Male,43,0,58,Two year,Yes,Bank transfer,79.36,4607.13,2,45.6,No
CUST_02412,Male,64,0,15,Two year,No,Mailed check,47.88,740.89,0,32.3,No
CUST_02413,Female,51,0,2,Month-to-month,Yes,Bank transfer,88.81,187.88,1,62.4,No
CUST_02414,Male,40,0,24,Month-to-month,Yes,Electronic check,83.06,2006.05,1,74.8,No
CUST_02415,Female,48,0,64,One year,No,Credit card,37.22,2382.86,1,17.9,No
CUST_02416,Female,67,1,71,Month-to-month,No,Credit card,36.21,,1,93.8,No
CUST_02417,Female,37,0,24,Month-to-month,Yes,Bank transfer,74.72,1806.32,0,55.8,Yes
CUST_02418,Female,29,0,27,Month-to-month,Yes,Electronic check,85.94,2317.14,0,59.7,Yes
CUST_02419,Male,40,0,37,Month-to-month,No,Bank transfer,116.19,4294.06,1,80.1,No
CUST_02420,Female,21,0,39,One year,Yes,Bank transfer,62.19,2430.08,0,7.7,No
CUST_02421,Male,40,0,63,Two year,Yes,Mailed check,96.49,6088.81,0,18.3,No
CUST_02422,Male,65,1,26,One year,No,Bank transfer,31.65,795.4,4,9.5,No
CUST_02423,Male,72,1,65,One year,Yes,Bank transfer,108.96,7080.51,1,25.3,No
CUST_02424,Male,65,1,4,Month-to-month,Yes,Mailed check,83.31,313.71,1,61.7,No
CUST_02425,Male,18,0,29,One year,No,Mailed check,82.9,2402.96,1,25.5,No
CUST_02426,Male,71,1,1,Month-to-month,Yes,Electronic check,34.24,51.14,0,31.5,No
CUST_02427,Male,42,0,50,Month-to-month,No,Mailed check,23.96,,0,35.0,No
CUST_02428,Male,19,0,11,One year,No,Credit card,90.14,988.73,0,47.0,No
CUST_02429,Male,47,0,59,Two year,Yes,Credit card,31.71,1877.25,1,46.0,No
CUST_02430,Male,20,0,62,Month-to-month,Yes,Electronic check,32.7,2037.15,1,33.6,No
CUST_02431,Female,75,1,36,Two year,No,Bank transfer,38.75,1404.56,0,28.9,No
CUST_02432,Female,38,0,56,Month-to-month,No,Electronic check,29.77,1667.75,1,43.7,No
CUST_02433,Female,42,0,21,Month-to-month,Yes,Mailed check,82.54,1739.03,4,50.0,No
CUST_02434,Male,37,0,13,Month-to-month,No,Bank transfer,62.2,813.87,0,77.9,No
CUST_02435,Female,66,1,9,One year,Yes,Electronic check,46.61,412.45,3,29.9,Yes
CUST_02436,Female,69,1,11,Two year,No,Electronic check,64.07,687.31,1,47.2,No
CUST_02437,Female,39,0,70,One year,No,Credit card,104.41,7300.01,2,9.0,No
CUST_02438,Male,38,0,1,Month-to-month,No,Electronic check,112.71,127.1,0,71.8,No
CUST_02439,Male,79,1,70,Month-to-month,Yes,Bank transfer,68.75,4834.47,1,47.0,No
CUST_02440,Male,78,1,56,One year,No,Electronic check,76.68,4292.91,2,65.6,No
CUST_02441,Male,50,0,31,Month-to-month,No,Electronic check,45.72,1431.32,2,74.0,Yes
CUST_02442,Female,69,1,37,Month-to-month,No,Mailed check,71.36,2637.35,1,58.8,No
CUST_02443,Female,55,0,47,Two year,No,Electronic check,94.81,4459.65,0,52.3,No
CUST_02444,Female,78,1,47,One year,Yes,Bank transfer,69.21,3246.9,0,11.5,No
CUST_02445,Female,32,0,69,Month-to-month,No,Credit card,50.21,3474.45,2,46.4,Yes
CUST_02446,Male,75,1,58,Month-to-month,Yes,Credit card,78.2,4529.41,3,29.9,No
CUST_02447,Male,75,1,36,Month-to-month,No,Credit card,114.67,4119.04,2,27.6,No
CUST_02448,Male,63,0,32,One year,No,Credit card,108.8,3482.02,3,11.3,No
CUST_02449,Female,69,1,64,Two year,Yes,Mailed check,96.92,6211.32,0,45.4,No
CUST_02450,Male,32,0,71,One year,Yes,Bank transfer,47.62,3382.72,1,32.3,No
CUST_02451,Male,63,0,42,Month-to-month,No,Mailed check,44.16,1849.86,1,34.0,No
CUST_02452,Female,42,0,48,Month-to-month,No,Credit card,103.85,4975.98,0,29.3,No
CUST_02453,Female,38,0,30,Two year,No,Mailed check,38.13,1127.08,3,76.2,No
CUST_02454,Male,41,0,21,Two year,Yes,Electronic check,80.56,1687.22,1,28.1,No
CUST_02455,Male,74,1,60,One year,No,Bank transfer,63.89,3832.05,1,41.5,No
CUST_02456,Male,75,1,13,Month-to-month,Yes,Electronic check,66.8,873.92,1,45.8,No
CUST_02457,Male,22,0,1,One year,No,Mailed check,65.45,65.45,1,45.0,No
CUST_02458,Male,23,0,65,Two year,Yes,Electronic check,110.0,7156.36,0,84.6,No
CUST_02459,Male,66,1,33,One year,Yes,Mailed check,28.71,941.47,0,9.3,No
CUST_02460,Female,60,0,38,One year,Yes,Mailed check,98.29,3729.89,4,54.5,Yes
CUST_02461,Female,65,1,25,Month-to-month,No,Bank transfer,103.5,2600.02,0,67.5,Yes
CUST_02462,Female,61,0,26,Month-to-month,No,Bank transfer,114.29,2946.71,3,55.0,No
CUST_02463,Male,64,0,59,Month-to-month,Yes,Bank transfer,65.26,3838.07,2,92.9,No
CUST_02464,Female,40,0,33,Two year,Yes,Credit card,70.01,2310.67,1,76.3,No
CUST_02465,Male,21,0,41,One year,Yes,Bank transfer,116.13,4761.26,0,35.8,No
CUST_02466,Male,44,0,30,One year,No,Electronic check,65.85,1958.33,1,45.7,No
CUST_02467,Female,35,0,57,Month-to-month,No,Bank transfer,70.35,4005.28,0,65.2,No
CUST_02468,Male,38,0,49,Two year,No,Bank transfer,53.23,2617.63,1,47.4,No
CUST_02469,Male,45,0,48,Two year,Yes,Bank transfer,23.16,1100.18,1,47.8,No
CUST_02470,Female,52,0,72,Month-to-month,No,Mailed check,63.31,4568.8,0,90.3,No
CUST_02471,Female,39,0,49,Two year,No,Mailed check,85.51,4182.79,3,70.0,No
CUST_02472,Female,57,0,47,Month-to-month,No,Bank transfer,88.99,4164.02,2,91.3,No
CUST_02473,Male,40,0,56,Month-to-month,Yes,Mailed check,20.65,1164.64,3,48.1,No
CUST_02474,Female,20,0,65,Month-to-month,No,Mailed check,100.11,6509.35,1,52.9,No
CUST_02475,Female,57,0,12,Two year,No,Credit card,69.24,816.24,1,56.7,No
CUST_02476,Male,67,1,69,Two year,No,Electronic check,72.07,4967.72,1,63.8,No
CUST_02477,Female,27,0,6,Month-to-month,No,Mailed check,116.17,714.3,0,43.6,No
CUST_02478,Female,42,0,65,One year,No,Electronic check,48.45,3155.58,3,31.5,No
CUST_02479,Female,69,1,25,One year,Yes,Mailed check,96.17,2415.28,3,33.7,No
CUST_02480,Male,66,1,1,Two year,Yes,Bank transfer,77.48,77.48,0,47.5,No
CUST_02481,Male,25,0,32,Month-to-month,Yes,Mailed check,90.08,2894.81,0,17.2,No
CUST_02482,Male,72,1,3,One year,Yes,Mailed check,61.78,171.11,1,57.4,No
CUST_02483,Male,28,0,49,One year,No,Electronic check,47.92,2334.19,1,4.4,No
CUST_02484,Female,78,1,19,Month-to-month,No,Bank transfer,74.61,1425.99,1,18.8,Yes
CUST_02485,Male,22,0,60,Month-to-month,Yes,Credit card,57.49,3436.34,0,74.1,No
CUST_02486,Male,75,1,29,One year,Yes,Electronic check,42.29,1241.62,1,51.5,No
CUST_02487,Female,62,0,50,Month-to-month,Yes,Bank transfer,103.92,5183.66,1,58.4,No
CUST_02488,Female,70,1,2,Two year,No,Bank transfer,67.58,125.45,1,56.3,No
CUST_02489,Female,72,1,56,Month-to-month,No,Electronic check,104.73,5876.5,2,88.6,No
CUST_02490,Male,54,0,17,Two year,No,Mailed check,67.4,1139.65,2,74.1,No
CUST_02491,Male,73,1,60,Month-to-month,Yes,Bank transfer,75.68,4548.74,2,83.8,No
CUST_02492,Male,76,1,36,Month-to-month,Yes,Credit card,119.53,4291.88,4,39.2,No
CUST_02493,Female,62,0,61,Month-to-month,Yes,Mailed check,115.15,7021.41,2,47.6,No
CUST_02494,Female,55,0,17,One year,No,Electronic check,47.17,809.28,0,21.2,No
CUST_02495,Male,46,0,49,One year,No,Electronic check,106.87,5227.95,1,68.9,No
CUST_02496,Female,22,0,60,Month-to-month,Yes,Electronic check,59.04,3552.65,2,64.5,No
CUST_02497,Female,26,0,20,Month-to-month,Yes,Electronic check,27.12,538.89,0,35.7,No
CUST_02498,Female,76,1,50,One year,No,Credit card,77.58,3880.11,1,38.7,No
CUST_02499,Male,65,1,3,Month-to-month,No,Credit card,117.71,343.09,1,58.8,No
CUST_02500,Female,19,0,43,One year,Yes,Bank transfer,117.43,5041.85,1,45.6,No
CUST_02501,Female,18,0,57,Month-to-month,Yes,Credit card,32.65,1852.41,3,36.1,No
CUST_02502,Male,57,0,50,One year,No,Electronic check,97.12,4850.09,3,42.1,No
CUST_02503,Male,77,1,68,One year,Yes,Credit card,100.28,6834.73,1,41.9,No
CUST_02504,Female,68,1,50,Two year,Yes,Mailed check,56.87,2854.93,0,58.0,No
CUST_02505,Female,47,0,37,One year,No,Mailed check,85.86,3181.32,3,45.5,No
CUST_02506,Male,28,0,46,Month-to-month,Yes,Bank transfer,68.82,3158.95,1,0.0,No
CUST_02507,Male,45,0,42,Month-to-month,No,Electronic check,42.79,1788.73,2,48.2,No
CUST_02508,Female,61,0,15,One year,Yes,Credit card,96.13,1432.2,1,36.0,No
CUST_02509,Female,29,0,33,One year,No,Bank transfer,46.28,1524.05,0,63.4,No
CUST_02510,Female,56,0,11,Two year,Yes,Bank transfer,54.04,597.29,5,53.2,No
CUST_02511,Female,43,0,20,One year,Yes,Credit card,39.0,786.18,0,36.1,No
CUST_02512,Male,30,0,24,One year,Yes,Bank transfer,91.93,2206.4,0,36.8,No
CUST_02513,Female,76,1,64,Month-to-month,No,Electronic check,65.87,4221.49,3,53.4,No
CUST_02514,Female,25,0,65,Month-to-month,Yes,Credit card,64.34,4191.29,1,49.2,No
CUST_02515,Male,78,1,17,Month-to-month,Yes,Mailed check,80.46,1364.04,0,43.4,No
CUST_02516,Female,78,1,61,Month-to-month,No,Mailed check,35.73,2190.29,3,47.6,No
CUST_02517,Male,71,1,15,One year,Yes,Credit card,109.82,1637.39,1,58.2,No
CUST_02518,Female,45,0,51,Month-to-month,No,Bank transfer,66.51,3397.92,0,16.9,No
CUST_02519,Female,75,1,27,Month-to-month,No,Bank transfer,56.65,1529.94,1,78.3,No
CUST_02520,Male,47,0,61,Month-to-month,No,Mailed check,32.67,1994.57,0,41.0,No
CUST_02521,Male,26,0,58,Month-to-month,Yes,Mailed check,36.8,2130.46,2,73.0,No
CUST_02522,Female,56,0,31,Month-to-month,No,Electronic check,112.04,3485.59,1,91.5,No
CUST_02523,Female,48,0,12,One year,Yes,Bank transfer,65.66,781.9,2,61.2,No
CUST_02524,Female,75,1,46,Month-to-month,No,Electronic check,92.22,,2,11.7,No
CUST_02525,Male,38,0,31,One year,Yes,Mailed check,28.05,883.54,1,26.7,No
CUST_02526,Female,73,1,32,One year,No,Mailed check,84.35,2703.6,0,58.4,No
CUST_02527,Male,64,0,32,Two year,No,Mailed check,112.15,3585.73,1,36.6,Yes
CUST_02528,Male,51,0,53,Month-to-month,Yes,Mailed check,50.0,2641.43,3,79.5,No
CUST_02529,Female,72,1,61,Month-to-month,No,Electronic check,77.91,4732.81,0,35.2,No
CUST_02530,Male,48,0,46,Month-to-month,Yes,Mailed check,114.02,5250.41,2,61.1,Yes
CUST_02531,Female,69,1,7,Month-to-month,No,Credit card,91.93,632.41,1,47.8,No
CUST_02532,Female,42,0,4,Two year,Yes,Bank transfer,26.23,95.22,4,50.7,No
CUST_02533,Female,29,0,52,One year,No,Mailed check,57.87,3014.94,0,62.8,No
CUST_02534,Female,18,0,31,One year,No,Bank transfer,28.58,881.6,0,0.0,No
CUST_02535,Female,72,1,36,Month-to-month,Yes,Mailed check,106.13,3822.92,1,49.3,No
CUST_02536,Male,39,0,54,One year,No,Electronic check,82.17,4441.58,1,68.0,No
CUST_02537,Male,57,0,54,Month-to-month,Yes,Bank transfer,115.64,6260.51,3,26.5,No
CUST_02538,Female,54,0,17,One year,Yes,Electronic check,21.98,375.57,0,63.1,No
CUST_02539,Female,64,0,30,One year,No,Mailed check,62.31,1863.77,1,45.4,No
CUST_02540,Male,18,0,22,Month-to-month,No,Credit card,30.44,668.85,3,36.9,No
CUST_02541,Male,18,0,43,Month-to-month,No,Credit card,55.05,2361.32,1,45.0,No
CUST_02542,Male,74,1,27,Two year,Yes,Credit card,36.19,995.89,1,77.8,No
CUST_02543,Male,59,0,37,Month-to-month,Yes,Credit card,52.88,1960.26,1,53.4,No
CUST_02544,Female,71,1,46,Month-to-month,No,Credit card,101.93,4694.45,2,24.9,No
CUST_02545,Female,59,0,35,Month-to-month,Yes,Electronic check,36.07,1275.97,0,55.9,No
CUST_02546,Male,38,0,4,Month-to-month,No,Credit card,67.37,260.99,3,50.9,No
CUST_02547,Female,32,0,26,One year,No,Mailed check,112.16,2901.85,2,72.6,Yes
CUST_02548,Male,34,0,19,One year,No,Electronic check,119.88,2277.45,2,48.6,No
CUST_02549,Female,39,0,45,One year,Yes,Electronic check,45.06,2013.65,2,71.2,No
CUST_02550,Male,55,0,26,Month-to-month,Yes,Credit card,113.56,2948.37,2,51.4,No
CUST_02551,Female,52,0,22,One year,No,Bank transfer,46.14,993.27,0,57.9,No
CUST_02552,Male,62,0,58,Two year,Yes,Mailed check,61.35,3544.95,1,35.3,No
CUST_02553,Male,33,0,63,Month-to-month,No,Electronic check,107.79,6803.15,0,61.4,No
CUST_02554,Female,25,0,28,Month-to-month,No,Mailed check,98.62,2765.34,1,90.4,No
CUST_02555,Male,79,1,65,Two year,Yes,Bank transfer,105.75,6891.65,3,84.4,No
CUST_02556,Female,64,0,44,Month-to-month,No,Electronic check,100.03,4400.82,4,27.8,No
CUST_02557,Female,34,0,43,Month-to-month,No,Mailed check,43.51,1870.07,2,15.8,No
CUST_02558,Male,34,0,37,Month-to-month,No,Credit card,75.88,2809.7,2,57.5,No
CUST_02559,Female,71,1,66,Month-to-month,No,Electronic check,58.53,3898.54,2,45.1,No
CUST_02560,Female,43,0,17,Month-to-month,No,Electronic check,65.97,1132.03,2,33.0,No
CUST_02561,Female,30,0,40,Month-to-month,Yes,Electronic check,35.4,1407.42,2,92.3,No
CUST_02562,Female,34,0,38,One year,Yes,Electronic check,51.58,1963.99,2,111.8,No
CUST_02563,Female,55,0,61,Month-to-month,No,Credit card,105.76,6453.17,3,13.7,No
CUST_02564,Male,34,0,9,Two year,Yes,Bank transfer,109.76,995.01,2,34.3,No
CUST_02565,Female,65,1,61,Month-to-month,No,Bank transfer,81.02,4960.67,1,24.2,No
CUST_02566,Female,31,0,16,Two year,No,Mailed check,69.83,1123.11,2,33.5,No
CUST_02567,Female,62,0,2,Two year,No,Credit card,91.28,178.86,1,72.5,No
CUST_02568,Female,23,0,72,One year,No,Credit card,80.89,5842.39,1,55.1,No
CUST_02569,Female,52,0,43,Two year,Yes,Mailed check,118.37,5076.74,0,66.6,No
CUST_02570,Male,63,0,42,One year,Yes,Credit card,39.01,1635.66,0,76.4,No
CUST_02571,Female,31,0,57,Two year,No,Credit card,64.9,3708.57,0,56.8,No
CUST_02572,Male,64,0,67,Month-to-month,Yes,Electronic check,111.82,7484.31,3,31.1,Yes
CUST_02573,Male,25,0,30,Month-to-month,No,Electronic check,111.47,3343.69,1,60.3,Yes
CUST_02574,Male,78,1,13,One year,Yes,Electronic check,69.53,896.94,1,47.9,No
CUST_02575,Male,32,0,19,Month-to-month,No,Credit card,33.48,635.75,2,46.7,No
CUST_02576,Female,71,1,7,Two year,No,Credit card,101.5,703.47,1,33.4,No
CUST_02577,Male,78,1,9,Two year,No,Bank transfer,78.52,707.44,1,69.2,No
CUST_02578,Male,44,0,54,Month-to-month,Yes,Electronic check,97.32,5251.8,2,60.0,No
CUST_02579,Female,30,0,61,Two year,Yes,Mailed check,66.25,4054.67,0,66.9,No
CUST_02580,Female,66,1,2,Month-to-month,No,Credit card,40.39,84.63,1,31.3,Yes
CUST_02581,Female,48,0,50,Month-to-month,Yes,Electronic check,22.4,1127.33,3,71.1,No
CUST_02582,Male,70,1,31,One year,Yes,Bank transfer,75.91,2354.77,4,57.0,No
CUST_02583,Female,73,1,33,Month-to-month,Yes,Electronic check,36.1,1187.11,0,69.0,No
CUST_02584,Female,52,0,11,One year,Yes,Bank transfer,38.71,429.2,2,34.3,No
CUST_02585,Male,77,1,33,One year,Yes,Bank transfer,63.63,2101.84,4,53.2,No
CUST_02586,Female,23,0,7,Month-to-month,Yes,Credit card,64.21,425.24,4,73.1,Yes
CUST_02587,Female,22,0,31,One year,Yes,Bank transfer,47.44,1470.94,2,61.8,No
CUST_02588,Female,39,0,48,One year,Yes,Bank transfer,33.19,1599.95,3,47.7,No
CUST_02589,Female,75,1,47,Month-to-month,Yes,Mailed check,114.5,5374.12,2,60.9,Yes
CUST_02590,Male,66,1,53,Month-to-month,Yes,Bank transfer,33.16,1766.37,2,30.9,No
CUST_02591,Female,40,0,19,Two year,Yes,Mailed check,55.08,1050.02,1,63.7,No
CUST_02592,Female,42,0,6,Two year,Yes,Mailed check,50.49,298.95,4,68.2,No
CUST_02593,Male,51,0,49,Month-to-month,Yes,Electronic check,106.63,5230.47,2,59.0,No
CUST_02594,Female,43,0,50,Month-to-month,No,Electronic check,61.01,3046.63,0,48.5,No
CUST_02595,Male,64,0,12,Two year,No,Credit card,32.4,391.62,1,57.0,No
CUST_02596,Female,22,0,23,One year,Yes,Credit card,21.03,481.0,0,49.2,No
CUST_02597,Male,43,0,54,Month-to-month,Yes,Credit card,92.19,4984.02,2,46.6,No
CUST_02598,Male,37,0,69,One year,Yes,Bank transfer,91.45,6323.53,3,65.4,No
CUST_02599,Male,23,0,59,Month-to-month,No,Electronic check,61.78,3640.56,0,81.6,No
CUST_02600,Male,23,0,36,One year,No,Bank transfer,32.63,1183.73,0,53.8,No
CUST_02601,Female,76,1,3,Month-to-month,Yes,Electronic check,57.16,168.5,1,39.3,No
CUST_02602,Male,67,1,58,Month-to-month,Yes,Bank transfer,78.99,4578.41,1,31.0,No
CUST_02603,Female,35,0,55,Month-to-month,Yes,Credit card,90.39,4967.73,0,36.9,No
CUST_02604,Male,21,0,57,Two year,Yes,Electronic check,27.82,1569.09,1,93.7,No
CUST_02605,Male,34,0,17,One year,Yes,Electronic check,75.63,1290.73,0,82.6,Yes
CUST_02606,Male,74,1,39,One year,No,Mailed check,47.61,1859.72,3,69.2,No
CUST_02607,Female,31,0,68,One year,Yes,Electronic check,81.73,5559.04,4,75.5,No
CUST_02608,Male,31,0,55,Month-to-month,No,Electronic check,84.81,4680.32,3,39.3,No
CUST_02609,Female,30,0,45,Two year,Yes,Bank transfer,111.06,5014.36,3,70.9,No
CUST_02610,Female,24,0,1,Month-to-month,Yes,Credit card,61.04,74.12,0,72.6,No
CUST_02611,Female,61,0,21,Two year,No,Mailed check,73.76,1546.59,2,48.3,No
CUST_02612,Female,72,1,21,Month-to-month,No,Bank transfer,46.82,980.39,3,26.3,Yes
CUST_02613,Female,32,0,52,Month-to-month,Yes,Electronic check,48.66,2519.91,1,21.1,No
CUST_02614,Female,36,0,43,One year,No,Bank transfer,24.6,,1,58.2,No
CUST_02615,Female,60,0,52,One year,Yes,Credit card,48.61,2527.64,2,40.3,No
CUST_02616,Female,64,0,67,Two year,No,Mailed check,26.38,1773.04,3,56.6,No
CUST_02617,Female,61,0,44,One year,No,Bank transfer,116.39,5110.54,0,44.5,No
CUST_02618,Male,52,0,32,Month-to-month,Yes,Electronic check,82.43,2633.9,4,27.8,Yes
CUST_02619,Male,34,0,10,Two year,Yes,Bank transfer,37.31,356.2,2,85.4,No
CUST_02620,Male,52,0,64,Month-to-month,No,Electronic check,31.68,2020.14,1,28.9,No
CUST_02621,Male,36,0,69,Two year,Yes,Mailed check,57.01,3942.77,2,36.7,No
CUST_02622,Male,37,0,68,One year,No,Mailed check,50.76,3440.99,2,49.9,No
CUST_02623,Female,53,0,28,Month-to-month,No,Bank transfer,47.93,1359.35,0,52.9,Yes
CUST_02624,Female,52,0,53,Month-to-month,Yes,Mailed check,66.82,3551.53,3,18.6,Yes
CUST_02625,Female,49,0,51,Month-to-month,No,Credit card,111.29,5680.67,1,66.4,Yes
CUST_02626,Female,75,1,53,Month-to-month,Yes,Bank transfer,76.81,4084.0,1,63.3,No
CUST_02627,Female,65,1,4,Month-to-month,Yes,Electronic check,72.12,287.28,1,93.8,No
CUST_02628,Female,61,0,17,Month-to-month,No,Bank transfer,100.65,1703.76,2,55.8,No
CUST_02629,Female,57,0,67,Month-to-month,Yes,Electronic check,20.4,1366.01,3,48.1,Yes
CUST_02630,Male,41,0,47,One year,No,Mailed check,39.74,1850.52,3,31.5,No
CUST_02631,Male,78,1,56,Two year,No,Electronic check,69.62,3910.55,1,24.5,No
CUST_02632,Male,78,1,23,Month-to-month,Yes,Electronic check,90.53,2078.72,1,46.3,No
CUST_02633,Male,34,0,18,Month-to-month,Yes,Electronic check,68.5,1225.5,1,23.7,No
CUST_02634,Female,24,0,1,Month-to-month,No,Electronic check,36.37,36.37,4,66.4,No
CUST_02635,Female,60,0,35,One year,Yes,Credit card,113.0,3955.11,2,41.4,No
CUST_02636,Female,67,1,64,Two year,No,Electronic check,52.87,3384.65,4,74.6,No
CUST_02637,Male,18,0,58,One year,No,Bank transfer,98.82,5730.19,1,55.8,No
CUST_02638,Female,52,0,59,Two year,No,Credit card,109.14,6437.83,0,56.6,No
CUST_02639,Female,49,0,1,One year,No,Electronic check,54.64,60.14,1,30.4,No
CUST_02640,Female,53,0,3,One year,No,Electronic check,104.53,302.61,2,62.9,Yes
CUST_02641,Male,30,0,67,Month-to-month,Yes,Electronic check,91.08,6104.44,0,58.7,No
CUST_02642,Female,23,0,37,Two year,No,Credit card,110.43,4082.66,3,11.4,No
CUST_02643,Male,75,1,29,Two year,No,Electronic check,45.13,1288.82,0,75.6,No
CUST_02644,Male,31,0,33,One year,No,Electronic check,113.13,3722.38,0,67.5,Yes
CUST_02645,Male,54,0,61,Two year,No,Electronic check,26.53,1610.45,0,34.1,No
CUST_02646,Male,65,1,4,Month-to-month,No,Mailed check,99.37,414.17,0,68.7,No
CUST_02647,Female,32,0,14,Two year,No,Bank transfer,63.57,894.46,1,41.6,Yes
CUST_02648,Male,64,0,33,Month-to-month,Yes,Electronic check,37.79,,0,37.1,No
CUST_02649,Male,79,1,22,Month-to-month,Yes,Bank transfer,27.94,609.82,0,57.0,No
CUST_02650,Female,21,0,48,Month-to-month,No,Mailed check,58.95,2824.7,2,69.7,No
CUST_02651,Female,57,0,3,Two year,No,Mailed check,58.93,164.97,2,80.5,No
CUST_02652,Male,76,1,23,Two year,No,Electronic check,43.0,985.64,2,85.1,Yes
CUST_02653,Female,33,0,68,Two year,Yes,Bank transfer,41.55,2839.26,1,18.2,No
CUST_02654,Male,45,0,21,Two year,No,Credit card,59.95,,0,15.0,No
CUST_02655,Male,33,0,43,Month-to-month,No,Electronic check,61.01,2617.63,2,41.4,No
CUST_02656,Male,79,1,26,Two year,No,Credit card,64.24,1679.41,1,31.9,No
CUST_02657,Male,21,0,41,Two year,No,Mailed check,106.88,4391.15,0,99.4,No
CUST_02658,Female,62,0,38,One year,No,Mailed check,81.13,3075.56,0,55.6,No
CUST_02659,Male,43,0,11,Month-to-month,No,Bank transfer,22.04,254.11,2,45.8,Yes
CUST_02660,Female,45,0,29,One year,Yes,Credit card,71.91,2081.04,0,39.2,No
CUST_02661,Female,49,0,60,Two year,No,Credit card,96.25,5763.22,1,54.0,No
CUST_02662,Female,62,0,67,Two year,No,Electronic check,25.64,1732.96,0,7.6,No
CUST_02663,Female,19,0,65,Two year,No,Bank transfer,62.26,4047.87,2,68.0,No
CUST_02664,Male,48,0,61,Two year,No,Bank transfer,65.12,3970.7,0,78.0,No
CUST_02665,Female,20,0,19,Two year,No,Credit card,115.4,2194.39,2,15.7,Yes
CUST_02666,Male,71,1,46,One year,No,Mailed check,67.57,3098.45,1,61.7,No
CUST_02667,Female,25,0,49,One year,No,Bank transfer,94.99,4648.89,1,59.0,No
CUST_02668,Female,41,0,22,Month-to-month,No,Mailed check,50.29,1120.75,1,60.6,No
CUST_02669,Male,32,0,57,One year,No,Electronic check,97.93,5600.64,1,60.4,No
CUST_02670,Male,60,0,14,One year,Yes,Bank transfer,52.27,720.6,0,28.8,No
CUST_02671,Male,48,0,44,Two year,Yes,Bank transfer,63.0,2768.21,0,47.2,No
CUST_02672,Female,26,0,16,Month-to-month,Yes,Electronic check,67.95,1087.22,1,67.4,No
CUST_02673,Female,56,0,12,Month-to-month,No,Bank transfer,112.64,1353.64,0,16.2,Yes
CUST_02674,Male,62,0,55,Month-to-month,Yes,Credit card,25.35,1384.49,1,52.3,No
CUST_02675,Male,19,0,51,One year,Yes,Credit card,39.69,2030.53,0,61.4,No
CUST_02676,Male,25,0,39,One year,Yes,Electronic check,90.57,3539.66,0,42.8,No
CUST_02677,Male,24,0,33,Month-to-month,Yes,Mailed check,77.76,2574.51,2,59.5,No
CUST_02678,Female,73,1,33,Month-to-month,No,Mailed check,45.15,1497.58,1,50.8,No
CUST_02679,Male,61,0,29,Month-to-month,Yes,Bank transfer,48.92,1419.49,0,45.7,No
CUST_02680,Male,68,1,69,Month-to-month,Yes,Mailed check,56.73,3924.34,1,41.4,No
CUST_02681,Male,56,0,70,Month-to-month,No,Mailed check,65.03,4557.87,2,75.5,No
CUST_02682,Male,59,0,31,Month-to-month,Yes,Electronic check,101.8,3141.05,0,47.6,No
CUST_02683,Female,78,1,31,Month-to-month,No,Mailed check,21.38,648.06,4,32.9,Yes
CUST_02684,Male,74,1,46,Month-to-month,Yes,Mailed check,109.8,5053.98,0,24.7,No
CUST_02685,Female,33,0,52,Month-to-month,Yes,Mailed check,61.3,3200.6,0,19.8,No
CUST_02686,Male,52,0,10,Two year,Yes,Credit card,43.05,434.96,0,21.0,No
CUST_02687,Male,47,0,41,Month-to-month,No,Credit card,70.84,2910.38,1,40.9,Yes
CUST_02688,Female,27,0,3,Month-to-month,Yes,Electronic check,85.97,247.31,3,47.4,Yes
CUST_02689,Male,55,0,59,Month-to-month,Yes,Bank transfer,24.48,1444.71,3,43.8,No
CUST_02690,Female,35,0,52,Month-to-month,No,Electronic check,91.58,4773.46,1,33.3,No
CUST_02691,Female,67,1,34,Month-to-month,Yes,Bank transfer,96.08,3271.05,3,39.1,Yes
CUST_02692,Male,22,0,49,Month-to-month,Yes,Bank transfer,36.62,1795.34,3,63.4,No
CUST_02693,Female,70,1,28,One year,Yes,Mailed check,36.79,1036.01,1,70.6,No
CUST_02694,Female,46,0,13,One year,Yes,Mailed check,40.38,527.19,1,84.0,Yes
CUST_02695,Female,56,0,69,One year,Yes,Electronic check,99.66,6888.48,1,50.8,No
CUST_02696,Female,77,1,67,One year,No,Electronic check,47.2,3164.68,0,76.4,No
CUST_02697,Female,51,0,61,Month-to-month,No,Electronic check,99.59,6074.9,1,52.9,No
CUST_02698,Female,60,0,60,Two year,No,Credit card,74.05,4432.67,1,78.8,No
CUST_02699,Female,79,1,71,Month-to-month,Yes,Credit card,96.72,6879.06,1,61.8,No
CUST_02700,Female,62,0,24,One year,Yes,Credit card,75.37,1799.41,0,50.9,No
CUST_02701,Male,40,0,63,Month-to-month,Yes,Credit card,53.58,3377.72,1,10.2,No
CUST_02702,Male,22,0,61,Two year,Yes,Credit card,111.07,6783.37,1,47.0,No
CUST_02703,Female,47,0,23,One year,Yes,Mailed check,91.53,2123.07,2,33.8,No
CUST_02704,Male,23,0,30,Month-to-month,No,Bank transfer,68.41,2054.43,1,42.7,No
CUST_02705,Female,73,1,60,One year,No,Credit card,83.74,5038.48,3,75.1,Yes
CUST_02706,Female,75,1,18,Month-to-month,No,Electronic check,81.58,1468.79,2,58.5,No
CUST_02707,Male,78,1,56,One year,Yes,Bank transfer,55.81,3119.85,1,70.1,No
CUST_02708,Female,63,0,53,One year,No,Credit card,62.38,3333.65,1,61.4,No
CUST_02709,Female,61,0,7,Month-to-month,No,Credit card,51.83,350.6,1,30.7,Yes
CUST_02710,Female,21,0,69,Month-to-month,No,Mailed check,119.95,8305.89,0,88.6,No
CUST_02711,Female,46,0,72,Month-to-month,No,Mailed check,78.01,5632.75,2,46.6,No
CUST_02712,Male,40,0,52,One year,Yes,Mailed check,29.21,1512.94,1,70.8,No
CUST_02713,Female,23,0,4,Month-to-month,Yes,Credit card,71.91,294.14,1,82.6,Yes
CUST_02714,Female,49,0,34,One year,No,Mailed check,25.0,835.89,3,22.8,No
CUST_02715,Female,59,0,69,Two year,No,Credit card,48.87,3377.63,1,48.2,No
CUST_02716,Male,35,0,33,Month-to-month,No,Bank transfer,64.6,2134.89,4,64.0,No
CUST_02717,Female,32,0,69,Two year,No,Bank transfer,73.43,5075.13,2,44.4,No
CUST_02718,Male,57,0,38,One year,No,Credit card,117.62,4465.45,3,104.7,No
CUST_02719,Male,75,1,26,Month-to-month,No,Electronic check,118.22,3075.37,1,55.3,Yes
CUST_02720,Female,49,0,1,Month-to-month,No,Credit card,29.81,34.57,1,62.4,Yes
CUST_02721,Female,26,0,4,One year,No,Bank transfer,73.81,290.37,1,86.7,No
CUST_02722,Male,54,0,39,Month-to-month,No,Bank transfer,101.71,3980.79,1,22.4,No
CUST_02723,Female,27,0,54,Month-to-month,Yes,Credit card,43.77,2364.95,1,41.2,No
CUST_02724,Male,37,0,33,Month-to-month,No,Credit card,95.06,3140.3,3,30.8,Yes
CUST_02725,Male,23,0,33,One year,Yes,Credit card,107.86,3551.12,4,58.6,No
CUST_02726,Female,65,1,72,One year,Yes,Bank transfer,86.25,,0,82.7,No
CUST_02727,Female,73,1,20,One year,No,Electronic check,52.77,1041.94,1,29.1,No
CUST_02728,Male,76,1,16,Month-to-month,No,Credit card,112.31,1802.97,3,21.8,Yes
CUST_02729,Male,20,0,21,Two year,Yes,Bank transfer,108.35,2267.49,3,53.6,No
CUST_02730,Male,59,0,45,Two year,Yes,Credit card,91.58,4128.5,0,77.2,No
CUST_02731,Male,28,0,62,Month-to-month,No,Bank transfer,56.37,3511.29,2,34.2,No
CUST_02732,Female,60,0,31,Month-to-month,Yes,Credit card,99.19,3082.59,1,29.7,No
CUST_02733,Female,34,0,42,Two year,No,Bank transfer,51.61,2171.92,1,81.7,No
CUST_02734,Female,49,0,12,Two year,No,Credit card,45.3,550.1,0,46.1,No
CUST_02735,Female,21,0,65,One year,Yes,Mailed check,71.5,4658.63,5,62.7,No
CUST_02736,Female,21,0,3,Two year,No,Credit card,119.71,362.26,2,77.6,No
CUST_02737,Male,34,0,9,One year,Yes,Bank transfer,100.43,910.53,1,60.3,No
CUST_02738,Female,58,0,51,Month-to-month,No,Credit card,92.98,4736.29,3,50.7,No
CUST_02739,Female,36,0,16,One year,No,Electronic check,65.2,1033.46,1,30.6,No
CUST_02740,Female,22,0,3,One year,Yes,Credit card,51.2,148.53,2,39.4,No
CUST_02741,Female,49,0,24,Two year,Yes,Credit card,105.59,2530.9,2,57.0,No
CUST_02742,Female,39,0,13,Month-to-month,No,Credit card,76.77,994.38,0,74.9,No
CUST_02743,Male,73,1,2,One year,No,Electronic check,101.33,214.12,2,40.4,Yes
CUST_02744,Male,23,0,71,One year,Yes,Electronic check,68.78,4855.89,0,38.2,Yes
CUST_02745,Male,52,0,21,Month-to-month,No,Electronic check,95.4,2001.17,1,59.7,No
CUST_02746,Female,39,0,19,Month-to-month,Yes,Mailed check,106.77,2036.14,2,34.7,No
CUST_02747,Male,18,0,47,Two year,Yes,Electronic check,59.14,2786.6,3,58.8,No
CUST_02748,Male,37,0,22,Month-to-month,Yes,Mailed check,21.36,461.66,2,32.9,Yes
CUST_02749,Female,39,0,33,One year,No,Credit card,45.49,1518.64,0,55.2,No
CUST_02750,Female,65,1,32,Two year,Yes,Mailed check,111.49,3553.89,5,43.6,No
CUST_02751,Female,72,1,64,Month-to-month,No,Credit card,88.75,5676.77,1,52.3,No
CUST_02752,Male,28,0,39,Two year,Yes,Mailed check,93.72,3652.05,0,66.1,No
CUST_02753,Male,30,0,72,One year,No,Electronic check,52.53,3778.88,0,48.1,No
CUST_02754,Female,76,1,42,Month-to-month,No,Electronic check,90.13,3798.94,4,58.1,Yes
CUST_02755,Female,59,0,9,Month-to-month,Yes,Mailed check,84.63,761.81,2,36.2,No
CUST_02756,Male,20,0,25,Two year,Yes,Mailed check,37.84,949.13,1,39.0,No
CUST_02757,Male,26,0,2,Month-to-month,Yes,Electronic check,116.87,242.53,0,28.1,Yes
CUST_02758,Female,77,1,19,Month-to-month,No,Credit card,55.4,1046.25,1,48.8,No
CUST_02759,Female,29,0,20,Month-to-month,No,Credit card,52.93,1057.03,4,55.9,No
CUST_02760,Male,40,0,70,Month-to-month,No,Credit card,56.92,4000.89,1,57.7,No
CUST_02761,Female,31,0,17,Month-to-month,Yes,Credit card,29.17,499.71,1,83.9,No
CUST_02762,Male,50,0,68,Two year,Yes,Bank transfer,82.5,5598.8,2,59.5,No
CUST_02763,Male,35,0,3,Two year,Yes,Credit card,43.86,123.02,1,41.4,No
CUST_02764,Male,66,1,51,Month-to-month,Yes,Bank transfer,100.33,5125.81,2,96.5,No
CUST_02765,Male,76,1,26,Month-to-month,Yes,Bank transfer,59.42,1533.51,0,34.3,No
CUST_02766,Female,58,0,56,One year,No,Electronic check,65.86,3683.2,1,54.0,No
CUST_02767,Female,26,0,64,Month-to-month,Yes,Electronic check,84.64,5419.13,2,72.2,No
CUST_02768,Male,40,0,8,Two year,No,Mailed check,96.19,769.63,2,61.2,No
CUST_02769,Male,27,0,37,Two year,Yes,Credit card,43.11,1609.96,0,8.2,No
CUST_02770,Male,36,0,27,Two year,Yes,Credit card,116.63,3124.49,2,63.6,No
CUST_02771,Male,78,1,45,Month-to-month,Yes,Electronic check,82.23,3705.27,1,39.0,No
CUST_02772,Male,64,0,4,Month-to-month,Yes,Electronic check,20.56,79.43,2,34.8,No
CUST_02773,Female,22,0,37,Month-to-month,Yes,Electronic check,61.56,2290.97,0,16.4,No
CUST_02774,Female,64,0,71,Month-to-month,No,Mailed check,63.68,4519.05,2,53.1,No
CUST_02775,Female,69,1,33,Month-to-month,Yes,Credit card,100.92,3328.18,1,40.9,No
CUST_02776,Female,40,0,31,Two year,No,Mailed check,50.51,1565.89,1,56.8,No
CUST_02777,Male,47,0,55,Two year,No,Bank transfer,53.12,2915.13,2,32.4,No
CUST_02778,Male,42,0,12,Two year,No,Bank transfer,27.05,318.68,2,121.5,No
CUST_02779,Male,45,0,11,Two year,No,Credit card,48.35,530.41,3,41.8,No
CUST_02780,Male,51,0,72,Month-to-month,Yes,Electronic check,91.7,6618.57,2,73.2,No
CUST_02781,Male,62,0,32,One year,Yes,Electronic check,83.48,2666.31,1,72.8,No
CUST_02782,Female,73,1,57,Month-to-month,Yes,Mailed check,28.14,1597.07,3,69.5,No
CUST_02783,Male,65,1,38,Month-to-month,Yes,Bank transfer,31.47,1191.84,0,32.8,No
CUST_02784,Female,64,0,60,One year,Yes,Bank transfer,57.69,3461.59,1,88.4,Yes
CUST_02785,Female,42,0,19,One year,No,Credit card,94.38,1811.06,2,55.6,No
CUST_02786,Female,27,0,56,One year,Yes,Bank transfer,103.29,5776.7,1,58.0,No
CUST_02787,Female,31,0,14,Month-to-month,Yes,Electronic check,21.46,325.46,1,48.4,Yes
CUST_02788,Male,59,0,33,Month-to-month,No,Electronic check,52.9,1750.26,1,50.1,No
CUST_02789,Female,74,1,10,Month-to-month,Yes,Electronic check,62.43,614.26,1,51.0,No
CUST_02790,Female,63,0,64,Month-to-month,Yes,Credit card,111.11,7105.78,1,19.3,No
CUST_02791,Female,75,1,64,Month-to-month,No,Mailed check,70.14,4469.64,1,55.2,No
CUST_02792,Male,47,0,62,One year,Yes,Bank transfer,46.97,2913.21,2,66.0,No
CUST_02793,Male,72,1,68,Two year,No,Credit card,59.0,4022.84,2,38.6,No
CUST_02794,Male,58,0,43,Month-to-month,No,Mailed check,63.64,2736.98,2,47.9,No
CUST_02795,Female,42,0,59,One year,Yes,Credit card,87.0,5141.0,4,16.0,No
CUST_02796,Female,31,0,52,Month-to-month,No,Bank transfer,24.11,1257.94,2,72.2,No
CUST_02797,Male,52,0,19,Two year,Yes,Electronic check,58.95,1132.06,3,81.2,No
CUST_02798,Female,69,1,21,Month-to-month,Yes,Mailed check,84.66,1767.97,2,54.4,Yes
CUST_02799,Male,65,1,22,Two year,Yes,Mailed check,48.33,1072.14,0,57.1,No
CUST_02800,Male,51,0,9,Two year,No,Credit card,79.18,731.44,1,55.9,No
CUST_02801,Female,27,0,9,Two year,No,Credit card,55.73,527.2,0,65.0,No
CUST_02802,Female,52,0,27,Month-to-month,No,Electronic check,95.87,2602.75,1,55.0,No
CUST_02803,Female,28,0,17,One year,No,Credit card,26.06,444.73,0,70.5,No
CUST_02804,Female,28,0,44,Month-to-month,No,Bank transfer,111.8,4909.38,2,63.7,Yes
CUST_02805,Male,38,0,45,Month-to-month,No,Bank transfer,37.16,1664.09,0,65.4,No
CUST_02806,Male,38,0,8,Month-to-month,No,Bank transfer,35.85,285.11,4,57.7,No
CUST_02807,Male,39,0,18,Two year,No,Bank transfer,104.06,1891.76,0,64.3,No
CUST_02808,Male,62,0,33,Two year,No,Electronic check,106.93,3523.33,0,34.7,No
CUST_02809,Male,24,0,1,Month-to-month,No,Electronic check,29.3,31.09,0,11.7,No
CUST_02810,Female,72,1,6,One year,No,Electronic check,110.87,674.64,1,48.4,No
CUST_02811,Male,34,0,41,Two year,Yes,Credit card,47.33,1907.66,2,87.2,No
CUST_02812,Male,79,1,55,Month-to-month,No,Electronic check,81.86,4491.79,0,63.3,No
CUST_02813,Male,19,0,5,Month-to-month,Yes,Mailed check,26.86,153.83,0,64.7,No
CUST_02814,Female,29,0,59,Month-to-month,Yes,Mailed check,58.07,3436.33,3,29.9,Yes
CUST_02815,Female,74,1,18,One year,Yes,Mailed check,65.07,1181.8,2,59.0,No
CUST_02816,Female,59,0,49,Month-to-month,Yes,Credit card,79.98,3909.76,0,28.1,No
CUST_02817,Female,35,0,65,One year,No,Credit card,72.53,4728.78,1,49.7,No
CUST_02818,Male,71,1,54,Month-to-month,Yes,Electronic check,66.15,3563.89,6,44.8,No
CUST_02819,Male,76,1,61,Month-to-month,Yes,Bank transfer,115.96,7074.72,0,59.3,No
CUST_02820,Female,28,0,8,Month-to-month,Yes,Mailed check,38.5,314.97,1,50.7,No
CUST_02821,Female,33,0,3,Month-to-month,No,Credit card,35.8,115.73,1,67.9,No
CUST_02822,Male,66,1,25,Month-to-month,Yes,Mailed check,91.34,2288.48,0,70.6,Yes
CUST_02823,Male,68,1,69,Month-to-month,Yes,Electronic check,27.46,1892.4,0,74.6,No
CUST_02824,Female,35,0,55,Two year,No,Credit card,68.29,3737.43,0,110.4,No
CUST_02825,Female,52,0,40,Month-to-month,No,Bank transfer,68.41,2737.04,3,34.9,Yes
CUST_02826,Female,70,1,50,One year,No,Bank transfer,51.0,2528.44,1,41.9,No
CUST_02827,Female,76,1,33,Two year,No,Credit card,113.04,3736.14,1,42.4,No
CUST_02828,Male,43,0,18,Two year,No,Bank transfer,48.25,858.79,2,11.2,No
CUST_02829,Male,33,0,57,Two year,No,Electronic check,48.84,2782.52,3,55.7,No
CUST_02830,Male,23,0,16,One year,No,Bank transfer,43.43,689.76,2,48.1,No
CUST_02831,Female,74,1,38,Month-to-month,No,Mailed check,34.58,1319.65,1,73.1,No
CUST_02832,Female,61,0,41,Two year,No,Mailed check,56.4,2304.54,3,68.3,No
CUST_02833,Male,60,0,7,Two year,Yes,Mailed check,88.09,619.18,1,58.9,No
CUST_02834,Male,64,0,53,Two year,No,Credit card,94.22,4995.31,1,55.4,No
CUST_02835,Male,64,0,63,One year,Yes,Credit card,101.34,6385.2,0,38.8,No
CUST_02836,Male,65,1,32,One year,Yes,Credit card,39.75,1276.07,1,53.9,No
CUST_02837,Female,59,0,38,Month-to-month,No,Credit card,23.56,883.38,1,57.6,No
CUST_02838,Male,29,0,22,One year,No,Credit card,117.47,2572.65,2,49.5,No
CUST_02839,Male,77,1,16,Month-to-month,No,Electronic check,21.43,357.27,3,49.6,Yes
CUST_02840,Male,30,0,52,Month-to-month,No,Credit card,116.07,6020.13,4,52.8,No
CUST_02841,Male,21,0,29,One year,Yes,Bank transfer,102.88,3005.23,1,54.2,No
CUST_02842,Male,56,0,16,Month-to-month,Yes,Electronic check,111.21,1777.94,0,68.0,No
CUST_02843,Male,71,1,17,Month-to-month,No,Credit card,58.72,989.71,1,0.0,No
CUST_02844,Male,19,0,64,Two year,Yes,Bank transfer,39.72,2550.7,1,55.6,Yes
CUST_02845,Female,43,0,13,Two year,No,Electronic check,80.65,1042.78,2,55.2,No
CUST_02846,Female,76,1,72,One year,Yes,Mailed check,94.13,6780.39,2,67.0,No
CUST_02847,Female,44,0,56,One year,Yes,Electronic check,33.09,1865.25,4,48.0,No
CUST_02848,Female,44,0,5,Two year,No,Credit card,99.76,505.94,2,8.1,No
CUST_02849,Male,32,0,12,Month-to-month,No,Electronic check,40.86,494.58,0,13.7,No
CUST_02850,Female,25,0,41,One year,Yes,Electronic check,69.17,2842.42,2,8.4,No
CUST_02851,Female,24,0,3,Month-to-month,No,Mailed check,105.65,317.35,3,70.3,Yes
CUST_02852,Male,64,0,33,Month-to-month,Yes,Electronic check,39.34,1306.41,1,21.2,No
CUST_02853,Male,72,1,50,One year,No,Electronic check,44.19,,0,76.4,No
CUST_02854,Female,63,0,56,One year,No,Mailed check,26.28,1486.11,1,42.6,No
CUST_02855,Female,57,0,9,Month-to-month,No,Credit card,34.66,310.39,1,45.7,No
CUST_02856,Male,77,1,50,Month-to-month,No,Bank transfer,34.65,1734.4,0,84.9,No
CUST_02857,Female,29,0,29,One year,No,Electronic check,40.34,1166.8,1,55.6,No
CUST_02858,Male,30,0,39,One year,No,Mailed check,48.62,1902.24,0,22.7,No
CUST_02859,Male,79,1,45,One year,No,Electronic check,101.5,4577.97,2,52.4,No
CUST_02860,Male,60,0,17,Month-to-month,Yes,Credit card,111.58,1886.88,2,69.2,No
CUST_02861,Male,34,0,56,One year,No,Credit card,60.63,3394.48,0,39.3,No
CUST_02862,Female,78,1,46,Month-to-month,Yes,Mailed check,32.82,1511.46,0,86.5,No
CUST_02863,Male,34,0,67,Month-to-month,No,Bank transfer,42.38,2843.89,1,25.0,No
CUST_02864,Male,73,1,69,One year,Yes,Bank transfer,93.62,6456.91,2,7.8,No
CUST_02865,Female,53,0,14,One year,No,Electronic check,87.74,1224.08,4,84.9,No
CUST_02866,Male,38,0,67,Month-to-month,No,Mailed check,116.72,7829.15,1,33.0,No
CUST_02867,Female,25,0,23,Month-to-month,Yes,Bank transfer,21.45,498.41,4,30.5,No
CUST_02868,Female,22,0,61,One year,No,Credit card,95.08,5801.78,2,40.0,No
CUST_02869,Female,43,0,23,Month-to-month,No,Bank transfer,70.58,1635.82,1,30.5,No
CUST_02870,Male,33,0,27,Month-to-month,No,Mailed check,110.27,2963.89,0,68.0,No
CUST_02871,Female,53,0,54,Month-to-month,No,Credit card,77.62,4199.28,4,40.7,No
CUST_02872,Female,45,0,10,Month-to-month,No,Electronic check,64.67,650.4,0,26.2,Yes
CUST_02873,Male,71,1,16,Month-to-month,Yes,Credit card,86.59,1370.81,1,44.5,No
CUST_02874,Female,46,0,41,Two year,No,Bank transfer,103.35,4249.11,1,31.9,Yes
CUST_02875,Female,64,0,55,One year,Yes,Bank transfer,48.25,2659.64,1,49.2,No
CUST_02876,Female,29,0,61,One year,Yes,Bank transfer,30.75,1883.15,4,30.9,No
CUST_02877,Female,54,0,49,One year,Yes,Electronic check,63.3,3098.75,4,46.1,No
CUST_02878,Female,47,0,52,One year,Yes,Bank transfer,41.45,2163.13,2,46.6,No
CUST_02879,Male,40,0,2,Two year,Yes,Mailed check,62.95,118.6,2,87.3,No
CUST_02880,Female,33,0,50,One year,Yes,Electronic check,119.1,5941.79,1,73.6,No
CUST_02881,Female,31,0,43,Month-to-month,Yes,Credit card,77.41,3328.59,0,53.5,No
CUST_02882,Male,27,0,8,One year,Yes,Bank transfer,89.36,721.63,1,43.9,No
CUST_02883,Male,24,0,59,Month-to-month,No,Mailed check,87.79,5189.93,0,43.6,No
CUST_02884,Male,62,0,65,One year,Yes,Mailed check,102.07,6636.06,0,52.6,No
CUST_02885,Female,69,1,12,One year,No,Electronic check,114.41,1373.69,0,33.2,No
CUST_02886,Male,77,1,4,Two year,Yes,Mailed check,85.88,353.67,1,42.5,No
CUST_02887,Female,78,1,41,One year,Yes,Electronic check,67.61,2768.65,3,45.0,No
CUST_02888,Female,54,0,7,Month-to-month,No,Electronic check,51.78,356.86,2,49.6,No
CUST_02889,Male,46,0,69,Month-to-month,Yes,Electronic check,56.03,3882.08,0,53.2,No
CUST_02890,Male,20,0,69,Month-to-month,No,Credit card,53.45,3685.14,1,64.5,Yes
CUST_02891,Female,32,0,30,Month-to-month,Yes,Credit card,52.45,1582.56,0,68.5,No
CUST_02892,Male,53,0,6,Month-to-month,No,Mailed check,89.46,550.37,3,60.9,No
CUST_02893,Female,64,0,19,Month-to-month,No,Credit card,78.77,1498.75,0,84.9,No
CUST_02894,Male,63,0,66,Month-to-month,Yes,Electronic check,40.2,2655.81,2,63.2,No
CUST_02895,Male,69,1,10,Two year,Yes,Electronic check,116.96,1187.6,2,48.9,No
CUST_02896,Male,36,0,16,Month-to-month,Yes,Credit card,62.77,991.28,0,48.4,No
CUST_02897,Female,30,0,37,Month-to-month,Yes,Mailed check,76.61,2821.27,2,68.2,Yes
CUST_02898,Male,59,0,32,Month-to-month,No,Electronic check,90.26,2896.48,0,45.1,No
CUST_02899,Female,38,0,47,One year,No,Credit card,81.37,3820.2,1,58.1,Yes
CUST_02900,Female,54,0,72,Month-to-month,No,Bank transfer,51.11,3688.19,3,60.1,No
CUST_02901,Female,44,0,43,One year,No,Mailed check,99.77,4289.57,1,0.6,No
CUST_02902,Female,72,1,36,Month-to-month,No,Mailed check,31.02,1124.88,4,20.1,No
CUST_02903,Male,69,1,26,One year,No,Mailed check,76.9,1990.57,2,67.5,No
CUST_02904,Female,46,0,10,Two year,No,Bank transfer,47.33,479.45,2,58.9,No
CUST_02905,Female,37,0,31,Month-to-month,Yes,Electronic check,81.58,2523.85,1,0.0,Yes
CUST_02906,Male,42,0,29,Month-to-month,Yes,Mailed check,41.8,1219.38,2,0.0,No
CUST_02907,Female,23,0,5,Month-to-month,Yes,Credit card,97.22,509.75,3,79.1,Yes
CUST_02908,Male,53,0,1,One year,Yes,Mailed check,42.75,42.75,2,63.0,No
CUST_02909,Female,19,0,3,Month-to-month,Yes,Credit card,109.04,323.58,1,77.6,No
CUST_02910,Male,39,0,67,One year,Yes,Mailed check,106.16,7111.14,0,30.7,No
CUST_02911,Female,49,0,71,One year,Yes,Credit card,56.24,3996.22,2,37.7,No
CUST_02912,Male,33,0,35,One year,Yes,Credit card,58.58,2027.46,1,86.4,No
CUST_02913,Female,35,0,15,Month-to-month,No,Credit card,90.15,1352.59,2,58.2,No
CUST_02914,Female,22,0,67,Month-to-month,Yes,Bank transfer,29.04,1943.32,3,51.7,No
CUST_02915,Male,71,1,30,One year,Yes,Bank transfer,28.09,840.64,0,46.8,No
CUST_02916,Male,53,0,43,Two year,Yes,Bank transfer,33.63,1449.14,3,15.4,No
CUST_02917,Male,47,0,60,Two year,No,Electronic check,76.25,4578.39,2,72.6,No
CUST_02918,Male,62,0,40,Two year,Yes,Credit card,34.9,1399.4,4,10.5,No
CUST_02919,Female,36,0,65,One year,No,Electronic check,47.76,3093.74,3,63.1,No
CUST_02920,Female,40,0,29,One year,No,Bank transfer,84.69,2453.54,2,51.7,No
CUST_02921,Male,51,0,19,One year,Yes,Credit card,21.56,406.76,0,55.9,No
CUST_02922,Female,30,0,3,Month-to-month,No,Electronic check,38.02,119.34,1,38.2,Yes
CUST_02923,Male,60,0,36,One year,Yes,Bank transfer,112.99,4058.09,1,79.2,No
CUST_02924,Male,79,1,43,Month-to-month,Yes,Electronic check,86.36,3715.32,0,38.4,No
CUST_02925,Female,71,1,15,Month-to-month,Yes,Electronic check,50.56,774.42,3,49.5,No
CUST_02926,Female,46,0,41,One year,No,Bank transfer,24.53,979.14,4,50.3,No
CUST_02927,Female,53,0,36,Month-to-month,Yes,Credit card,78.6,2828.08,2,43.4,No
CUST_02928,Female,39,0,33,Month-to-month,Yes,Mailed check,42.29,1375.61,2,58.1,No
CUST_02929,Female,69,1,5,Month-to-month,Yes,Mailed check,116.02,580.09,0,64.4,No
CUST_02930,Female,69,1,14,Two year,No,Electronic check,88.7,1250.1,0,47.8,No
CUST_02931,Female,64,0,68,One year,No,Electronic check,117.41,7978.93,1,62.6,No
CUST_02932,Male,53,0,47,One year,No,Electronic check,104.89,4939.09,4,62.8,No
CUST_02933,Male,26,0,54,Month-to-month,No,Credit card,68.3,3701.96,4,57.9,No
CUST_02934,Male,56,0,4,Month-to-month,Yes,Electronic check,86.96,351.84,0,80.1,No
CUST_02935,Male,68,1,9,Month-to-month,Yes,Electronic check,101.21,905.75,3,82.4,Yes
CUST_02936,Male,36,0,53,Month-to-month,No,Electronic check,77.82,4129.71,1,42.0,No
CUST_02937,Female,55,0,60,One year,Yes,Bank transfer,26.15,1585.73,2,44.0,Yes
CUST_02938,Male,23,0,46,Month-to-month,No,Mailed check,67.04,3070.74,1,63.9,No
CUST_02939,Male,69,1,54,Month-to-month,Yes,Mailed check,33.06,1796.18,3,48.7,No
CUST_02940,Male,64,0,37,Month-to-month,Yes,Bank transfer,91.48,3372.04,0,56.2,No
CUST_02941,Male,32,0,23,Month-to-month,No,Credit card,88.06,2010.27,2,26.6,No
CUST_02942,Male,74,1,27,Month-to-month,No,Credit card,119.29,3208.52,1,44.6,Yes
CUST_02943,Male,37,0,70,One year,Yes,Credit card,82.88,5801.27,2,51.7,No
CUST_02944,Male,26,0,66,One year,No,Bank transfer,100.01,6613.54,2,31.7,No
CUST_02945,Female,49,0,61,Two year,Yes,Mailed check,46.83,2836.45,3,17.0,No
CUST_02946,Female,21,0,51,One year,Yes,Mailed check,54.0,2764.02,0,75.5,No
CUST_02947,Male,67,1,50,Month-to-month,Yes,Electronic check,111.7,5583.59,3,19.1,Yes
CUST_02948,Female,35,0,19,One year,Yes,Mailed check,95.52,1803.84,2,81.2,No
CUST_02949,Female,22,0,1,One year,No,Credit card,85.53,91.44,3,72.6,No
CUST_02950,Female,37,0,40,Month-to-month,Yes,Credit card,45.4,1811.36,1,56.2,No
CUST_02951,Female,40,0,32,One year,Yes,Electronic check,89.86,2898.04,1,59.0,No
CUST_02952,Male,79,1,22,Two year,Yes,Electronic check,108.68,2395.86,0,64.9,No
CUST_02953,Female,28,0,66,Month-to-month,No,Mailed check,43.08,2843.82,1,41.7,No
CUST_02954,Female,54,0,40,One year,Yes,Electronic check,90.61,3630.98,0,42.6,No
CUST_02955,Female,39,0,38,Two year,No,Electronic check,59.37,2269.47,0,46.1,No
CUST_02956,Male,75,1,48,One year,No,Bank transfer,31.88,1544.49,2,56.9,No
CUST_02957,Male,21,0,55,One year,No,Mailed check,96.35,5308.31,1,36.6,No
CUST_02958,Male,46,0,55,Month-to-month,No,Credit card,36.71,2033.02,1,39.8,Yes
CUST_02959,Male,61,0,51,Month-to-month,No,Bank transfer,45.29,2321.8,1,90.0,Yes
CUST_02960,Male,51,0,60,One year,No,Credit card,98.29,5906.75,2,56.2,No
CUST_02961,Male,30,0,8,One year,No,Electronic check,94.21,749.76,0,26.8,No
CUST_02962,Male,59,0,68,Two year,Yes,Electronic check,45.42,3101.02,3,67.1,No
CUST_02963,Female,26,0,72,Month-to-month,Yes,Credit card,114.1,8210.66,2,44.3,No
CUST_02964,Female,59,0,9,Month-to-month,No,Bank transfer,41.53,376.39,0,37.9,No
CUST_02965,Female,48,0,2,Month-to-month,No,Bank transfer,119.36,234.96,0,98.8,Yes
CUST_02966,Male,24,0,70,Month-to-month,No,Bank transfer,93.79,6572.04,1,51.5,No
CUST_02967,Male,21,0,59,Month-to-month,Yes,Electronic check,59.25,3508.59,1,33.9,No
CUST_02968,Male,36,0,19,Month-to-month,No,Mailed check,33.03,623.59,2,38.4,No
CUST_02969,Male,59,0,28,Month-to-month,Yes,Electronic check,52.05,1443.31,1,53.0,No
CUST_02970,Male,47,0,72,Month-to-month,Yes,Credit card,39.37,2845.02,0,52.8,No
CUST_02971,Female,48,0,14,Month-to-month,No,Bank transfer,82.18,1160.93,2,59.3,Yes
CUST_02972,Female,52,0,24,Two year,Yes,Mailed check,55.69,1352.1,5,15.8,No
CUST_02973,Male,74,1,44,One year,No,Bank transfer,49.5,2186.97,3,27.7,No
CUST_02974,Male,38,0,56,Month-to-month,No,Electronic check,95.71,5369.12,1,46.2,No
CUST_02975,Male,78,1,51,Two year,No,Mailed check,43.06,2188.88,2,39.4,No
CUST_02976,Male,48,0,32,One year,Yes,Mailed check,78.69,2525.42,2,28.5,No
CUST_02977,Female,36,0,50,Two year,No,Electronic check,39.46,1994.45,4,57.4,No
CUST_02978,Male,48,0,41,Month-to-month,Yes,Bank transfer,91.48,3745.14,2,59.1,No
CUST_02979,Male,70,1,66,Month-to-month,No,Bank transfer,82.51,5433.62,3,84.4,No
CUST_02980,Male,49,0,25,Two year,No,Bank transfer,99.82,2496.79,0,64.1,No
CUST_02981,Male,19,0,61,Month-to-month,No,Electronic check,26.85,1647.21,2,59.6,No
CUST_02982,Female,76,1,66,Two year,No,Credit card,41.01,2708.86,1,46.5,No
CUST_02983,Male,69,1,42,Two year,No,Credit card,35.45,1506.57,3,104.3,No
CUST_02984,Male,27,0,65,Two year,Yes,Bank transfer,39.06,2530.04,1,43.3,No
CUST_02985,Female,19,0,36,Month-to-month,No,Mailed check,30.3,1075.7,2,43.1,No
CUST_02986,Female,19,0,9,Month-to-month,No,Credit card,76.21,700.16,2,69.4,No
CUST_02987,Female,77,1,36,Month-to-month,No,Bank transfer,79.34,2842.27,2,18.0,No
CUST_02988,Male,41,0,38,Two year,Yes,Credit card,104.35,3968.43,0,48.4,No
CUST_02989,Male,34,0,33,Month-to-month,No,Bank transfer,61.77,2052.55,1,52.0,Yes
CUST_02990,Female,49,0,42,One year,No,Credit card,73.24,3078.18,4,41.9,Yes
CUST_02991,Female,33,0,61,Month-to-month,No,Credit card,119.13,7259.98,1,71.0,No
CUST_02992,Female,33,0,46,Month-to-month,No,Mailed check,73.18,3379.21,2,59.9,No
CUST_02993,Female,63,0,61,Month-to-month,Yes,Mailed check,77.36,4720.52,2,55.9,Yes
CUST_02994,Female,56,0,18,One year,No,Credit card,119.59,2150.44,1,51.3,No
CUST_02995,Female,70,1,70,Two year,Yes,Bank transfer,119.41,8375.34,1,42.8,No
CUST_02996,Male,48,0,15,Month-to-month,Yes,Mailed check,62.4,932.28,3,8.5,No
CUST_02997,Male,60,0,48,Two year,Yes,Electronic check,83.49,4001.75,2,60.8,No
CUST_02998,Male,41,0,72,One year,Yes,Mailed check,68.08,4892.75,1,69.2,No
CUST_02999,Female,18,0,13,One year,No,Credit card,92.07,1209.09,2,49.9,No
CUST_03000,Female,28,0,43,One year,No,Credit card,113.84,4899.34,0,20.1,No
CUST_03001,Female,72,1,60,Month-to-month,Yes,Electronic check,50.97,3053.08,3,40.1,No
CUST_03002,Female,38,0,57,Month-to-month,Yes,Mailed check,101.89,5793.2,1,40.5,No
CUST_03003,Female,21,0,71,One year,Yes,Credit card,85.48,6083.51,0,40.8,No
CUST_03004,Female,24,0,17,Month-to-month,No,Electronic check,48.02,811.59,0,60.0,No
CUST_03005,Male,43,0,50,Month-to-month,Yes,Electronic check,99.73,4968.31,3,23.8,No
CUST_03006,Male,64,0,32,Month-to-month,Yes,Bank transfer,62.71,2007.7,1,46.1,No
CUST_03007,Female,67,1,22,One year,Yes,Mailed check,32.04,715.2,1,46.8,No
CUST_03008,Male,29,0,55,Month-to-month,Yes,Mailed check,119.34,6570.99,2,80.2,No
CUST_03009,Female,48,0,57,One year,Yes,Mailed check,62.56,3567.0,1,57.9,No
CUST_03010,Male,34,0,13,Month-to-month,No,Credit card,74.16,959.6,2,41.2,No
CUST_03011,Female,50,0,47,Two year,Yes,Electronic check,100.8,4731.81,0,77.8,No
CUST_03012,Female,28,0,62,Month-to-month,No,Bank transfer,116.09,7210.19,1,25.9,Yes
CUST_03013,Male,45,0,54,One year,No,Mailed check,107.29,5774.07,2,36.6,No
CUST_03014,Male,49,0,29,One year,No,Bank transfer,72.51,2093.16,1,13.6,No
CUST_03015,Female,18,0,22,One year,No,Bank transfer,74.57,1639.57,1,81.6,No
CUST_03016,Female,64,0,65,Month-to-month,No,Electronic check,48.09,3105.82,0,54.3,No
CUST_03017,Male,45,0,29,One year,Yes,Mailed check,66.28,1919.95,1,45.8,No
CUST_03018,Male,70,1,48,Month-to-month,No,Bank transfer,114.68,5492.56,2,74.8,No
CUST_03019,Female,59,0,5,Month-to-month,No,Mailed check,92.69,468.22,2,38.4,Yes
CUST_03020,Male,24,0,35,One year,Yes,Mailed check,21.19,735.84,2,41.1,No
CUST_03021,Female,19,0,71,One year,No,Mailed check,31.65,2243.2,3,71.9,Yes
CUST_03022,Female,59,0,46,One year,Yes,Bank transfer,112.38,5163.1,2,38.5,No
CUST_03023,Female,41,0,35,Two year,Yes,Electronic check,104.87,3677.28,3,40.3,No
CUST_03024,Female,21,0,45,Month-to-month,Yes,Electronic check,68.62,3087.05,1,51.3,No
CUST_03025,Male,61,0,13,Two year,Yes,Bank transfer,81.7,1071.53,0,56.8,No
CUST_03026,Male,36,0,10,Month-to-month,Yes,Credit card,48.96,501.73,3,64.7,No
CUST_03027,Male,43,0,66,One year,No,Mailed check,99.28,6549.81,1,45.7,No
CUST_03028,Male,28,0,70,One year,Yes,Mailed check,80.33,5616.25,5,16.5,Yes
CUST_03029,Male,57,0,72,Month-to-month,Yes,Electronic check,89.48,6438.56,2,57.1,No
CUST_03030,Male,67,1,25,Month-to-month,No,Bank transfer,57.49,1463.89,2,54.1,No
CUST_03031,Male,60,0,44,One year,No,Bank transfer,63.04,2767.75,2,53.5,No
CUST_03032,Female,28,0,60,Month-to-month,No,Credit card,40.77,2444.35,0,34.9,No
CUST_03033,Male,62,0,47,Month-to-month,No,Credit card,114.81,5397.99,3,12.5,Yes
CUST_03034,Male,20,0,40,Month-to-month,Yes,Electronic check,114.66,4591.69,2,49.4,No
CUST_03035,Female,29,0,7,One year,No,Credit card,101.78,713.46,2,31.0,No
CUST_03036,Male,20,0,46,Month-to-month,Yes,Credit card,113.56,5241.29,1,61.1,No
CUST_03037,Male,59,0,23,Month-to-month,No,Bank transfer,86.53,1992.61,4,65.0,No
CUST_03038,Female,44,0,46,Month-to-month,No,Bank transfer,43.47,1997.91,2,19.2,No
CUST_03039,Male,66,1,13,Month-to-month,No,Credit card,96.02,1257.83,1,36.0,Yes
CUST_03040,Male,71,1,21,Two year,No,Electronic check,52.53,1094.21,1,84.1,Yes
CUST_03041,Male,19,0,1,Two year,No,Credit card,64.05,69.44,1,41.1,No
CUST_03042,Female,66,1,19,Month-to-month,Yes,Electronic check,47.44,897.56,2,53.9,Yes
CUST_03043,Male,33,0,60,One year,Yes,Credit card,62.36,3754.59,1,67.6,No
CUST_03044,Male,19,0,33,One year,Yes,Bank transfer,87.93,2915.37,2,54.5,No
CUST_03045,Female,77,1,4,One year,No,Bank transfer,31.06,122.5,0,71.8,Yes
CUST_03046,Male,71,1,3,One year,Yes,Electronic check,30.52,82.86,3,68.7,Yes
CUST_03047,Female,47,0,52,Month-to-month,No,Credit card,88.38,4576.98,0,76.6,No
CUST_03048,Female,37,0,28,Month-to-month,No,Credit card,97.96,2745.08,2,53.5,No
CUST_03049,Male,55,0,70,Month-to-month,Yes,Electronic check,75.15,5238.94,2,41.9,No
CUST_03050,Female,45,0,70,Month-to-month,Yes,Credit card,38.16,2670.64,1,23.7,No
CUST_03051,Female,42,0,55,One year,No,Mailed check,63.08,3463.55,0,58.4,No
CUST_03052,Male,49,0,57,Month-to-month,No,Bank transfer,95.82,5467.18,1,74.9,No
CUST_03053,Female,78,1,16,Month-to-month,Yes,Bank transfer,88.57,1417.04,4,35.2,No
CUST_03054,Female,27,0,24,Month-to-month,No,Electronic check,30.99,738.01,2,37.4,Yes
CUST_03055,Male,77,1,69,One year,Yes,Credit card,116.91,8075.61,1,42.8,No
CUST_03056,Male,59,0,41,Two year,Yes,Electronic check,42.34,1724.88,1,32.0,No
CUST_03057,Male,57,0,47,One year,No,Mailed check,42.04,,0,53.0,No
CUST_03058,Female,50,0,69,Month-to-month,No,Credit card,65.99,4573.64,1,39.9,No
CUST_03059,Male,30,0,31,One year,No,Mailed check,52.72,1644.11,2,26.2,No
CUST_03060,Female,73,1,30,Month-to-month,No,Electronic check,118.4,3547.9,0,33.4,Yes
CUST_03061,Female,58,0,18,Month-to-month,Yes,Bank transfer,27.65,487.5,3,78.8,No
CUST_03062,Female,71,1,44,Month-to-month,No,Mailed check,50.64,2237.68,0,52.3,No
CUST_03063,Female,59,0,27,One year,Yes,Credit card,58.27,1561.11,0,79.0,No
CUST_03064,Female,64,0,26,One year,Yes,Electronic check,69.35,1803.05,2,39.2,No
CUST_03065,Female,54,0,60,Two year,No,Electronic check,21.64,1305.68,1,21.0,No
CUST_03066,Female,71,1,18,One year,Yes,Electronic check,28.24,498.16,1,44.5,No
CUST_03067,Male,33,0,56,Month-to-month,No,Bank transfer,45.78,2553.09,1,82.9,No
CUST_03068,Male,62,0,31,Month-to-month,No,Electronic check,75.4,2324.23,2,3.5,Yes
CUST_03069,Female,39,0,59,Month-to-month,Yes,Electronic check,96.78,5725.8,2,15.1,No
CUST_03070,Female,74,1,2,One year,Yes,Bank transfer,88.65,194.28,5,44.1,Yes
CUST_03071,Male,37,0,39,One year,Yes,Electronic check,76.7,3008.23,2,71.1,Yes
CUST_03072,Female,67,1,61,Two year,No,Electronic check,59.72,3661.29,1,29.2,No
CUST_03073,Male,60,0,63,One year,No,Mailed check,107.07,6739.05,2,53.4,No
CUST_03074,Male,44,0,18,Two year,Yes,Electronic check,65.98,1169.46,1,48.8,No
CUST_03075,Male,58,0,17,One year,No,Bank transfer,49.93,865.76,0,73.9,No
CUST_03076,Female,33,0,39,Two year,No,Mailed check,82.93,3243.7,0,96.3,No
CUST_03077,Female,51,0,71,One year,Yes,Electronic check,89.21,6342.5,2,34.3,No
CUST_03078,Male,49,0,54,One year,No,Bank transfer,59.85,3221.34,1,42.9,No
CUST_03079,Male,43,0,35,One year,Yes,Credit card,22.81,799.47,1,48.7,No
CUST_03080,Male,42,0,11,One year,Yes,Electronic check,29.41,325.14,1,33.6,No
CUST_03081,Male,19,0,61,Month-to-month,Yes,Credit card,104.56,6377.52,3,85.4,No
CUST_03082,Male,29,0,44,Month-to-month,No,Mailed check,25.65,1120.31,3,27.7,Yes
CUST_03083,Female,57,0,68,Month-to-month,Yes,Bank transfer,79.2,5366.72,2,75.1,No
CUST_03084,Male,26,0,25,Month-to-month,Yes,Mailed check,38.37,951.75,1,41.4,No
CUST_03085,Female,29,0,48,One year,Yes,Credit card,42.89,2030.13,0,48.8,Yes
CUST_03086,Male,43,0,32,Month-to-month,Yes,Credit card,47.33,1510.54,4,52.4,No
CUST_03087,Female,26,0,4,Month-to-month,No,Credit card,23.83,89.17,3,40.4,No
CUST_03088,Female,27,0,38,Month-to-month,Yes,Bank transfer,37.72,1421.82,1,65.6,No
CUST_03089,Female,49,0,63,One year,No,Credit card,85.05,5362.16,0,58.6,No
CUST_03090,Female,74,1,47,Month-to-month,Yes,Credit card,69.87,3280.54,3,80.6,No
CUST_03091,Female,51,0,1,Month-to-month,No,Bank transfer,99.73,99.73,1,62.8,No
CUST_03092,Female,65,1,3,Month-to-month,No,Credit card,26.12,92.28,1,26.0,No
CUST_03093,Male,37,0,62,Month-to-month,No,Electronic check,108.89,6747.96,3,46.9,Yes
CUST_03094,Female,56,0,64,Two year,No,Credit card,119.64,7661.49,0,81.6,No
CUST_03095,Male,77,1,17,Month-to-month,Yes,Bank transfer,21.57,355.93,1,38.6,No
CUST_03096,Female,19,0,62,One year,Yes,Credit card,116.76,7241.92,1,79.7,No
CUST_03097,Female,18,0,35,One year,No,Bank transfer,43.59,1524.49,0,64.4,No
CUST_03098,Male,68,1,13,Two year,No,Credit card,89.25,1161.23,0,66.1,No
CUST_03099,Female,77,1,35,Month-to-month,No,Electronic check,49.25,1711.44,0,7.2,No
CUST_03100,Male,53,0,43,Month-to-month,Yes,Bank transfer,72.18,3092.5,1,58.4,No
CUST_03101,Male,41,0,2,Month-to-month,No,Bank transfer,71.04,138.62,0,91.6,No
CUST_03102,Male,71,1,56,Month-to-month,No,Bank transfer,56.11,3155.5,1,32.6,No
CUST_03103,Male,44,0,51,One year,Yes,Bank transfer,91.75,4665.09,2,81.8,No
CUST_03104,Female,19,0,54,Month-to-month,Yes,Credit card,79.96,4334.84,2,53.7,No
CUST_03105,Female,48,0,16,Month-to-month,Yes,Credit card,70.83,1126.18,2,33.9,No
CUST_03106,Male,74,1,18,Two year,Yes,Electronic check,118.28,2129.94,4,44.3,Yes
CUST_03107,Female,31,0,7,One year,Yes,Electronic check,114.0,808.03,4,15.8,Yes
CUST_03108,Female,19,0,45,Month-to-month,Yes,Credit card,115.54,5195.9,3,50.8,No
CUST_03109,Male,46,0,36,Month-to-month,No,Mailed check,108.13,3890.33,2,58.2,Yes
CUST_03110,Female,32,0,41,Month-to-month,No,Bank transfer,45.52,1880.6,1,97.3,No
CUST_03111,Male,29,0,42,Two year,Yes,Credit card,55.0,2320.87,4,57.7,No
CUST_03112,Male,54,0,7,Two year,No,Electronic check,43.11,308.74,1,78.6,No
CUST_03113,Female,45,0,15,Two year,Yes,Bank transfer,118.62,1777.81,3,30.0,Yes
CUST_03114,Female,37,0,60,Two year,No,Electronic check,35.27,2115.21,3,46.4,No
CUST_03115,Female,78,1,40,One year,Yes,Mailed check,56.65,2255.32,0,56.4,No
CUST_03116,Male,56,0,37,Month-to-month,Yes,Bank transfer,39.9,1473.62,2,32.8,Yes
CUST_03117,Male,41,0,66,Month-to-month,No,Mailed check,42.35,2795.47,2,45.6,No
CUST_03118,Female,38,0,55,One year,No,Mailed check,44.71,2458.65,0,69.4,No
CUST_03119,Female,27,0,56,Two year,Yes,Mailed check,83.97,4705.12,2,98.6,Yes
CUST_03120,Female,63,0,44,Month-to-month,Yes,Credit card,27.6,1225.73,3,66.4,No
CUST_03121,Female,31,0,57,One year,Yes,Electronic check,77.25,4388.31,3,35.8,No
CUST_03122,Male,54,0,6,Two year,Yes,Bank transfer,101.93,605.24,1,49.3,No
CUST_03123,Female,35,0,32,Month-to-month,Yes,Credit card,96.65,3104.32,1,29.0,No
CUST_03124,Male,41,0,18,Two year,Yes,Electronic check,35.12,656.77,2,55.1,Yes
CUST_03125,Male,31,0,68,Month-to-month,No,Credit card,111.47,7569.44,2,79.8,No
CUST_03126,Female,51,0,7,Month-to-month,No,Electronic check,97.01,672.81,2,56.0,Yes
CUST_03127,Female,75,1,8,Month-to-month,No,Bank transfer,20.53,151.16,2,49.8,No
CUST_03128,Female,29,0,64,One year,No,Bank transfer,93.74,5978.83,0,48.6,No
CUST_03129,Male,39,0,7,One year,No,Bank transfer,93.74,658.94,2,53.9,No
CUST_03130,Female,73,1,41,Month-to-month,Yes,Bank transfer,69.68,2862.89,0,83.3,No
CUST_03131,Female,23,0,40,Two year,Yes,Electronic check,24.6,980.93,0,65.4,Yes
CUST_03132,Male,53,0,3,One year,No,Credit card,77.99,231.07,3,29.4,No
CUST_03133,Female,62,0,17,One year,Yes,Bank transfer,96.57,1640.66,3,38.1,Yes
CUST_03134,Male,53,0,66,Month-to-month,No,Bank transfer,47.09,3102.08,1,74.5,No
CUST_03135,Female,39,0,52,Two year,No,Bank transfer,86.71,4508.32,1,58.2,No
CUST_03136,Male,31,0,22,Month-to-month,Yes,Mailed check,55.39,1232.51,2,13.4,Yes
CUST_03137,Female,33,0,4,Month-to-month,Yes,Bank transfer,77.39,301.27,0,71.1,Yes
CUST_03138,Female,78,1,6,Month-to-month,No,Bank transfer,58.46,347.91,2,41.5,Yes
CUST_03139,Male,53,0,38,Month-to-month,No,Electronic check,50.38,1913.02,4,35.9,Yes
CUST_03140,Male,73,1,26,Two year,No,Mailed check,105.59,2739.7,1,70.9,No
CUST_03141,Female,42,0,11,Month-to-month,No,Electronic check,95.38,1049.9,3,69.6,Yes
CUST_03142,Male,49,0,17,Month-to-month,Yes,Credit card,54.54,902.26,1,47.8,No
CUST_03143,Male,50,0,31,Two year,No,Mailed check,63.46,1973.09,1,58.8,No
CUST_03144,Male,62,0,35,One year,Yes,Electronic check,89.17,3111.24,2,37.9,Yes
CUST_03145,Male,53,0,16,One year,No,Electronic check,101.11,1609.32,0,35.2,No
CUST_03146,Female,37,0,18,Month-to-month,No,Credit card,88.43,1590.14,1,42.9,No
CUST_03147,Female,35,0,62,One year,Yes,Credit card,74.09,4579.88,1,43.0,No
CUST_03148,Male,55,0,27,Month-to-month,Yes,Bank transfer,115.44,3130.15,1,38.0,Yes
CUST_03149,Male,20,0,35,Two year,Yes,Bank transfer,97.41,3401.26,1,67.6,No
CUST_03150,Male,40,0,45,One year,Yes,Mailed check,31.56,1446.49,1,52.1,No
CUST_03151,Male,49,0,35,One year,Yes,Mailed check,75.81,2659.79,2,30.8,No
CUST_03152,Female,62,0,28,Month-to-month,No,Credit card,60.96,1701.08,1,37.4,No
CUST_03153,Female,76,1,9,Month-to-month,No,Mailed check,99.49,892.38,2,25.6,No
CUST_03154,Male,33,0,15,Month-to-month,No,Bank transfer,24.47,368.48,2,48.5,No
CUST_03155,Male,76,1,21,Month-to-month,Yes,Credit card,61.07,1299.51,4,78.9,No
CUST_03156,Male,22,0,52,Month-to-month,Yes,Electronic check,51.83,2704.54,3,55.9,No
CUST_03157,Female,21,0,35,One year,Yes,Credit card,34.12,1202.9,2,52.1,No
CUST_03158,Male,38,0,51,Month-to-month,No,Mailed check,57.88,2948.85,0,20.4,No
CUST_03159,Female,57,0,55,One year,Yes,Bank transfer,87.28,4794.73,0,77.4,No
CUST_03160,Male,68,1,44,Month-to-month,No,Bank transfer,56.17,2477.76,2,50.9,No
CUST_03161,Female,31,0,65,Month-to-month,No,Electronic check,78.0,5083.38,2,52.1,No
CUST_03162,Male,56,0,25,One year,No,Electronic check,79.28,1980.65,2,27.0,No
CUST_03163,Female,48,0,47,One year,Yes,Credit card,78.71,3692.58,1,47.6,No
CUST_03164,Male,31,0,56,Month-to-month,No,Bank transfer,72.95,4075.05,3,31.7,No
CUST_03165,Male,23,0,38,Month-to-month,No,Electronic check,31.7,1187.82,3,36.4,No
CUST_03166,Male,29,0,11,One year,No,Electronic check,41.85,455.83,0,16.0,No
CUST_03167,Female,33,0,67,Month-to-month,Yes,Credit card,100.01,6697.91,1,11.1,No
CUST_03168,Male,34,0,15,Month-to-month,No,Credit card,70.24,1053.35,0,93.2,No
CUST_03169,Female,62,0,1,One year,Yes,Bank transfer,90.61,96.02,1,54.0,No
CUST_03170,Female,40,0,7,Month-to-month,Yes,Mailed check,76.99,534.25,2,72.9,No
CUST_03171,Male,31,0,1,Month-to-month,No,Mailed check,23.87,41.82,2,44.2,No
CUST_03172,Male,78,1,49,Two year,No,Bank transfer,99.62,4870.06,0,46.5,No
CUST_03173,Male,24,0,29,One year,Yes,Mailed check,26.43,773.37,2,28.8,No
CUST_03174,Female,63,0,26,Month-to-month,No,Bank transfer,114.32,2960.06,4,62.2,No
CUST_03175,Male,49,0,45,One year,Yes,Bank transfer,41.54,1860.69,2,64.9,No
CUST_03176,Female,32,0,71,Month-to-month,Yes,Electronic check,71.24,5060.89,2,60.5,No
CUST_03177,Female,61,0,12,Two year,Yes,Mailed check,26.36,326.74,2,50.1,No
CUST_03178,Male,34,0,32,One year,No,Bank transfer,109.49,3500.99,1,56.0,No
CUST_03179,Male,58,0,20,Month-to-month,Yes,Mailed check,117.99,2360.73,0,41.3,No
CUST_03180,Male,71,1,51,Month-to-month,Yes,Mailed check,34.63,1778.72,2,70.8,No
CUST_03181,Male,64,0,36,Month-to-month,No,Credit card,49.58,1772.61,2,22.7,No
CUST_03182,Male,61,0,67,One year,No,Mailed check,21.59,1454.06,0,34.1,No
CUST_03183,Male,51,0,1,One year,Yes,Bank transfer,98.7,98.7,2,45.5,No
CUST_03184,Female,22,0,27,Month-to-month,Yes,Electronic check,51.15,1383.38,4,24.8,No
CUST_03185,Female,62,0,40,Month-to-month,Yes,Mailed check,78.88,3160.75,4,19.3,No
CUST_03186,Female,44,0,14,Month-to-month,No,Bank transfer,23.92,323.15,3,45.6,Yes
CUST_03187,Male,69,1,69,Month-to-month,Yes,Credit card,91.55,6309.21,2,41.3,No
CUST_03188,Female,40,0,6,Month-to-month,Yes,Mailed check,72.94,444.3,2,46.8,No
CUST_03189,Female,57,0,33,One year,No,Electronic check,92.5,3049.83,0,50.3,No
CUST_03190,Female,76,1,55,One year,No,Mailed check,98.96,5435.47,0,62.1,No
CUST_03191,Female,31,0,19,Two year,Yes,Bank transfer,28.92,551.51,1,52.0,No
CUST_03192,Female,32,0,29,Two year,No,Mailed check,77.81,2245.67,1,84.9,No
CUST_03193,Male,60,0,61,One year,Yes,Mailed check,84.99,5172.83,2,53.9,No
CUST_03194,Male,50,0,70,One year,Yes,Credit card,71.67,4993.15,1,80.9,No
CUST_03195,Female,70,1,24,Two year,No,Mailed check,38.24,921.38,2,71.0,Yes
CUST_03196,Female,48,0,23,Month-to-month,Yes,Electronic check,99.56,2290.19,2,72.9,No
CUST_03197,Female,52,0,10,Month-to-month,Yes,Mailed check,119.75,1202.86,2,19.0,Yes
CUST_03198,Male,34,0,54,Month-to-month,No,Credit card,116.93,6326.28,2,53.9,No
CUST_03199,Male,45,0,41,One year,Yes,Bank transfer,97.75,4005.46,2,57.6,No
CUST_03200,Female,36,0,49,One year,No,Mailed check,61.81,3028.03,4,44.2,No
CUST_03201,Male,63,0,17,Month-to-month,Yes,Mailed check,53.73,916.84,3,53.2,Yes
CUST_03202,Male,71,1,56,One year,No,Credit card,26.85,1498.16,0,29.7,No
CUST_03203,Female,79,1,45,One year,No,Credit card,61.63,2758.71,5,78.7,No
CUST_03204,Male,40,0,30,Month-to-month,No,Credit card,35.6,1056.63,3,50.2,No
CUST_03205,Male,49,0,44,Month-to-month,No,Mailed check,45.43,1998.67,0,58.1,No
CUST_03206,Female,57,0,55,Month-to-month,No,Electronic check,109.19,6015.38,0,34.1,No
CUST_03207,Male,30,0,19,Month-to-month,No,Credit card,116.85,2235.87,0,81.4,No
CUST_03208,Male,76,1,29,Two year,Yes,Bank transfer,114.86,3327.97,1,66.5,Yes
CUST_03209,Female,37,0,2,Two year,Yes,Mailed check,39.34,80.35,1,70.9,No
CUST_03210,Male,52,0,36,Two year,No,Bank transfer,110.09,3981.93,2,90.5,No
CUST_03211,Male,22,0,19,One year,Yes,Bank transfer,34.15,654.03,1,45.8,No
CUST_03212,Female,26,0,7,One year,No,Electronic check,70.77,496.73,2,61.9,No
CUST_03213,Female,46,0,26,One year,No,Bank transfer,84.37,2195.63,2,60.5,No
CUST_03214,Female,23,0,38,One year,Yes,Credit card,66.25,2523.19,3,38.8,No
CUST_03215,Male,42,0,3,One year,No,Credit card,115.18,333.35,1,57.7,No
CUST_03216,Female,48,0,66,One year,Yes,Mailed check,53.32,3526.81,2,34.1,No
CUST_03217,Male,39,0,71,Month-to-month,No,Electronic check,72.74,5168.77,1,49.5,No
CUST_03218,Female,19,0,43,One year,No,Electronic check,27.54,1195.32,1,17.7,No
CUST_03219,Male,62,0,62,Month-to-month,Yes,Bank transfer,105.22,6528.73,1,34.3,Yes
CUST_03220,Female,22,0,71,One year,No,Electronic check,61.34,4365.09,3,13.4,No
CUST_03221,Female,77,1,24,Month-to-month,No,Bank transfer,90.05,2152.05,3,80.3,Yes
CUST_03222,Female,44,0,39,Month-to-month,No,Bank transfer,88.22,3434.79,0,63.3,No
CUST_03223,Female,42,0,68,Two year,Yes,Electronic check,87.63,5960.11,2,40.6,No
CUST_03224,Male,25,0,44,Month-to-month,Yes,Mailed check,70.69,3103.02,0,34.9,No
CUST_03225,Female,72,1,5,Month-to-month,Yes,Bank transfer,47.75,247.31,0,73.1,No
CUST_03226,Female,18,0,55,Month-to-month,Yes,Credit card,82.51,4523.86,0,85.6,No
CUST_03227,Male,37,0,30,Two year,Yes,Credit card,116.18,3483.78,0,65.8,No
CUST_03228,Female,61,0,29,One year,No,Electronic check,103.39,2992.79,3,76.6,No
CUST_03229,Male,40,0,26,One year,Yes,Electronic check,30.88,795.37,1,49.8,No
CUST_03230,Female,49,0,26,Two year,Yes,Bank transfer,22.32,566.58,1,8.4,No
CUST_03231,Female,28,0,37,Month-to-month,No,Bank transfer,69.9,2586.61,1,47.9,No
CUST_03232,Female,56,0,53,Month-to-month,No,Credit card,97.58,5171.06,3,52.6,Yes
CUST_03233,Male,64,0,30,Month-to-month,Yes,Bank transfer,51.39,1560.75,2,71.3,Yes
CUST_03234,Female,71,1,3,One year,No,Credit card,90.12,295.25,3,42.3,No
CUST_03235,Female,41,0,43,One year,No,Bank transfer,113.19,4856.58,0,26.9,No
CUST_03236,Female,28,0,7,Month-to-month,No,Mailed check,65.9,442.26,2,14.3,No
CUST_03237,Male,46,0,49,Month-to-month,Yes,Mailed check,44.42,2164.38,0,63.2,No
CUST_03238,Male,71,1,41,Month-to-month,No,Credit card,111.78,4582.19,1,44.0,No
CUST_03239,Female,43,0,54,One year,No,Mailed check,67.23,3641.48,2,27.8,No
CUST_03240,Male,33,0,69,Month-to-month,Yes,Mailed check,60.78,4189.28,2,62.4,No
CUST_03241,Female,52,0,27,Month-to-month,No,Electronic check,55.34,1499.86,3,65.9,Yes
CUST_03242,Female,37,0,8,Month-to-month,No,Bank transfer,62.3,490.42,0,46.0,No
CUST_03243,Female,63,0,32,One year,Yes,Electronic check,87.37,2790.83,2,70.1,No
CUST_03244,Female,20,0,64,One year,Yes,Credit card,63.37,4057.47,2,63.0,No
CUST_03245,Female,18,0,10,Month-to-month,Yes,Electronic check,52.42,524.11,2,47.2,No
CUST_03246,Female,75,1,13,One year,No,Credit card,94.36,1226.37,0,45.7,No
CUST_03247,Female,70,1,63,One year,Yes,Mailed check,40.3,2527.9,1,43.3,No
CUST_03248,Male,64,0,35,Two year,Yes,Electronic check,40.19,1419.03,2,50.0,No
CUST_03249,Male,18,0,61,Month-to-month,No,Mailed check,89.64,5480.44,4,80.0,No
CUST_03250,Male,34,0,54,One year,No,Bank transfer,106.67,5772.57,0,73.7,No
CUST_03251,Male,19,0,8,Month-to-month,No,Mailed check,44.12,346.2,1,60.3,No
CUST_03252,Male,46,0,29,Month-to-month,No,Bank transfer,39.11,1135.46,2,86.4,No
CUST_03253,Male,37,0,41,One year,No,Mailed check,87.03,3563.01,0,72.8,No
CUST_03254,Male,23,0,30,Month-to-month,Yes,Electronic check,82.08,2452.66,4,46.9,No
CUST_03255,Female,25,0,21,Month-to-month,Yes,Electronic check,64.73,1362.08,0,61.4,No
CUST_03256,Female,46,0,11,Month-to-month,Yes,Mailed check,29.59,304.22,1,77.2,No
CUST_03257,Female,65,1,2,Month-to-month,No,Credit card,29.18,66.83,0,51.8,Yes
CUST_03258,Female,68,1,50,Month-to-month,Yes,Credit card,97.73,4875.08,0,45.8,No
CUST_03259,Male,50,0,41,Month-to-month,No,Bank transfer,65.18,2669.12,2,86.5,No
CUST_03260,Male,20,0,66,One year,No,Bank transfer,105.8,6959.89,3,61.0,No
CUST_03261,Female,77,1,3,One year,Yes,Mailed check,77.47,250.5,2,70.9,No
CUST_03262,Female,52,0,51,Month-to-month,Yes,Electronic check,81.87,4182.15,1,35.8,No
CUST_03263,Male,22,0,68,One year,No,Bank transfer,113.42,7713.38,2,68.2,No
CUST_03264,Female,44,0,25,Two year,No,Mailed check,36.46,904.66,1,46.2,No
CUST_03265,Female,61,0,30,Month-to-month,Yes,Bank transfer,74.3,2218.42,0,49.2,No
CUST_03266,Female,29,0,11,Month-to-month,Yes,Electronic check,25.81,281.95,0,30.7,No
CUST_03267,Female,37,0,17,One year,No,Bank transfer,55.89,953.19,0,45.5,No
CUST_03268,Male,62,0,26,One year,No,Mailed check,34.81,902.76,1,21.6,No
CUST_03269,Female,37,0,23,Month-to-month,No,Bank transfer,38.78,897.33,0,72.6,Yes
CUST_03270,Female,26,0,56,Month-to-month,No,Credit card,113.48,6373.41,1,39.1,No
CUST_03271,Male,56,0,52,One year,Yes,Bank transfer,81.07,,2,56.9,No
CUST_03272,Male,21,0,48,Two year,Yes,Electronic check,109.22,5244.72,2,26.8,No
CUST_03273,Female,68,1,20,Month-to-month,No,Electronic check,64.35,1304.45,0,59.8,No
CUST_03274,Male,71,1,2,Two year,No,Electronic check,79.76,156.42,1,0.0,No
CUST_03275,Female,36,0,31,Month-to-month,Yes,Electronic check,23.21,718.1,1,31.9,No
CUST_03276,Female,55,0,27,Month-to-month,No,Mailed check,66.95,1812.27,4,77.1,No
CUST_03277,Male,44,0,2,Month-to-month,No,Bank transfer,76.41,159.57,3,36.8,Yes
CUST_03278,Female,62,0,4,One year,No,Bank transfer,21.68,97.21,2,45.9,No
CUST_03279,Female,60,0,13,Month-to-month,No,Bank transfer,98.95,1287.43,1,6.7,No
CUST_03280,Female,30,0,35,Month-to-month,No,Bank transfer,49.54,1726.03,2,77.1,No
CUST_03281,Female,30,0,72,Two year,No,Mailed check,65.25,4703.51,2,44.9,No
CUST_03282,Male,77,1,66,Two year,Yes,Electronic check,73.56,4845.49,1,76.4,No
CUST_03283,Male,74,1,6,Month-to-month,No,Bank transfer,119.22,718.64,0,36.3,No
CUST_03284,Female,39,0,31,Month-to-month,Yes,Bank transfer,29.92,928.24,2,20.4,Yes
CUST_03285,Male,45,0,10,One year,Yes,Electronic check,75.53,755.81,1,78.3,Yes
CUST_03286,Female,69,1,21,One year,Yes,Credit card,73.06,1533.42,0,57.9,No
CUST_03287,Female,64,0,23,Month-to-month,No,Credit card,26.89,628.51,0,52.1,No
CUST_03288,Female,70,1,3,Two year,No,Electronic check,83.39,256.36,3,38.0,No
CUST_03289,Female,62,0,32,Month-to-month,No,Bank transfer,48.69,1564.88,1,73.9,No
CUST_03290,Female,39,0,20,One year,Yes,Electronic check,30.38,602.9,1,13.1,No
CUST_03291,Male,60,0,29,Month-to-month,Yes,Bank transfer,37.86,1081.64,1,66.0,No
CUST_03292,Female,36,0,52,One year,No,Bank transfer,102.36,5318.77,2,26.1,No
CUST_03293,Male,25,0,46,Month-to-month,No,Credit card,30.41,1403.33,0,59.2,No
CUST_03294,Male,69,1,34,One year,Yes,Credit card,66.69,2267.88,2,89.8,No
CUST_03295,Female,25,0,61,Two year,Yes,Bank transfer,39.53,2406.84,5,49.2,No
CUST_03296,Female,59,0,72,Month-to-month,Yes,Bank transfer,36.23,2610.92,2,48.3,No
CUST_03297,Female,43,0,71,One year,No,Bank transfer,40.57,2877.88,4,39.7,No
CUST_03298,Female,65,1,70,Month-to-month,Yes,Credit card,69.28,4849.97,2,46.9,No
CUST_03299,Female,68,1,11,Two year,Yes,Bank transfer,43.78,461.68,2,41.1,No
CUST_03300,Male,43,0,63,Two year,Yes,Electronic check,29.67,1877.09,2,50.4,No
CUST_03301,Female,40,0,21,One year,No,Mailed check,100.14,2109.07,2,44.3,No
CUST_03302,Female,60,0,3,One year,No,Mailed check,73.98,243.07,3,46.6,Yes
CUST_03303,Male,30,0,10,Two year,No,Bank transfer,35.69,349.73,1,38.8,No
CUST_03304,Male,45,0,27,Month-to-month,Yes,Electronic check,67.14,1807.83,3,47.5,No
CUST_03305,Female,26,0,12,Month-to-month,Yes,Bank transfer,26.84,323.78,0,49.2,No
CUST_03306,Male,37,0,7,One year,Yes,Electronic check,78.04,545.96,1,83.2,No
CUST_03307,Female,73,1,17,Month-to-month,Yes,Credit card,54.03,934.32,1,81.8,No
CUST_03308,Male,36,0,65,Two year,No,Credit card,30.35,1968.85,1,56.5,No
CUST_03309,Male,65,1,64,One year,Yes,Bank transfer,38.36,2453.78,0,41.1,No
CUST_03310,Female,56,0,26,Month-to-month,Yes,Credit card,54.57,1413.2,1,57.0,No
CUST_03311,Male,68,1,15,Month-to-month,No,Bank transfer,100.64,1524.85,0,33.6,No
CUST_03312,Male,29,0,33,Month-to-month,Yes,Mailed check,37.38,1238.27,1,38.9,Yes
CUST_03313,Male,32,0,62,One year,Yes,Electronic check,30.97,1935.63,1,51.1,No
CUST_03314,Male,48,0,47,Month-to-month,Yes,Electronic check,71.59,3394.06,2,36.7,No
CUST_03315,Male,72,1,35,Month-to-month,No,Mailed check,75.87,2647.81,1,37.1,No
CUST_03316,Male,31,0,65,One year,Yes,Mailed check,29.02,1897.35,0,40.7,No
CUST_03317,Female,28,0,72,Two year,No,Mailed check,48.45,3485.72,2,95.7,No
CUST_03318,Female,43,0,25,Two year,Yes,Mailed check,46.28,1150.03,4,53.5,No
CUST_03319,Male,59,0,57,Two year,No,Credit card,38.62,2186.8,2,15.4,No
CUST_03320,Female,44,0,32,One year,No,Electronic check,51.56,1671.33,2,53.9,No
CUST_03321,Female,28,0,63,Month-to-month,No,Electronic check,23.71,1503.8,4,59.1,No
CUST_03322,Female,55,0,12,Two year,Yes,Mailed check,85.15,1019.61,0,48.8,No
CUST_03323,Male,51,0,63,Month-to-month,Yes,Bank transfer,118.85,7493.69,1,62.2,No
CUST_03324,Female,60,0,1,One year,No,Bank transfer,83.4,83.4,2,38.6,No
CUST_03325,Male,36,0,51,One year,No,Bank transfer,56.11,2860.55,0,47.1,No
CUST_03326,Female,23,0,70,Two year,Yes,Bank transfer,86.79,,1,48.2,No
CUST_03327,Male,63,0,8,Month-to-month,No,Credit card,77.15,631.67,0,36.2,Yes
CUST_03328,Male,69,1,68,Month-to-month,Yes,Electronic check,104.68,7133.08,0,31.0,No
CUST_03329,Female,55,0,5,One year,Yes,Electronic check,82.19,419.84,3,51.5,No
CUST_03330,Female,66,1,39,Month-to-month,No,Electronic check,83.41,3262.37,1,54.6,No
CUST_03331,Male,59,0,23,Two year,No,Bank transfer,42.17,963.33,2,0.0,No
CUST_03332,Female,45,0,68,One year,Yes,Mailed check,61.56,4193.43,2,39.7,No
CUST_03333,Female,18,0,52,One year,Yes,Bank transfer,54.44,2817.17,3,44.3,No
CUST_03334,Female,52,0,4,Two year,Yes,Electronic check,21.14,69.43,2,53.6,No
CUST_03335,Male,57,0,47,One year,No,Bank transfer,51.33,2411.36,6,66.4,No
CUST_03336,Male,25,0,21,Month-to-month,Yes,Mailed check,68.61,1446.03,3,43.8,Yes
CUST_03337,Female,76,1,56,Month-to-month,No,Mailed check,79.98,4485.13,0,61.6,No
CUST_03338,Female,69,1,66,One year,No,Bank transfer,113.46,7475.58,0,22.5,No
CUST_03339,Female,71,1,59,Two year,Yes,Electronic check,43.91,2575.26,4,76.8,No
CUST_03340,Male,64,0,7,One year,No,Credit card,35.24,242.18,0,49.0,No
CUST_03341,Male,73,1,49,Two year,No,Electronic check,106.94,5231.52,2,19.9,No
CUST_03342,Female,24,0,16,Month-to-month,No,Credit card,114.18,1833.08,1,61.9,Yes
CUST_03343,Female,28,0,17,Month-to-month,No,Electronic check,68.8,1159.39,4,44.7,No
CUST_03344,Female,56,0,34,Month-to-month,Yes,Bank transfer,31.52,1091.18,1,86.7,No
CUST_03345,Female,78,1,33,One year,Yes,Credit card,68.54,2265.4,0,81.9,No
CUST_03346,Female,21,0,26,Month-to-month,No,Electronic check,30.94,803.08,1,67.8,Yes
CUST_03347,Female,42,0,66,Month-to-month,No,Bank transfer,108.32,7137.55,4,0.0,No
CUST_03348,Male,29,0,63,One year,No,Electronic check,90.82,5708.13,2,45.5,No
CUST_03349,Female,43,0,41,Month-to-month,No,Mailed check,44.11,1805.45,1,75.4,No
CUST_03350,Male,55,0,58,One year,No,Mailed check,108.67,6297.02,1,66.8,No
CUST_03351,Female,63,0,10,Month-to-month,Yes,Electronic check,83.79,820.58,0,31.6,No
CUST_03352,Female,29,0,15,Month-to-month,Yes,Bank transfer,115.33,1743.61,1,47.9,Yes
CUST_03353,Male,60,0,42,Month-to-month,Yes,Electronic check,118.05,4946.96,0,61.9,No
CUST_03354,Male,68,1,57,Two year,Yes,Bank transfer,20.33,1162.23,3,18.1,No
CUST_03355,Male,70,1,17,Month-to-month,No,Credit card,32.02,548.79,0,19.9,No
CUST_03356,Male,54,0,60,Month-to-month,No,Mailed check,74.69,4465.35,1,98.7,No
CUST_03357,Female,63,0,9,Month-to-month,Yes,Credit card,115.59,1036.42,1,43.8,No
CUST_03358,Male,70,1,36,Month-to-month,Yes,Bank transfer,119.42,4285.14,0,11.8,No
CUST_03359,Female,41,0,36,Two year,Yes,Electronic check,76.74,2766.74,1,36.1,No
CUST_03360,Male,33,0,48,Month-to-month,No,Mailed check,37.38,1794.87,0,56.5,No
CUST_03361,Female,74,1,51,Two year,No,Bank transfer,36.31,1850.78,1,65.9,No
CUST_03362,Female,30,0,70,Month-to-month,No,Bank transfer,96.39,6738.8,1,36.8,No
CUST_03363,Female,42,0,68,Two year,Yes,Mailed check,79.19,5396.99,1,26.1,No
CUST_03364,Female,78,1,22,One year,Yes,Electronic check,74.88,1643.52,0,67.4,No
CUST_03365,Female,71,1,6,One year,No,Mailed check,66.58,384.69,1,31.1,No
CUST_03366,Female,71,1,26,One year,No,Electronic check,92.51,2395.91,1,44.9,No
CUST_03367,Male,74,1,3,Month-to-month,No,Electronic check,105.81,297.35,1,63.4,Yes
CUST_03368,Female,69,1,52,One year,Yes,Bank transfer,50.3,2608.84,0,40.3,No
CUST_03369,Male,71,1,60,Month-to-month,No,Electronic check,42.09,2516.42,1,90.1,No
CUST_03370,Male,21,0,63,Month-to-month,No,Electronic check,87.02,5489.2,1,33.0,No
CUST_03371,Female,28,0,65,One year,Yes,Mailed check,111.47,7251.48,0,42.6,No
CUST_03372,Male,49,0,52,Month-to-month,No,Mailed check,54.82,2852.55,2,42.1,No
CUST_03373,Female,66,1,14,Two year,No,Electronic check,47.24,670.9,1,37.3,No
CUST_03374,Male,24,0,72,Month-to-month,No,Bank transfer,42.61,3056.24,0,71.7,No
CUST_03375,Female,63,0,68,One year,No,Mailed check,45.45,3093.72,1,43.0,No
CUST_03376,Male,75,1,28,Two year,Yes,Credit card,33.49,923.43,1,107.1,No
CUST_03377,Female,28,0,71,One year,No,Bank transfer,79.68,5652.36,1,52.0,No
CUST_03378,Female,45,0,10,One year,Yes,Mailed check,48.08,484.24,3,54.4,Yes
CUST_03379,Female,71,1,57,One year,No,Mailed check,81.49,4639.87,2,18.7,No
CUST_03380,Female,58,0,66,Two year,Yes,Credit card,28.3,1884.35,0,38.4,No
CUST_03381,Male,40,0,50,Month-to-month,No,Electronic check,31.55,1573.8,3,63.7,No
CUST_03382,Female,62,0,14,One year,No,Mailed check,73.61,1038.61,1,60.9,No
CUST_03383,Male,40,0,16,Month-to-month,Yes,Credit card,71.15,1135.8,4,28.8,Yes
CUST_03384,Male,67,1,54,Month-to-month,No,Credit card,47.15,2547.47,3,40.8,No
CUST_03385,Male,45,0,43,Month-to-month,No,Mailed check,102.71,4413.01,1,0.0,Yes
CUST_03386,Female,60,0,42,Month-to-month,Yes,Bank transfer,38.7,1627.37,3,34.2,No
CUST_03387,Male,64,0,22,One year,No,Mailed check,56.07,1250.72,1,84.6,No
CUST_03388,Male,74,1,68,Two year,No,Credit card,75.55,5152.91,4,54.7,No
CUST_03389,Male,43,0,19,One year,No,Mailed check,106.72,2022.83,1,72.4,Yes
CUST_03390,Female,42,0,66,One year,No,Bank transfer,61.86,4080.15,2,16.3,No
CUST_03391,Female,71,1,39,Month-to-month,No,Electronic check,59.86,2335.05,2,51.9,No
CUST_03392,Male,46,0,19,Month-to-month,Yes,Electronic check,77.95,1487.54,1,47.7,No
CUST_03393,Female,36,0,16,Month-to-month,Yes,Mailed check,51.67,845.26,1,37.6,Yes
CUST_03394,Female,50,0,54,One year,No,Mailed check,90.92,4922.39,3,45.4,No
CUST_03395,Male,53,0,25,Month-to-month,No,Credit card,44.87,1119.07,0,39.5,No
CUST_03396,Male,31,0,18,One year,Yes,Bank transfer,102.32,1845.78,3,26.7,Yes
CUST_03397,Female,31,0,23,Two year,Yes,Credit card,47.24,1088.67,1,52.7,No
CUST_03398,Male,52,0,11,One year,Yes,Credit card,119.27,1305.91,3,67.5,Yes
CUST_03399,Female,47,0,39,One year,Yes,Electronic check,51.65,2024.34,2,34.4,No
CUST_03400,Female,45,0,68,One year,Yes,Credit card,107.88,7310.88,2,35.3,No
CUST_03401,Female,34,0,25,Month-to-month,Yes,Credit card,59.74,1503.45,2,66.1,No
CUST_03402,Female,20,0,63,Month-to-month,No,Electronic check,44.61,2814.26,1,51.0,Yes
CUST_03403,Female,33,0,30,Two year,No,Electronic check,42.62,1260.43,1,43.0,No
CUST_03404,Female,63,0,45,One year,No,Bank transfer,105.02,4715.44,3,52.0,No
CUST_03405,Male,47,0,61,One year,No,Bank transfer,50.88,3082.73,2,91.2,No
CUST_03406,Male,69,1,51,Month-to-month,No,Bank transfer,53.86,2763.64,1,73.0,No
CUST_03407,Female,46,0,9,One year,Yes,Mailed check,39.7,347.38,2,84.5,No
CUST_03408,Female,62,0,2,Month-to-month,Yes,Electronic check,116.13,241.37,1,64.7,No
CUST_03409,Female,32,0,5,Month-to-month,Yes,Mailed check,44.47,231.83,2,34.7,Yes
CUST_03410,Male,63,0,62,Month-to-month,Yes,Mailed check,44.74,2772.94,2,41.2,No
CUST_03411,Female,73,1,69,Month-to-month,Yes,Bank transfer,114.39,7886.25,0,34.9,No
CUST_03412,Male,42,0,52,Month-to-month,Yes,Electronic check,110.09,5729.8,2,62.5,No
CUST_03413,Female,68,1,5,Month-to-month,No,Mailed check,44.89,226.61,2,43.9,Yes
CUST_03414,Female,55,0,59,One year,No,Credit card,106.47,6291.24,0,33.3,No
CUST_03415,Male,59,0,68,One year,Yes,Credit card,44.98,3047.06,1,47.7,No
CUST_03416,Male,76,1,9,One year,No,Electronic check,28.45,266.24,2,22.0,No
CUST_03417,Female,64,0,22,Month-to-month,Yes,Mailed check,102.04,2258.27,0,70.2,No
CUST_03418,Female,70,1,27,Two year,No,Bank transfer,97.16,2620.64,1,30.7,No
CUST_03419,Female,71,1,10,Month-to-month,Yes,Mailed check,49.47,485.11,1,68.2,No
CUST_03420,Male,69,1,61,Month-to-month,Yes,Credit card,29.01,1765.01,1,59.3,No
CUST_03421,Male,75,1,51,One year,No,Credit card,40.64,2066.44,4,61.5,No
CUST_03422,Male,55,0,10,Month-to-month,Yes,Bank transfer,97.11,969.25,2,27.1,Yes
CUST_03423,Male,40,0,6,One year,No,Electronic check,116.47,691.47,0,51.3,No
CUST_03424,Male,42,0,62,One year,No,Mailed check,45.9,2850.38,1,39.6,No
CUST_03425,Male,59,0,5,Two year,Yes,Credit card,101.83,515.5,1,15.0,No
CUST_03426,Female,24,0,70,Two year,Yes,Mailed check,42.79,2991.94,1,78.7,No
CUST_03427,Female,39,0,63,Two year,Yes,Bank transfer,87.96,5521.94,3,48.1,No
CUST_03428,Male,34,0,56,Month-to-month,No,Bank transfer,28.36,1592.67,3,41.0,No
CUST_03429,Female,35,0,59,Two year,No,Electronic check,78.53,4618.49,0,77.5,No
CUST_03430,Female,66,1,63,Month-to-month,Yes,Bank transfer,46.92,2958.39,1,69.3,No
CUST_03431,Male,58,0,59,One year,Yes,Electronic check,112.58,6643.21,2,116.1,No
CUST_03432,Female,27,0,51,One year,Yes,Mailed check,48.98,2494.44,2,31.0,No
CUST_03433,Male,27,0,50,Month-to-month,Yes,Credit card,59.84,2998.65,2,38.6,No
CUST_03434,Male,74,1,4,One year,Yes,Credit card,104.07,419.91,3,88.8,Yes
CUST_03435,Female,24,0,48,Month-to-month,Yes,Electronic check,63.83,3067.59,2,32.9,No
CUST_03436,Male,65,1,32,Month-to-month,Yes,Credit card,43.84,1411.13,2,35.4,No
CUST_03437,Male,78,1,51,Two year,No,Electronic check,74.75,3808.35,1,48.4,No
CUST_03438,Male,67,1,52,Month-to-month,No,Electronic check,104.0,5403.69,0,83.0,No
CUST_03439,Male,55,0,34,Month-to-month,Yes,Mailed check,63.32,2163.58,3,39.4,No
CUST_03440,Male,44,0,36,Month-to-month,Yes,Mailed check,33.29,1204.82,1,95.6,No
CUST_03441,Male,69,1,70,Two year,No,Bank transfer,58.31,4076.91,1,49.7,No
CUST_03442,Male,50,0,43,Month-to-month,Yes,Electronic check,115.45,4944.21,0,76.8,No
CUST_03443,Male,18,0,16,Month-to-month,No,Mailed check,27.2,439.16,3,43.2,Yes
CUST_03444,Female,61,0,59,Two year,No,Electronic check,60.84,3594.69,0,30.5,Yes
CUST_03445,Female,70,1,53,Month-to-month,Yes,Electronic check,84.8,4482.43,1,61.5,No
CUST_03446,Female,77,1,19,Month-to-month,No,Electronic check,27.85,520.7,1,20.9,No
CUST_03447,Male,51,0,41,One year,No,Mailed check,54.5,2230.23,0,17.2,No
CUST_03448,Male,21,0,47,One year,Yes,Electronic check,114.06,5365.24,0,64.1,No
CUST_03449,Female,34,0,54,Two year,Yes,Electronic check,23.06,1270.27,2,38.5,No
CUST_03450,Female,21,0,55,Month-to-month,No,Bank transfer,95.17,5245.76,4,22.4,No
CUST_03451,Female,60,0,19,Two year,Yes,Electronic check,104.14,1963.53,4,38.0,No
CUST_03452,Male,71,1,62,Two year,No,Bank transfer,47.71,2953.41,3,61.2,No
CUST_03453,Female,43,0,59,Month-to-month,No,Electronic check,41.47,2445.87,3,31.2,No
CUST_03454,Female,21,0,65,Month-to-month,No,Bank transfer,111.48,7251.36,4,0.0,No
CUST_03455,Male,18,0,68,Two year,No,Mailed check,96.4,6547.09,5,46.8,No
CUST_03456,Female,24,0,28,Month-to-month,No,Mailed check,31.34,883.31,1,57.2,No
CUST_03457,Male,47,0,18,One year,No,Credit card,41.22,736.82,3,66.2,No
CUST_03458,Male,67,1,26,One year,Yes,Electronic check,82.14,2141.35,2,70.4,No
CUST_03459,Male,26,0,19,One year,Yes,Credit card,61.94,1177.65,0,46.8,No
CUST_03460,Female,78,1,55,Two year,Yes,Credit card,70.42,3893.41,1,88.0,Yes
CUST_03461,Female,52,0,57,Month-to-month,Yes,Bank transfer,115.15,6573.58,2,47.5,No
CUST_03462,Male,25,0,6,Month-to-month,No,Mailed check,62.02,385.28,2,45.5,No
CUST_03463,Female,78,1,1,Two year,No,Electronic check,108.17,108.17,0,44.2,No
CUST_03464,Female,41,0,8,Two year,No,Electronic check,86.07,683.27,1,52.9,No
CUST_03465,Female,36,0,51,One year,No,Bank transfer,32.16,1643.53,1,60.2,No
CUST_03466,Female,53,0,25,Two year,No,Credit card,94.45,2348.93,2,77.9,No
CUST_03467,Male,67,1,47,One year,Yes,Bank transfer,72.02,3395.44,0,39.2,No
CUST_03468,Female,69,1,55,Month-to-month,Yes,Credit card,42.51,2339.34,0,33.9,No
CUST_03469,Male,76,1,64,Two year,Yes,Electronic check,48.95,3144.11,2,52.8,No
CUST_03470,Male,60,0,10,Month-to-month,No,Bank transfer,75.73,762.16,0,41.2,No
CUST_03471,Female,44,0,56,Month-to-month,No,Credit card,80.17,4489.98,0,27.6,No
CUST_03472,Male,49,0,12,Month-to-month,Yes,Bank transfer,116.82,1400.58,2,74.1,Yes
CUST_03473,Female,31,0,33,One year,No,Mailed check,105.47,3472.89,3,73.4,No
CUST_03474,Female,74,1,71,Two year,No,Bank transfer,40.58,2873.18,0,20.6,No
CUST_03475,Male,35,0,17,Month-to-month,Yes,Electronic check,97.4,1664.67,4,47.3,No
CUST_03476,Male,45,0,61,Month-to-month,No,Bank transfer,20.83,1277.26,2,61.5,No
CUST_03477,Male,77,1,10,One year,Yes,Electronic check,32.98,342.15,1,88.4,No
CUST_03478,Male,46,0,31,Two year,Yes,Electronic check,39.97,1233.61,0,48.8,No
CUST_03479,Female,33,0,60,One year,Yes,Bank transfer,79.72,4794.42,1,67.3,No
CUST_03480,Female,52,0,70,One year,Yes,Bank transfer,39.47,2761.03,2,42.6,No
CUST_03481,Female,64,0,17,One year,No,Bank transfer,56.53,966.76,1,59.1,No
CUST_03482,Male,76,1,50,Month-to-month,No,Mailed check,44.28,2226.81,1,68.0,No
CUST_03483,Male,76,1,37,Month-to-month,No,Mailed check,53.74,2009.15,1,57.0,Yes
CUST_03484,Male,48,0,62,Month-to-month,Yes,Credit card,114.25,7093.92,1,50.5,No
CUST_03485,Female,21,0,72,Two year,No,Bank transfer,119.74,8623.14,0,69.4,No
CUST_03486,Male,54,0,29,Month-to-month,Yes,Credit card,88.57,2574.2,2,77.3,No
CUST_03487,Female,34,0,32,One year,No,Credit card,77.23,2483.88,0,53.0,No
CUST_03488,Male,56,0,11,Month-to-month,No,Electronic check,90.84,1006.39,1,70.7,Yes
CUST_03489,Female,65,1,6,Month-to-month,Yes,Credit card,97.17,579.0,1,38.8,Yes
CUST_03490,Female,63,0,35,Month-to-month,No,Bank transfer,93.9,3292.69,2,42.0,No
CUST_03491,Male,43,0,33,Month-to-month,Yes,Mailed check,28.19,943.28,1,81.4,No
CUST_03492,Male,65,1,18,Month-to-month,Yes,Credit card,51.03,936.65,2,0.0,Yes
CUST_03493,Female,56,0,37,One year,No,Credit card,54.34,2011.32,3,45.2,No
CUST_03494,Female,58,0,13,Month-to-month,No,Mailed check,56.93,728.86,0,54.3,No
CUST_03495,Male,21,0,64,One year,No,Credit card,54.43,3465.81,0,26.7,No
CUST_03496,Male,47,0,1,Month-to-month,No,Bank transfer,98.71,106.67,1,71.5,No
CUST_03497,Female,47,0,63,One year,Yes,Credit card,94.76,5954.58,2,49.0,No
CUST_03498,Male,39,0,34,One year,Yes,Electronic check,20.46,698.84,3,64.3,No
CUST_03499,Female,28,0,10,Two year,No,Credit card,49.64,507.16,2,80.2,No
CUST_03500,Female,19,0,7,Month-to-month,No,Electronic check,82.37,,1,74.6,No
CUST_03501,Male,61,0,56,Month-to-month,No,Mailed check,32.03,1778.53,3,43.1,No
CUST_03502,Male,29,0,37,Two year,Yes,Mailed check,27.12,990.83,2,27.3,No
CUST_03503,Male,47,0,29,Month-to-month,No,Credit card,102.84,2973.16,4,41.9,No
CUST_03504,Male,53,0,12,Two year,Yes,Credit card,65.27,781.98,2,53.1,No
CUST_03505,Male,35,0,17,Month-to-month,No,Mailed check,105.57,1806.71,0,14.4,No
CUST_03506,Female,43,0,48,One year,No,Electronic check,102.36,4913.17,2,81.8,No
CUST_03507,Female,70,1,26,Month-to-month,Yes,Mailed check,109.34,2864.3,4,52.4,Yes
CUST_03508,Male,24,0,12,Two year,Yes,Mailed check,24.83,308.34,1,45.3,No
CUST_03509,Male,78,1,21,One year,No,Electronic check,38.61,813.83,5,11.4,No
CUST_03510,Male,18,0,42,Month-to-month,Yes,Mailed check,49.61,2083.09,2,50.3,No
CUST_03511,Female,75,1,61,Month-to-month,Yes,Credit card,33.62,2046.03,0,51.9,No
CUST_03512,Male,43,0,58,Month-to-month,No,Credit card,68.55,3977.22,1,33.2,No
CUST_03513,Male,40,0,54,One year,Yes,Mailed check,99.9,5399.9,0,56.0,No
CUST_03514,Female,43,0,34,Month-to-month,Yes,Credit card,115.12,3917.23,1,47.4,No
CUST_03515,Female,62,0,7,Month-to-month,No,Bank transfer,108.96,757.72,2,17.9,Yes
CUST_03516,Male,23,0,35,One year,No,Mailed check,65.73,2290.36,1,63.7,No
CUST_03517,Male,23,0,15,Month-to-month,Yes,Bank transfer,83.65,1273.36,1,99.4,No
CUST_03518,Male,61,0,65,Month-to-month,No,Mailed check,43.07,2805.87,2,85.8,No
CUST_03519,Female,25,0,25,Month-to-month,Yes,Mailed check,60.3,1511.08,1,59.8,No
CUST_03520,Male,41,0,59,One year,Yes,Bank transfer,107.12,6325.04,3,55.5,No
CUST_03521,Male,39,0,6,Two year,Yes,Mailed check,22.92,148.53,2,19.9,No
CUST_03522,Male,36,0,52,Month-to-month,No,Credit card,73.28,3805.67,0,55.0,No
CUST_03523,Female,54,0,21,One year,Yes,Bank transfer,107.28,2251.58,0,44.1,No
CUST_03524,Female,35,0,71,Month-to-month,Yes,Mailed check,32.2,2278.75,0,0.0,No
CUST_03525,Male,48,0,32,Month-to-month,Yes,Credit card,118.25,3784.08,3,42.5,No
CUST_03526,Male,79,1,53,One year,No,Bank transfer,21.24,1118.92,2,38.5,No
CUST_03527,Female,54,0,59,Month-to-month,No,Bank transfer,108.61,6398.04,3,19.1,No
CUST_03528,Female,47,0,69,One year,No,Credit card,55.37,3804.14,2,48.0,No
CUST_03529,Female,74,1,62,Two year,Yes,Mailed check,33.27,2079.26,1,20.4,No
CUST_03530,Female,59,0,4,Two year,Yes,Mailed check,35.74,139.6,1,58.1,No
CUST_03531,Female,50,0,18,Month-to-month,No,Bank transfer,90.12,1626.99,0,61.2,No
CUST_03532,Female,27,0,56,Month-to-month,Yes,Electronic check,107.07,5996.99,2,8.8,No
CUST_03533,Female,54,0,24,Two year,Yes,Mailed check,84.11,2023.53,0,41.8,No
CUST_03534,Female,29,0,66,Month-to-month,Yes,Mailed check,112.87,7429.55,2,40.6,No
CUST_03535,Female,71,1,13,One year,Yes,Credit card,104.25,1350.52,1,45.3,Yes
CUST_03536,Male,47,0,62,Month-to-month,No,Electronic check,20.9,1307.59,2,0.9,No
CUST_03537,Male,44,0,54,Month-to-month,No,Electronic check,86.94,4714.35,1,57.7,No
CUST_03538,Male,56,0,15,Month-to-month,No,Bank transfer,50.46,753.31,2,80.4,No
CUST_03539,Female,26,0,69,Two year,Yes,Credit card,65.45,4513.56,0,80.3,No
CUST_03540,Male,71,1,3,Two year,Yes,Credit card,29.4,98.87,2,68.2,No
CUST_03541,Female,38,0,37,Month-to-month,No,Mailed check,48.21,1788.17,0,9.7,No
CUST_03542,Female,29,0,37,Two year,No,Bank transfer,83.27,3081.23,2,37.4,No
CUST_03543,Male,72,1,3,Month-to-month,No,Mailed check,41.84,124.87,2,60.1,No
CUST_03544,Female,46,0,63,Month-to-month,Yes,Electronic check,84.75,5333.78,2,59.2,No
CUST_03545,Male,50,0,35,One year,No,Credit card,112.3,3924.56,2,73.2,No
CUST_03546,Male,60,0,52,One year,Yes,Bank transfer,20.49,1067.01,2,44.8,No
CUST_03547,Male,79,1,28,Month-to-month,No,Mailed check,98.58,2763.32,3,25.6,No
CUST_03548,Female,70,1,18,Month-to-month,Yes,Mailed check,84.13,1518.06,2,60.6,Yes
CUST_03549,Male,32,0,36,Two year,Yes,Electronic check,24.66,,0,40.5,No
CUST_03550,Female,19,0,33,Two year,No,Credit card,99.02,3280.88,1,77.9,No
CUST_03551,Male,69,1,64,Two year,Yes,Electronic check,42.45,2700.72,1,63.4,No
CUST_03552,Male,56,0,26,Month-to-month,Yes,Mailed check,46.58,1216.43,2,42.6,Yes
CUST_03553,Male,70,1,48,One year,No,Credit card,29.35,1403.48,0,53.4,No
CUST_03554,Female,61,0,40,Month-to-month,No,Credit card,73.44,2928.86,0,72.3,No
CUST_03555,Female,71,1,17,Two year,No,Electronic check,69.82,1183.73,2,60.6,No
CUST_03556,Female,35,0,40,Month-to-month,Yes,Credit card,54.72,2172.78,1,52.8,Yes
CUST_03557,Male,20,0,7,Month-to-month,Yes,Electronic check,36.88,261.67,2,55.0,No
CUST_03558,Male,24,0,57,Month-to-month,No,Credit card,103.8,5932.48,2,43.9,No
CUST_03559,Female,60,0,8,Two year,No,Credit card,107.64,854.66,2,58.2,No
CUST_03560,Female,35,0,56,One year,Yes,Bank transfer,74.06,4170.75,1,50.5,No
CUST_03561,Female,61,0,31,Month-to-month,No,Credit card,44.42,1368.49,1,29.3,Yes
CUST_03562,Female,55,0,59,One year,No,Mailed check,29.61,1742.82,2,58.6,No
CUST_03563,Female,54,0,58,Two year,Yes,Bank transfer,106.85,6211.15,2,61.0,No
CUST_03564,Female,75,1,12,Month-to-month,Yes,Electronic check,29.61,343.29,1,70.1,No
CUST_03565,Male,50,0,48,Two year,No,Mailed check,21.32,1021.0,2,18.3,No
CUST_03566,Female,61,0,31,Two year,Yes,Electronic check,66.94,2092.32,1,55.4,No
CUST_03567,Male,76,1,63,Month-to-month,Yes,Electronic check,93.13,5855.22,2,42.2,No
CUST_03568,Male,48,0,39,Month-to-month,No,Mailed check,65.75,2570.3,1,61.4,No
CUST_03569,Female,75,1,20,Month-to-month,No,Electronic check,25.14,507.93,2,25.4,Yes
CUST_03570,Female,28,0,48,Month-to-month,No,Bank transfer,89.0,4252.91,1,75.9,Yes
CUST_03571,Male,21,0,71,Month-to-month,Yes,Mailed check,84.23,5974.41,2,28.5,No
CUST_03572,Female,76,1,54,One year,No,Electronic check,88.15,4784.08,2,39.9,No
CUST_03573,Female,35,0,71,One year,Yes,Electronic check,41.12,2921.78,3,104.2,No
CUST_03574,Male,21,0,29,Month-to-month,No,Credit card,99.57,2891.36,0,51.9,No
CUST_03575,Male,66,1,48,One year,Yes,Credit card,67.92,3262.39,2,71.8,No
CUST_03576,Male,51,0,56,One year,Yes,Electronic check,73.64,4144.0,1,55.0,No
CUST_03577,Female,46,0,17,Two year,No,Mailed check,74.58,1258.17,0,75.4,No
CUST_03578,Male,41,0,9,Month-to-month,Yes,Bank transfer,48.68,431.34,2,66.1,No
CUST_03579,Female,39,0,34,One year,No,Electronic check,45.01,1529.35,0,34.0,No
CUST_03580,Male,19,0,45,Two year,No,Electronic check,20.48,927.0,0,14.5,No
CUST_03581,Male,61,0,9,One year,Yes,Electronic check,59.66,538.49,1,24.5,No
CUST_03582,Male,23,0,7,Month-to-month,Yes,Credit card,68.51,481.39,2,39.9,Yes
CUST_03583,Female,59,0,16,Month-to-month,Yes,Mailed check,94.28,1502.96,0,61.3,No
CUST_03584,Female,42,0,19,Two year,No,Electronic check,26.66,512.66,3,70.0,No
CUST_03585,Male,72,1,6,Month-to-month,No,Credit card,112.4,655.47,3,49.1,Yes
CUST_03586,Male,74,1,11,Two year,No,Electronic check,46.4,504.88,4,53.3,No
CUST_03587,Male,38,0,61,Two year,No,Electronic check,56.67,3448.78,1,3.7,No
CUST_03588,Female,72,1,42,Month-to-month,No,Mailed check,24.84,1032.11,1,44.3,No
CUST_03589,Male,76,1,13,One year,No,Credit card,85.31,1091.27,0,48.1,No
CUST_03590,Female,33,0,12,Month-to-month,Yes,Bank transfer,90.89,1093.03,2,59.0,No
CUST_03591,Male,48,0,20,Month-to-month,No,Mailed check,112.88,2261.88,3,43.5,No
CUST_03592,Male,31,0,50,One year,No,Bank transfer,53.68,2688.51,0,40.0,No
CUST_03593,Male,56,0,36,One year,No,Credit card,45.74,1655.94,0,87.8,No
CUST_03594,Male,45,0,69,Month-to-month,No,Credit card,92.61,6401.15,2,22.4,No
CUST_03595,Male,49,0,37,Two year,Yes,Bank transfer,90.68,3334.77,1,77.3,No
CUST_03596,Male,45,0,12,Month-to-month,Yes,Credit card,113.71,1370.86,1,62.5,No
CUST_03597,Female,68,1,40,Month-to-month,Yes,Mailed check,40.53,1623.1,1,47.5,No
CUST_03598,Male,72,1,54,Month-to-month,No,Electronic check,90.53,4890.29,1,94.0,No
CUST_03599,Female,66,1,2,Month-to-month,No,Bank transfer,26.69,52.14,2,48.7,No
CUST_03600,Male,26,0,50,Two year,No,Electronic check,68.04,3396.34,1,32.9,No
CUST_03601,Male,75,1,41,One year,Yes,Bank transfer,31.94,1314.78,1,54.3,No
CUST_03602,Female,62,0,45,One year,No,Electronic check,85.31,3829.35,2,67.5,No
CUST_03603,Male,39,0,9,One year,No,Electronic check,80.15,732.35,1,61.1,No
CUST_03604,Female,49,0,62,Month-to-month,Yes,Mailed check,24.88,1537.79,1,39.2,No
CUST_03605,Female,22,0,47,Month-to-month,Yes,Electronic check,51.96,2421.79,5,63.3,No
CUST_03606,Male,40,0,5,One year,No,Bank transfer,59.5,298.64,1,15.6,No
CUST_03607,Female,22,0,1,Two year,Yes,Electronic check,44.81,44.81,1,77.2,No
CUST_03608,Female,59,0,44,Two year,No,Credit card,23.87,1038.17,5,66.0,No
CUST_03609,Male,70,1,22,Month-to-month,No,Electronic check,51.88,1148.25,2,6.6,No
CUST_03610,Female,49,0,38,Month-to-month,Yes,Electronic check,99.26,3781.32,2,35.4,No
CUST_03611,Male,76,1,19,Month-to-month,No,Credit card,56.01,1063.12,1,74.9,No
CUST_03612,Male,27,0,31,Month-to-month,Yes,Credit card,52.34,1602.32,3,45.4,Yes
CUST_03613,Male,76,1,67,Month-to-month,Yes,Bank transfer,114.18,7655.06,0,49.3,No
CUST_03614,Male,56,0,42,One year,No,Credit card,24.16,1011.65,4,78.1,No
CUST_03615,Female,75,1,26,Month-to-month,Yes,Credit card,96.73,2528.73,1,38.1,Yes
CUST_03616,Male,32,0,13,One year,No,Bank transfer,68.31,907.69,1,7.1,No
CUST_03617,Male,24,0,58,One year,No,Bank transfer,114.45,6622.84,0,77.6,No
CUST_03618,Female,46,0,18,Month-to-month,Yes,Electronic check,59.35,1092.97,1,41.3,Yes
CUST_03619,Male,76,1,67,One year,Yes,Mailed check,90.8,6068.3,2,49.5,No
CUST_03620,Male,64,0,3,Month-to-month,Yes,Bank transfer,26.99,75.6,2,46.1,No
CUST_03621,Female,20,0,55,One year,No,Credit card,112.88,6218.51,3,40.3,No
CUST_03622,Female,36,0,58,Two year,No,Electronic check,54.45,3151.13,1,32.7,No
CUST_03623,Female,27,0,63,One year,No,Credit card,72.4,4553.1,2,46.4,No
CUST_03624,Female,45,0,52,Two year,No,Bank transfer,33.85,1743.04,2,30.9,No
CUST_03625,Female,46,0,24,Month-to-month,No,Mailed check,114.56,2735.98,2,77.4,Yes
CUST_03626,Female,32,0,72,One year,No,Electronic check,87.3,6277.24,4,74.3,No
CUST_03627,Female,52,0,9,One year,No,Bank transfer,25.39,236.3,2,61.1,No
CUST_03628,Male,23,0,37,One year,Yes,Bank transfer,35.52,1331.05,2,60.4,No
CUST_03629,Female,29,0,53,Two year,No,Credit card,59.98,3171.53,4,16.0,No
CUST_03630,Female,64,0,24,One year,No,Mailed check,41.68,996.24,1,72.6,No
CUST_03631,Female,55,0,21,One year,Yes,Bank transfer,50.46,1049.77,0,41.0,No
CUST_03632,Male,30,0,40,Month-to-month,No,Credit card,119.75,4774.68,2,77.0,No
CUST_03633,Male,46,0,62,Month-to-month,No,Electronic check,85.86,5308.37,0,83.9,No
CUST_03634,Female,36,0,70,One year,Yes,Credit card,112.22,7842.77,0,45.2,No
CUST_03635,Female,20,0,69,One year,No,Electronic check,63.58,4386.51,2,5.1,No
CUST_03636,Female,25,0,14,Two year,Yes,Credit card,91.03,1268.11,3,54.6,Yes
CUST_03637,Male,25,0,42,Month-to-month,No,Mailed check,65.97,2766.93,1,26.9,Yes
CUST_03638,Male,72,1,50,Month-to-month,No,Credit card,52.82,2645.09,0,38.0,No
CUST_03639,Female,75,1,61,One year,Yes,Mailed check,71.92,4386.03,4,45.8,No
CUST_03640,Male,37,0,4,Two year,Yes,Mailed check,62.73,239.28,3,69.0,Yes
CUST_03641,Female,64,0,72,Two year,No,Electronic check,118.05,8509.47,4,59.0,Yes
CUST_03642,Male,21,0,17,Month-to-month,No,Credit card,69.62,1163.27,2,80.8,No
CUST_03643,Male,68,1,57,Month-to-month,Yes,Credit card,101.11,5755.61,2,34.1,No
CUST_03644,Female,38,0,48,Month-to-month,No,Credit card,86.68,4177.96,2,72.5,No
CUST_03645,Female,20,0,44,Month-to-month,Yes,Mailed check,67.96,2993.76,0,65.5,No
CUST_03646,Female,62,0,45,Two year,Yes,Bank transfer,67.42,3015.69,0,63.5,No
CUST_03647,Female,25,0,33,Month-to-month,Yes,Credit card,54.19,1772.4,3,72.2,No
CUST_03648,Male,40,0,31,Month-to-month,No,Credit card,30.7,948.24,0,66.6,Yes
CUST_03649,Male,33,0,47,Month-to-month,No,Bank transfer,96.15,4514.04,1,17.7,No
CUST_03650,Male,30,0,6,Month-to-month,No,Electronic check,111.81,677.95,0,38.4,Yes
CUST_03651,Female,20,0,72,Two year,Yes,Credit card,41.8,3020.58,0,69.5,No
CUST_03652,Male,65,1,71,Month-to-month,No,Bank transfer,112.57,7987.13,5,59.7,No
CUST_03653,Female,26,0,34,Month-to-month,Yes,Credit card,43.23,1468.78,1,70.8,Yes
CUST_03654,Male,77,1,53,Two year,Yes,Mailed check,73.01,3859.09,1,54.1,No
CUST_03655,Female,31,0,14,Month-to-month,No,Bank transfer,54.36,759.49,0,39.4,No
CUST_03656,Female,30,0,16,One year,No,Mailed check,31.45,492.96,0,33.6,No
CUST_03657,Male,70,1,43,Month-to-month,Yes,Bank transfer,25.28,1087.45,3,17.1,No
CUST_03658,Female,74,1,12,One year,No,Electronic check,56.53,672.15,0,60.5,No
CUST_03659,Female,24,0,70,Month-to-month,Yes,Mailed check,24.73,1737.66,0,21.1,No
CUST_03660,Male,32,0,19,Month-to-month,No,Credit card,30.42,588.49,1,50.0,Yes
CUST_03661,Female,24,0,41,One year,Yes,Bank transfer,34.23,1416.36,1,47.7,No
CUST_03662,Female,55,0,53,Month-to-month,No,Credit card,20.19,1070.51,4,72.3,Yes
CUST_03663,Female,51,0,29,One year,Yes,Electronic check,35.33,1030.5,2,95.9,No
CUST_03664,Male,58,0,70,Month-to-month,No,Bank transfer,77.73,5435.95,1,42.2,Yes
CUST_03665,Male,39,0,59,One year,Yes,Electronic check,101.95,6006.78,1,60.5,No
CUST_03666,Female,41,0,64,Two year,Yes,Bank transfer,39.34,2504.28,0,50.0,No
CUST_03667,Male,66,1,24,Month-to-month,Yes,Mailed check,28.09,677.68,3,32.1,No
CUST_03668,Female,54,0,16,Month-to-month,Yes,Credit card,92.95,1466.72,1,73.6,No
CUST_03669,Female,61,0,52,Two year,Yes,Mailed check,20.82,1091.18,1,58.0,No
CUST_03670,Female,18,0,6,One year,Yes,Mailed check,93.42,556.91,1,61.8,No
CUST_03671,Female,27,0,37,Month-to-month,No,Mailed check,33.11,1222.21,2,68.0,No
CUST_03672,Female,60,0,4,Month-to-month,Yes,Mailed check,42.83,178.05,3,68.1,No
CUST_03673,Male,33,0,38,Month-to-month,Yes,Bank transfer,32.01,1197.93,0,46.7,No
CUST_03674,Female,63,0,41,Month-to-month,No,Credit card,44.73,1831.87,1,71.0,No
CUST_03675,Male,25,0,14,Two year,No,Bank transfer,99.82,1413.23,3,46.8,No
CUST_03676,Male,73,1,71,One year,Yes,Bank transfer,33.25,2358.22,1,25.9,No
CUST_03677,Female,66,1,51,One year,No,Bank transfer,119.42,6077.01,0,60.0,Yes
CUST_03678,Female,42,0,65,Month-to-month,No,Mailed check,52.71,3422.67,0,77.1,No
CUST_03679,Male,67,1,52,Month-to-month,Yes,Electronic check,112.2,5847.32,0,36.6,No
CUST_03680,Male,29,0,30,Two year,Yes,Mailed check,39.0,1162.45,1,18.4,No
CUST_03681,Male,42,0,57,Month-to-month,No,Bank transfer,38.79,2195.62,0,52.5,No
CUST_03682,Female,34,0,30,Month-to-month,No,Mailed check,76.53,2291.34,1,29.1,No
CUST_03683,Male,77,1,42,Month-to-month,No,Credit card,25.06,1038.47,0,38.6,No
CUST_03684,Female,43,0,11,One year,No,Credit card,100.1,1078.54,4,51.9,Yes
CUST_03685,Female,63,0,27,Month-to-month,No,Mailed check,63.96,1734.5,4,0.0,No
CUST_03686,Female,65,1,24,Month-to-month,No,Mailed check,89.92,2168.55,5,40.9,Yes
CUST_03687,Male,31,0,39,Two year,Yes,Electronic check,37.46,1465.26,3,42.3,No
CUST_03688,Female,58,0,72,One year,No,Mailed check,84.24,6073.91,1,87.0,No
CUST_03689,Female,53,0,18,Month-to-month,Yes,Mailed check,79.41,1425.26,2,46.9,Yes
CUST_03690,Female,74,1,45,One year,Yes,Electronic check,95.57,4313.99,2,92.6,No
CUST_03691,Female,40,0,12,Month-to-month,No,Mailed check,49.74,590.6,2,74.7,No
CUST_03692,Female,60,0,49,Month-to-month,Yes,Mailed check,113.32,5552.52,1,59.0,No
CUST_03693,Male,23,0,31,One year,No,Mailed check,116.13,3591.6,1,57.2,No
CUST_03694,Female,64,0,22,Month-to-month,Yes,Mailed check,106.81,2335.85,1,56.5,No
CUST_03695,Female,22,0,44,Month-to-month,No,Mailed check,77.2,3390.59,0,52.7,No
CUST_03696,Male,60,0,64,One year,Yes,Bank transfer,62.03,3992.14,1,20.4,No
CUST_03697,Female,42,0,25,Two year,No,Mailed check,25.8,660.31,1,57.0,No
CUST_03698,Male,35,0,51,One year,Yes,Electronic check,114.72,5858.61,2,51.9,No
CUST_03699,Female,79,1,7,Month-to-month,No,Mailed check,115.18,801.96,3,54.2,No
CUST_03700,Male,30,0,6,Month-to-month,Yes,Bank transfer,21.87,126.7,0,84.8,No
CUST_03701,Male,60,0,24,Month-to-month,Yes,Electronic check,55.69,1353.66,1,45.9,No
CUST_03702,Female,31,0,19,Month-to-month,Yes,Electronic check,108.0,2052.29,2,28.7,No
CUST_03703,Female,45,0,9,Month-to-month,No,Mailed check,28.09,260.67,1,38.8,No
CUST_03704,Female,35,0,36,One year,No,Credit card,39.66,1422.1,0,66.7,No
CUST_03705,Male,76,1,40,Month-to-month,No,Bank transfer,117.87,4711.74,2,55.7,No
CUST_03706,Male,77,1,24,Month-to-month,No,Credit card,104.73,2521.3,2,50.9,Yes
CUST_03707,Male,74,1,48,One year,No,Mailed check,111.21,5330.55,3,22.5,No
CUST_03708,Female,45,0,63,Month-to-month,Yes,Bank transfer,34.22,2159.06,3,74.0,No
CUST_03709,Male,68,1,69,Two year,No,Credit card,41.13,2831.08,1,37.8,No
CUST_03710,Male,73,1,53,Month-to-month,No,Bank transfer,80.54,4273.81,1,57.2,No
CUST_03711,Female,44,0,54,Two year,Yes,Mailed check,70.17,3782.08,1,48.0,No
CUST_03712,Male,49,0,42,Two year,No,Bank transfer,49.85,2111.24,1,18.2,No
CUST_03713,Male,64,0,45,Two year,No,Mailed check,108.38,4876.67,1,57.4,No
CUST_03714,Female,26,0,14,Month-to-month,No,Credit card,110.14,1549.69,2,26.0,Yes
CUST_03715,Male,57,0,29,Two year,No,Bank transfer,49.17,1425.68,0,56.7,No
CUST_03716,Female,49,0,6,Month-to-month,No,Electronic check,35.58,208.44,0,39.5,Yes
CUST_03717,Female,37,0,7,Month-to-month,No,Mailed check,34.91,250.11,1,46.2,No
CUST_03718,Female,45,0,37,Month-to-month,Yes,Bank transfer,68.44,2543.91,0,64.2,No
CUST_03719,Female,50,0,53,Month-to-month,No,Electronic check,33.29,1749.98,0,24.8,No
CUST_03720,Female,21,0,18,Month-to-month,No,Electronic check,67.33,1213.32,2,112.0,Yes
CUST_03721,Male,63,0,38,Month-to-month,No,Electronic check,66.19,2514.27,0,33.1,No
CUST_03722,Male,74,1,59,Month-to-month,Yes,Electronic check,108.41,6398.35,1,64.0,No
CUST_03723,Female,51,0,1,One year,Yes,Mailed check,49.62,63.16,3,68.0,No
CUST_03724,Female,65,1,68,Month-to-month,Yes,Bank transfer,76.07,5180.6,2,80.5,No
CUST_03725,Male,20,0,44,One year,Yes,Electronic check,94.35,4162.97,1,36.6,No
CUST_03726,Female,43,0,47,Two year,No,Bank transfer,79.59,3743.43,1,35.0,No
CUST_03727,Female,25,0,35,Month-to-month,Yes,Bank transfer,115.41,4034.9,2,71.9,Yes
CUST_03728,Female,23,0,60,One year,No,Credit card,80.23,4789.42,0,60.9,No
CUST_03729,Male,33,0,52,Two year,No,Bank transfer,110.19,5743.84,3,61.3,No
CUST_03730,Male,41,0,8,Month-to-month,No,Mailed check,44.51,331.04,3,78.0,Yes
CUST_03731,Female,65,1,41,Month-to-month,Yes,Mailed check,76.08,3134.96,2,51.9,No
CUST_03732,Female,56,0,3,Two year,No,Electronic check,74.33,230.4,2,53.6,No
CUST_03733,Male,47,0,69,Two year,Yes,Bank transfer,118.95,8226.91,2,76.6,No
CUST_03734,Male,62,0,14,One year,No,Mailed check,40.45,,0,53.5,No
CUST_03735,Female,30,0,26,Month-to-month,Yes,Mailed check,34.1,891.59,1,29.7,No
CUST_03736,Female,22,0,70,Two year,Yes,Mailed check,81.17,5679.85,1,32.0,No
CUST_03737,Male,42,0,58,Month-to-month,No,Electronic check,42.37,2458.17,0,44.7,No
CUST_03738,Male,37,0,40,Month-to-month,No,Mailed check,83.92,3349.37,3,57.1,Yes
CUST_03739,Male,71,1,51,Month-to-month,No,Bank transfer,117.25,5978.52,1,69.2,Yes
CUST_03740,Female,35,0,5,Month-to-month,Yes,Mailed check,114.65,564.79,0,98.0,Yes
CUST_03741,Male,64,0,32,One year,Yes,Mailed check,43.11,1379.99,5,45.1,No
CUST_03742,Female,35,0,1,Two year,Yes,Electronic check,37.09,37.09,3,22.0,No
CUST_03743,Male,19,0,54,One year,No,Bank transfer,76.07,4107.79,1,18.1,No
CUST_03744,Male,27,0,11,Month-to-month,Yes,Mailed check,78.68,864.55,0,45.7,No
CUST_03745,Male,72,1,53,One year,No,Bank transfer,86.23,4563.74,2,49.8,No
CUST_03746,Male,62,0,8,One year,Yes,Bank transfer,94.15,758.79,0,62.3,No
CUST_03747,Female,67,1,25,Month-to-month,Yes,Mailed check,80.1,2005.54,0,98.9,No
CUST_03748,Female,64,0,40,Two year,Yes,Electronic check,31.18,1249.77,0,62.4,No
CUST_03749,Male,29,0,32,Two year,No,Bank transfer,99.02,3159.09,1,51.7,No
CUST_03750,Female,64,0,28,One year,No,Credit card,27.95,789.38,1,70.0,No
CUST_03751,Male,30,0,3,Month-to-month,No,Mailed check,22.0,58.36,3,18.3,No
CUST_03752,Male,67,1,62,One year,Yes,Bank transfer,96.97,6006.65,2,55.0,No
CUST_03753,Male,64,0,27,Two year,Yes,Bank transfer,74.84,2021.48,2,17.5,Yes
CUST_03754,Male,74,1,45,Month-to-month,Yes,Bank transfer,89.86,4055.16,0,78.2,No
CUST_03755,Female,72,1,25,Two year,Yes,Mailed check,58.27,1444.79,1,23.0,No
CUST_03756,Male,28,0,61,Month-to-month,No,Credit card,21.11,1277.78,4,69.9,No
CUST_03757,Male,36,0,44,One year,Yes,Bank transfer,53.1,2316.84,0,66.2,No
CUST_03758,Female,52,0,46,One year,Yes,Bank transfer,80.81,3722.48,5,79.5,No
CUST_03759,Male,56,0,14,One year,No,Electronic check,42.57,592.61,0,31.6,No
CUST_03760,Male,70,1,8,Two year,No,Mailed check,88.78,714.49,0,48.8,No
CUST_03761,Male,43,0,48,Month-to-month,No,Mailed check,99.44,4776.51,1,69.7,No
CUST_03762,Female,63,0,14,Month-to-month,Yes,Bank transfer,65.43,923.85,0,56.9,No
CUST_03763,Male,31,0,65,One year,No,Electronic check,107.57,6992.2,3,59.8,No
CUST_03764,Female,71,1,7,Month-to-month,Yes,Bank transfer,105.48,731.28,1,64.8,No
CUST_03765,Male,62,0,49,Month-to-month,No,Bank transfer,107.81,5284.8,2,43.4,No
CUST_03766,Male,61,0,55,Month-to-month,Yes,Mailed check,86.1,4739.85,1,30.7,No
CUST_03767,Female,41,0,13,Month-to-month,Yes,Electronic check,50.48,652.74,1,34.2,Yes
CUST_03768,Male,58,0,56,One year,Yes,Bank transfer,68.13,3815.92,1,48.2,No
CUST_03769,Male,18,0,56,One year,Yes,Mailed check,91.05,5085.41,0,35.1,No
CUST_03770,Female,68,1,15,Month-to-month,Yes,Bank transfer,41.06,603.12,2,44.3,Yes
CUST_03771,Female,60,0,57,Month-to-month,Yes,Bank transfer,93.88,5334.8,3,49.5,No
CUST_03772,Female,72,1,58,Month-to-month,No,Electronic check,74.81,4341.8,2,80.4,No
CUST_03773,Female,39,0,35,Month-to-month,Yes,Electronic check,29.6,1043.46,1,28.0,No
CUST_03774,Female,40,0,16,Month-to-month,Yes,Electronic check,75.73,1197.4,2,34.8,No
CUST_03775,Male,73,1,8,Month-to-month,Yes,Bank transfer,26.68,215.03,1,49.2,No
CUST_03776,Female,71,1,45,One year,Yes,Credit card,21.43,968.85,2,29.4,No
CUST_03777,Male,36,0,40,One year,No,Electronic check,108.96,4354.52,1,0.0,No
CUST_03778,Male,35,0,54,Month-to-month,Yes,Credit card,68.99,3741.56,0,37.7,No
CUST_03779,Male,29,0,14,One year,Yes,Credit card,74.33,1026.03,3,44.8,No
CUST_03780,Female,72,1,59,Two year,No,Credit card,47.99,2827.86,2,53.6,No
CUST_03781,Female,45,0,53,Month-to-month,Yes,Mailed check,74.27,3907.42,1,30.6,No
CUST_03782,Male,45,0,27,Month-to-month,No,Bank transfer,36.89,999.4,2,83.5,No
CUST_03783,Female,77,1,47,One year,Yes,Electronic check,94.56,4437.22,3,65.5,No
CUST_03784,Female,76,1,6,Month-to-month,Yes,Bank transfer,102.33,594.25,3,27.8,No
CUST_03785,Female,50,0,55,One year,No,Bank transfer,105.59,5813.26,2,37.8,Yes
CUST_03786,Female,36,0,44,Two year,No,Mailed check,30.67,1347.7,0,36.3,No
CUST_03787,Male,45,0,18,Month-to-month,No,Mailed check,75.78,1360.89,0,28.5,No
CUST_03788,Male,76,1,16,One year,Yes,Mailed check,100.88,1625.28,1,73.0,No
CUST_03789,Female,69,1,12,One year,No,Bank transfer,32.82,386.05,4,28.7,No
CUST_03790,Male,78,1,20,Month-to-month,No,Credit card,29.95,605.48,1,52.1,No
CUST_03791,Female,79,1,45,Month-to-month,Yes,Bank transfer,101.69,4584.13,0,39.6,No
CUST_03792,Female,66,1,64,Two year,Yes,Mailed check,99.67,6373.49,2,46.0,No
CUST_03793,Male,54,0,59,Two year,Yes,Bank transfer,64.87,3827.37,0,70.6,No
CUST_03794,Male,43,0,22,One year,No,Mailed check,30.97,698.15,1,56.4,No
CUST_03795,Male,52,0,47,Two year,Yes,Mailed check,71.61,3355.68,1,57.3,No
CUST_03796,Female,51,0,29,Month-to-month,No,Electronic check,59.48,1730.48,3,56.3,Yes
CUST_03797,Male,52,0,45,Month-to-month,No,Credit card,71.85,3234.08,4,59.7,No
CUST_03798,Female,57,0,9,Month-to-month,No,Mailed check,63.99,588.61,0,29.0,No
CUST_03799,Male,33,0,24,Month-to-month,No,Electronic check,76.85,1844.1,3,36.4,No
CUST_03800,Male,55,0,15,Two year,Yes,Credit card,92.71,1397.55,0,57.4,No
CUST_03801,Female,30,0,36,Two year,Yes,Mailed check,97.49,3493.49,1,35.5,No
CUST_03802,Female,79,1,13,Two year,No,Credit card,84.9,1082.24,0,43.0,No
CUST_03803,Female,40,0,44,One year,No,Credit card,39.89,1744.85,0,55.5,No
CUST_03804,Female,77,1,71,Month-to-month,Yes,Bank transfer,59.71,4235.16,3,72.1,No
CUST_03805,Female,71,1,72,Month-to-month,Yes,Electronic check,27.12,1949.27,3,67.1,No
CUST_03806,Female,39,0,36,Month-to-month,No,Credit card,65.17,2356.95,2,82.0,Yes
CUST_03807,Female,33,0,61,One year,No,Bank transfer,117.03,7135.14,0,52.9,No
CUST_03808,Female,45,0,40,Month-to-month,No,Credit card,84.17,3367.16,1,52.4,No
CUST_03809,Male,65,1,27,Two year,No,Bank transfer,35.46,958.85,5,36.8,No
CUST_03810,Female,52,0,1,Two year,No,Mailed check,46.86,46.86,0,61.1,No
CUST_03811,Female,77,1,34,Month-to-month,Yes,Mailed check,26.46,899.37,1,75.1,No
CUST_03812,Male,62,0,68,Month-to-month,No,Bank transfer,38.24,2610.93,1,38.8,No
CUST_03813,Female,63,0,21,One year,Yes,Mailed check,68.78,1447.46,1,58.9,No
CUST_03814,Male,25,0,33,Month-to-month,No,Mailed check,54.49,1803.96,3,72.4,No
CUST_03815,Male,61,0,7,One year,Yes,Mailed check,40.4,286.11,1,33.3,No
CUST_03816,Female,72,1,65,One year,No,Credit card,34.66,2269.36,0,61.0,No
CUST_03817,Male,72,1,3,Month-to-month,Yes,Bank transfer,85.61,246.3,0,62.1,No
CUST_03818,Female,39,0,51,Month-to-month,Yes,Electronic check,75.81,3891.33,2,5.5,No
CUST_03819,Male,38,0,54,Month-to-month,No,Electronic check,104.26,5640.22,1,39.3,No
CUST_03820,Male,43,0,59,Two year,No,Bank transfer,38.33,2272.97,3,27.7,No
CUST_03821,Male,57,0,6,Month-to-month,Yes,Credit card,104.8,641.89,1,39.8,Yes
CUST_03822,Female,38,0,29,Two year,Yes,Mailed check,77.79,2266.31,0,41.7,No
CUST_03823,Female,42,0,17,One year,Yes,Mailed check,46.62,779.68,7,49.3,No
CUST_03824,Male,58,0,60,One year,No,Credit card,47.36,2829.99,0,68.1,No
CUST_03825,Male,18,0,22,Month-to-month,Yes,Electronic check,59.04,1305.83,1,74.4,No
CUST_03826,Female,23,0,24,One year,No,Bank transfer,66.01,1590.08,0,53.5,No
CUST_03827,Female,40,0,51,One year,No,Bank transfer,28.25,1449.63,1,76.0,No
CUST_03828,Male,68,1,50,One year,No,Credit card,104.2,5210.46,3,66.6,No
CUST_03829,Male,40,0,11,One year,No,Mailed check,32.15,340.52,1,48.3,Yes
CUST_03830,Female,60,0,56,One year,No,Mailed check,68.35,3826.27,2,79.3,No
CUST_03831,Female,60,0,71,Two year,No,Mailed check,58.3,4146.49,1,51.3,No
CUST_03832,Female,40,0,42,Month-to-month,Yes,Bank transfer,71.23,2989.07,1,55.0,No
CUST_03833,Female,49,0,39,Two year,Yes,Electronic check,108.75,4241.13,1,30.6,No
CUST_03834,Female,47,0,69,Month-to-month,No,Bank transfer,118.91,8205.01,2,57.2,No
CUST_03835,Male,30,0,48,Two year,Yes,Credit card,22.03,1052.08,1,58.4,No
CUST_03836,Female,60,0,57,Two year,Yes,Bank transfer,59.32,3373.33,2,67.3,No
CUST_03837,Male,35,0,21,Month-to-month,No,Credit card,101.76,2158.07,5,45.5,Yes
CUST_03838,Female,40,0,20,One year,Yes,Bank transfer,52.66,1068.79,0,35.4,No
CUST_03839,Male,32,0,15,One year,No,Electronic check,84.9,1284.26,1,58.2,No
CUST_03840,Female,50,0,69,Month-to-month,No,Credit card,119.23,8230.74,1,64.8,No
CUST_03841,Female,38,0,51,Month-to-month,No,Mailed check,84.68,4308.49,1,43.3,No
CUST_03842,Male,74,1,62,Month-to-month,No,Mailed check,31.12,1938.26,1,33.2,No
CUST_03843,Male,56,0,37,Two year,Yes,Bank transfer,104.29,3870.0,1,41.8,No
CUST_03844,Female,40,0,6,Two year,Yes,Bank transfer,116.67,696.55,2,81.8,No
CUST_03845,Female,44,0,71,One year,No,Electronic check,91.25,6468.13,2,30.5,No
CUST_03846,Female,62,0,26,One year,Yes,Electronic check,61.91,1613.85,2,30.0,Yes
CUST_03847,Female,61,0,8,One year,No,Mailed check,114.84,929.4,1,87.4,No
CUST_03848,Female,35,0,4,Month-to-month,No,Bank transfer,116.86,461.03,2,46.9,No
CUST_03849,Male,41,0,21,Month-to-month,Yes,Credit card,113.51,2389.03,2,25.5,Yes
CUST_03850,Male,68,1,31,One year,Yes,Electronic check,61.18,1887.56,2,21.7,No
CUST_03851,Female,64,0,21,Two year,No,Credit card,98.97,2067.02,0,61.5,No
CUST_03852,Male,57,0,25,One year,Yes,Credit card,85.42,2137.5,4,56.7,Yes
CUST_03853,Male,68,1,15,One year,No,Electronic check,37.97,561.42,1,61.6,No
CUST_03854,Male,59,0,35,One year,No,Bank transfer,73.55,2578.6,1,32.8,No
CUST_03855,Female,24,0,49,Month-to-month,Yes,Credit card,94.77,4627.53,2,26.2,No
CUST_03856,Male,67,1,43,One year,No,Bank transfer,109.59,4703.85,1,60.8,No
CUST_03857,Female,65,1,41,Month-to-month,Yes,Credit card,106.26,4366.94,2,29.1,No
CUST_03858,Male,37,0,37,Month-to-month,No,Bank transfer,35.47,1319.16,1,46.7,No
CUST_03859,Female,44,0,57,One year,No,Bank transfer,68.8,3925.98,1,32.3,No
CUST_03860,Male,23,0,42,One year,No,Bank transfer,67.83,2844.27,1,83.0,No
CUST_03861,Female,44,0,47,Month-to-month,No,Bank transfer,109.87,5164.2,4,68.4,Yes
CUST_03862,Female,26,0,61,One year,No,Electronic check,20.19,1229.57,1,102.7,No
CUST_03863,Male,70,1,14,One year,Yes,Credit card,93.87,1337.54,1,62.8,No
CUST_03864,Female,62,0,68,One year,No,Bank transfer,81.86,5569.93,3,56.3,No
CUST_03865,Female,74,1,53,Two year,Yes,Mailed check,112.16,5936.66,1,63.6,No
CUST_03866,Female,48,0,34,Month-to-month,Yes,Credit card,65.69,2232.71,2,18.5,No
CUST_03867,Female,38,0,24,Two year,Yes,Credit card,85.77,2041.61,2,14.3,Yes
CUST_03868,Female,43,0,20,One year,No,Bank transfer,117.27,2326.46,2,64.2,No
CUST_03869,Female,57,0,69,One year,Yes,Credit card,94.39,6527.56,2,38.4,No
CUST_03870,Female,65,1,30,One year,Yes,Mailed check,26.74,804.89,1,50.0,No
CUST_03871,Female,62,0,7,Month-to-month,Yes,Mailed check,36.75,252.76,1,17.4,Yes
CUST_03872,Male,30,0,36,Month-to-month,No,Mailed check,102.15,3676.96,1,39.6,No
CUST_03873,Male,66,1,38,One year,No,Credit card,53.48,2031.18,1,42.8,No
CUST_03874,Female,40,0,52,One year,No,Credit card,90.59,4711.45,0,68.5,No
CUST_03875,Female,37,0,15,One year,No,Bank transfer,89.98,1361.21,3,52.7,No
CUST_03876,Male,54,0,46,Month-to-month,Yes,Credit card,119.37,5496.38,0,22.4,No
CUST_03877,Male,71,1,23,Month-to-month,No,Credit card,66.99,1536.61,3,39.6,Yes
CUST_03878,Male,70,1,12,Month-to-month,Yes,Bank transfer,93.78,1107.91,4,72.2,Yes
CUST_03879,Female,45,0,44,One year,No,Mailed check,24.88,1084.49,1,41.0,Yes
CUST_03880,Male,34,0,15,Month-to-month,Yes,Bank transfer,66.26,1001.47,2,68.0,No
CUST_03881,Female,45,0,49,One year,No,Electronic check,38.67,1910.36,0,39.1,No
CUST_03882,Female,58,0,21,Month-to-month,No,Credit card,104.06,2176.42,2,56.7,No
CUST_03883,Male,19,0,15,One year,No,Credit card,103.99,1549.57,0,51.2,No
CUST_03884,Female,42,0,14,Month-to-month,No,Electronic check,43.64,606.59,1,47.8,No
CUST_03885,Female,75,1,42,Month-to-month,Yes,Electronic check,51.83,2194.64,2,23.8,No
CUST_03886,Female,67,1,15,One year,No,Electronic check,90.25,1355.19,2,17.7,No
CUST_03887,Female,58,0,63,One year,No,Bank transfer,93.83,5903.45,3,54.9,No
CUST_03888,Male,23,0,68,Month-to-month,No,Mailed check,85.76,5828.28,2,50.7,No
CUST_03889,Male,28,0,27,Two year,Yes,Bank transfer,119.67,3225.79,1,39.3,No
CUST_03890,Female,74,1,53,Month-to-month,No,Electronic check,106.87,5671.06,0,32.5,No
CUST_03891,Female,78,1,52,Month-to-month,No,Bank transfer,61.71,3228.24,1,76.8,No
CUST_03892,Male,55,0,63,Month-to-month,Yes,Credit card,52.7,3321.26,2,69.8,No
CUST_03893,Female,23,0,53,Month-to-month,Yes,Bank transfer,79.68,4234.24,2,64.9,No
CUST_03894,Male,62,0,57,Month-to-month,Yes,Electronic check,101.76,5787.07,2,82.2,No
CUST_03895,Female,28,0,52,Month-to-month,No,Credit card,67.53,3535.2,2,28.0,No
CUST_03896,Female,31,0,43,One year,Yes,Mailed check,93.77,4018.69,0,55.5,No
CUST_03897,Male,19,0,7,Month-to-month,No,Bank transfer,21.92,165.53,1,22.2,No
CUST_03898,Male,57,0,42,One year,Yes,Bank transfer,112.58,4731.91,3,42.0,No
CUST_03899,Male,20,0,4,Month-to-month,No,Electronic check,97.38,376.95,3,43.8,No
CUST_03900,Male,72,1,69,Month-to-month,Yes,Mailed check,59.42,4108.26,1,36.4,No
CUST_03901,Female,70,1,5,Month-to-month,Yes,Credit card,58.4,291.72,1,49.2,No
CUST_03902,Male,52,0,41,One year,Yes,Electronic check,30.29,1232.72,1,93.0,No
CUST_03903,Female,50,0,4,One year,No,Electronic check,101.62,406.57,2,55.2,No
CUST_03904,Male,41,0,2,Two year,Yes,Bank transfer,96.86,177.23,0,69.6,No
CUST_03905,Male,36,0,67,Month-to-month,No,Mailed check,83.02,5557.85,1,52.1,No
CUST_03906,Female,35,0,21,One year,Yes,Electronic check,30.15,623.41,2,16.5,No
CUST_03907,Male,66,1,70,One year,Yes,Bank transfer,46.23,3234.57,3,37.4,No
CUST_03908,Male,69,1,43,Month-to-month,Yes,Credit card,65.89,2816.02,3,39.3,No
CUST_03909,Male,78,1,69,Month-to-month,No,Electronic check,46.6,3197.3,2,49.2,No
CUST_03910,Male,41,0,9,Month-to-month,No,Credit card,63.4,562.09,1,62.1,No
CUST_03911,Female,62,0,28,One year,No,Credit card,42.6,1192.3,3,67.2,No
CUST_03912,Female,52,0,26,Month-to-month,Yes,Bank transfer,54.96,1419.23,0,57.0,No
CUST_03913,Male,79,1,3,One year,No,Mailed check,85.23,260.3,1,71.2,Yes
CUST_03914,Male,18,0,49,One year,No,Credit card,109.24,5359.59,1,37.0,No
CUST_03915,Male,53,0,17,One year,Yes,Electronic check,58.5,986.11,0,61.2,No
CUST_03916,Female,42,0,63,Month-to-month,Yes,Mailed check,89.19,5632.93,1,60.0,No
CUST_03917,Female,62,0,55,One year,No,Mailed check,33.48,1838.33,3,68.0,No
CUST_03918,Female,66,1,23,Month-to-month,No,Bank transfer,74.08,1722.2,1,35.3,Yes
CUST_03919,Female,77,1,34,Month-to-month,Yes,Electronic check,112.17,3811.2,2,86.8,Yes
CUST_03920,Male,79,1,69,One year,No,Electronic check,22.79,1561.54,1,34.2,No
CUST_03921,Male,60,0,15,Month-to-month,Yes,Bank transfer,46.76,713.62,0,40.7,No
CUST_03922,Male,51,0,47,Month-to-month,Yes,Bank transfer,33.25,1552.31,2,64.9,No
CUST_03923,Female,42,0,3,Month-to-month,No,Mailed check,73.31,231.31,3,18.6,Yes
CUST_03924,Male,33,0,28,Month-to-month,No,Credit card,87.96,2464.21,0,31.3,No
CUST_03925,Female,51,0,3,Month-to-month,Yes,Credit card,25.78,71.77,1,51.7,No
CUST_03926,Female,46,0,4,Month-to-month,No,Credit card,27.03,100.43,1,13.5,No
CUST_03927,Male,36,0,31,One year,Yes,Credit card,106.96,3314.99,0,34.1,No
CUST_03928,Male,40,0,45,Month-to-month,No,Electronic check,65.62,2959.85,1,51.8,No
CUST_03929,Male,36,0,59,Two year,Yes,Electronic check,66.3,3911.01,0,33.5,No
CUST_03930,Female,42,0,45,Month-to-month,No,Bank transfer,114.46,5165.41,4,85.6,No
CUST_03931,Female,33,0,37,Month-to-month,No,Bank transfer,52.02,1913.02,1,64.5,No
CUST_03932,Male,71,1,65,One year,Yes,Credit card,109.7,7129.69,1,59.0,No
CUST_03933,Male,68,1,9,Month-to-month,No,Bank transfer,117.43,1067.84,3,52.8,No
CUST_03934,Female,26,0,17,Two year,Yes,Electronic check,44.17,738.84,0,65.3,No
CUST_03935,Male,18,0,65,One year,No,Credit card,71.4,4651.66,1,51.2,No
CUST_03936,Female,59,0,3,Month-to-month,No,Credit card,73.44,220.5,1,30.2,No
CUST_03937,Female,36,0,26,One year,No,Electronic check,106.62,2773.14,3,56.8,No
CUST_03938,Male,50,0,53,Month-to-month,No,Mailed check,50.39,2667.32,1,35.7,No
CUST_03939,Male,51,0,31,Two year,Yes,Credit card,99.8,3081.84,1,58.6,No
CUST_03940,Male,33,0,26,Two year,Yes,Bank transfer,117.1,3043.83,3,55.9,Yes
CUST_03941,Male,61,0,23,One year,No,Mailed check,104.03,2387.22,4,37.4,Yes
CUST_03942,Female,57,0,30,Month-to-month,Yes,Electronic check,110.91,3342.66,1,91.2,No
CUST_03943,Female,72,1,10,Month-to-month,Yes,Mailed check,90.84,913.46,0,75.5,No
CUST_03944,Female,35,0,72,Month-to-month,No,Mailed check,110.4,7948.83,3,48.9,No
CUST_03945,Male,51,0,64,Month-to-month,Yes,Credit card,36.49,2348.22,2,60.1,Yes
CUST_03946,Female,42,0,22,Month-to-month,Yes,Mailed check,91.24,2006.63,2,56.7,Yes
CUST_03947,Male,78,1,15,Two year,No,Bank transfer,93.19,1404.84,4,39.2,No
CUST_03948,Male,62,0,56,Month-to-month,No,Credit card,63.92,,2,61.4,No
CUST_03949,Male,23,0,20,One year,No,Electronic check,27.97,556.75,1,46.1,No
CUST_03950,Male,38,0,47,One year,No,Bank transfer,82.24,3869.84,1,21.9,No
CUST_03951,Male,75,1,53,Two year,Yes,Credit card,25.19,1330.6,1,39.8,No
CUST_03952,Male,23,0,53,Month-to-month,No,Mailed check,58.24,3098.2,2,39.9,No
CUST_03953,Female,49,0,1,Month-to-month,Yes,Bank transfer,59.37,59.37,3,11.3,Yes
CUST_03954,Male,58,0,2,One year,Yes,Credit card,119.89,253.49,5,76.7,No
CUST_03955,Female,65,1,58,Two year,No,Credit card,49.98,2900.84,4,39.5,No
CUST_03956,Female,60,0,19,Two year,Yes,Electronic check,102.05,1964.32,1,42.5,No
CUST_03957,Male,56,0,62,One year,Yes,Credit card,25.32,1562.59,1,95.0,No
CUST_03958,Male,48,0,72,Month-to-month,Yes,Electronic check,72.98,5262.91,3,30.5,No
CUST_03959,Male,59,0,12,One year,No,Mailed check,73.67,883.6,2,48.1,No
CUST_03960,Female,27,0,26,Month-to-month,Yes,Credit card,82.87,2152.5,1,18.2,No
CUST_03961,Male,47,0,27,One year,No,Credit card,101.0,2708.03,2,37.2,No
CUST_03962,Female,74,1,29,One year,No,Mailed check,96.19,2790.31,3,39.6,No
CUST_03963,Male,69,1,15,One year,Yes,Credit card,96.1,1431.77,3,72.4,No
CUST_03964,Male,35,0,46,Two year,Yes,Credit card,63.23,2905.46,2,33.3,No
CUST_03965,Female,77,1,1,One year,No,Bank transfer,92.75,92.75,2,67.0,No
CUST_03966,Female,41,0,60,Month-to-month,No,Electronic check,69.13,4139.88,1,104.0,No
CUST_03967,Male,69,1,57,Month-to-month,No,Credit card,26.7,1510.89,1,85.0,No
CUST_03968,Female,78,1,3,Two year,No,Credit card,109.02,316.43,0,0.0,No
CUST_03969,Female,26,0,18,Month-to-month,No,Electronic check,109.02,1946.38,0,59.9,No
CUST_03970,Female,48,0,52,Month-to-month,Yes,Bank transfer,52.29,2722.73,0,81.4,No
CUST_03971,Female,32,0,60,Month-to-month,No,Electronic check,111.39,6683.6,4,33.4,No
CUST_03972,Female,21,0,34,One year,Yes,Credit card,95.8,3264.22,0,48.3,No
CUST_03973,Male,57,0,60,Month-to-month,No,Mailed check,60.08,3600.89,0,43.7,No
CUST_03974,Male,26,0,26,Two year,Yes,Mailed check,53.15,1375.32,3,69.1,No
CUST_03975,Female,62,0,72,Two year,No,Bank transfer,117.51,8460.15,3,40.5,No
CUST_03976,Male,26,0,19,Two year,Yes,Bank transfer,91.26,1741.01,0,88.2,No
CUST_03977,Male,43,0,22,Month-to-month,Yes,Credit card,57.88,1276.38,1,74.6,No
CUST_03978,Female,21,0,33,Two year,No,Bank transfer,84.2,2778.68,1,18.6,No
CUST_03979,Male,34,0,38,Two year,Yes,Credit card,77.15,2938.44,0,18.9,No
CUST_03980,Female,33,0,35,Two year,No,Mailed check,72.45,2535.94,0,54.2,No
CUST_03981,Female,32,0,67,One year,No,Bank transfer,84.47,5653.59,0,45.7,No
CUST_03982,Male,52,0,10,One year,Yes,Credit card,73.76,746.7,1,48.5,Yes
CUST_03983,Female,74,1,15,Month-to-month,Yes,Electronic check,85.48,1269.7,1,38.6,No
CUST_03984,Female,69,1,11,Two year,No,Bank transfer,110.76,1204.12,0,28.7,No
CUST_03985,Female,22,0,24,Month-to-month,No,Credit card,119.33,2863.59,0,50.5,No
CUST_03986,Female,72,1,4,Month-to-month,No,Credit card,90.93,364.57,0,59.4,No
CUST_03987,Female,22,0,13,Two year,Yes,Electronic check,112.78,1468.5,0,70.8,No
CUST_03988,Male,37,0,57,Month-to-month,Yes,Mailed check,105.84,6029.66,1,74.1,No
CUST_03989,Male,32,0,37,Month-to-month,No,Electronic check,49.5,1845.17,2,50.8,No
CUST_03990,Female,35,0,48,Two year,Yes,Credit card,113.29,5422.97,1,57.1,Yes
CUST_03991,Female,64,0,71,Two year,Yes,Electronic check,27.08,1924.09,4,16.4,No
CUST_03992,Male,19,0,1,Month-to-month,Yes,Electronic check,52.99,60.58,0,64.4,Yes
CUST_03993,Female,46,0,60,Two year,No,Credit card,83.99,5053.51,2,76.8,No
CUST_03994,Male,30,0,12,Month-to-month,No,Mailed check,72.69,885.64,2,63.1,No
CUST_03995,Female,21,0,21,Month-to-month,Yes,Electronic check,74.24,1548.1,0,49.0,No
CUST_03996,Female,59,0,11,Month-to-month,Yes,Electronic check,99.49,1098.0,3,30.8,No
CUST_03997,Female,62,0,44,Month-to-month,No,Bank transfer,39.47,1734.56,1,30.9,No
CUST_03998,Female,27,0,58,Month-to-month,Yes,Bank transfer,118.21,6855.85,1,46.1,No
CUST_03999,Female,78,1,44,Month-to-month,No,Credit card,63.75,2816.16,1,59.2,No
CUST_04000,Female,48,0,34,Two year,No,Credit card,114.98,3928.47,0,8.6,No
CUST_04001,Female,58,0,25,One year,No,Credit card,58.31,1460.4,2,23.5,Yes
CUST_04002,Male,25,0,4,Two year,No,Bank transfer,80.18,300.86,0,68.8,No
CUST_04003,Male,20,0,64,One year,No,Credit card,65.03,4145.31,3,84.6,No
CUST_04004,Male,65,1,16,Month-to-month,No,Electronic check,87.59,1401.03,0,46.5,No
CUST_04005,Female,63,0,10,Two year,No,Electronic check,38.36,393.6,4,63.1,No
CUST_04006,Female,26,0,66,Two year,Yes,Mailed check,60.06,3956.29,1,47.7,No
CUST_04007,Female,47,0,35,Month-to-month,No,Credit card,26.84,937.42,0,52.5,No
CUST_04008,Female,70,1,6,Month-to-month,Yes,Electronic check,79.81,495.04,3,28.1,Yes
CUST_04009,Female,28,0,19,One year,Yes,Electronic check,116.27,2205.13,1,61.1,Yes
CUST_04010,Female,52,0,59,One year,Yes,Mailed check,24.59,1468.38,0,35.2,Yes
CUST_04011,Female,54,0,53,Two year,No,Electronic check,85.96,4551.74,1,54.9,No
CUST_04012,Male,78,1,8,Month-to-month,Yes,Mailed check,97.51,789.12,2,65.1,No
CUST_04013,Female,59,0,10,Month-to-month,No,Mailed check,41.31,413.88,2,62.6,Yes
CUST_04014,Male,30,0,67,One year,No,Bank transfer,47.31,3177.36,1,33.9,No
CUST_04015,Male,53,0,38,One year,Yes,Electronic check,40.16,1546.09,4,55.4,No
CUST_04016,Female,73,1,29,Month-to-month,Yes,Bank transfer,49.74,1446.69,7,38.5,No
CUST_04017,Female,30,0,15,Month-to-month,Yes,Electronic check,31.01,477.73,2,64.8,No
CUST_04018,Male,29,0,23,One year,Yes,Bank transfer,57.03,1302.85,2,66.7,No
CUST_04019,Male,54,0,46,One year,No,Mailed check,56.89,2607.76,1,65.6,No
CUST_04020,Female,27,0,28,Month-to-month,Yes,Mailed check,100.73,2804.02,1,80.0,Yes
CUST_04021,Female,77,1,26,Month-to-month,Yes,Mailed check,100.1,2591.94,2,60.7,Yes
CUST_04022,Male,73,1,10,Two year,Yes,Mailed check,99.67,1011.9,1,81.1,No
CUST_04023,Female,26,0,47,Two year,Yes,Electronic check,76.7,3608.38,0,65.0,No
CUST_04024,Female,69,1,4,Month-to-month,Yes,Credit card,52.59,207.68,2,36.6,No
CUST_04025,Female,24,0,55,Month-to-month,No,Electronic check,61.1,3362.35,1,55.4,No
CUST_04026,Male,19,0,66,Two year,No,Bank transfer,51.77,3423.91,1,72.1,Yes
CUST_04027,Male,71,1,67,Month-to-month,No,Electronic check,78.19,5246.7,1,73.6,No
CUST_04028,Male,73,1,7,One year,Yes,Electronic check,113.8,798.77,1,42.3,No
CUST_04029,Female,77,1,55,One year,Yes,Bank transfer,48.45,2678.56,2,42.1,No
CUST_04030,Female,40,0,31,Month-to-month,No,Mailed check,65.89,2032.73,0,63.5,No
CUST_04031,Male,56,0,19,One year,No,Bank transfer,85.51,1621.22,3,35.7,No
CUST_04032,Male,57,0,28,One year,No,Bank transfer,104.47,2936.85,1,47.3,No
CUST_04033,Male,56,0,28,One year,No,Credit card,45.33,1278.9,2,53.5,No
CUST_04034,Female,38,0,19,Month-to-month,Yes,Credit card,48.03,916.26,2,48.4,No
CUST_04035,Male,40,0,20,Two year,Yes,Mailed check,108.52,2164.9,2,67.8,No
CUST_04036,Male,46,0,13,Month-to-month,Yes,Bank transfer,28.03,372.21,0,66.4,No
CUST_04037,Female,31,0,43,One year,No,Bank transfer,80.54,3454.33,0,54.5,No
CUST_04038,Female,43,0,11,Two year,No,Bank transfer,106.05,1178.32,2,28.9,Yes
CUST_04039,Female,68,1,48,Month-to-month,No,Electronic check,112.17,5399.58,2,79.3,No
CUST_04040,Male,22,0,15,One year,Yes,Credit card,21.27,313.27,1,36.1,No
CUST_04041,Female,72,1,17,Two year,Yes,Credit card,56.97,994.32,2,40.2,No
CUST_04042,Female,48,0,54,Month-to-month,No,Mailed check,45.73,2459.26,0,34.6,No
CUST_04043,Male,42,0,50,Month-to-month,Yes,Credit card,76.8,3838.27,2,21.1,No
CUST_04044,Female,48,0,28,Two year,No,Credit card,83.29,2329.88,0,70.7,No
CUST_04045,Male,67,1,4,Month-to-month,No,Mailed check,119.98,478.87,0,87.1,Yes
CUST_04046,Male,37,0,22,Month-to-month,No,Bank transfer,71.28,1582.33,3,25.4,Yes
CUST_04047,Female,61,0,39,Two year,Yes,Electronic check,75.15,2935.1,2,14.0,No
CUST_04048,Female,72,1,34,Two year,No,Mailed check,61.43,2080.35,2,53.3,No
CUST_04049,Female,34,0,44,Two year,No,Credit card,34.77,1530.87,4,57.3,No
CUST_04050,Female,62,0,42,Month-to-month,Yes,Mailed check,50.33,2120.6,2,7.6,Yes
CUST_04051,Female,19,0,40,Month-to-month,No,Credit card,44.7,1793.15,0,29.5,No
CUST_04052,Female,42,0,12,Month-to-month,No,Bank transfer,100.12,1213.69,6,76.7,No
CUST_04053,Male,30,0,2,One year,Yes,Bank transfer,74.58,150.06,1,62.4,Yes
CUST_04054,Male,75,1,28,One year,No,Bank transfer,49.62,,2,76.5,No
CUST_04055,Female,56,0,67,Month-to-month,No,Credit card,68.91,4615.5,1,29.3,No
CUST_04056,Male,45,0,71,Month-to-month,No,Mailed check,41.89,2967.47,0,50.1,No
CUST_04057,Female,59,0,72,One year,Yes,Credit card,38.51,2761.5,2,48.9,No
CUST_04058,Male,72,1,10,One year,No,Bank transfer,105.99,1075.61,4,71.7,Yes
CUST_04059,Male,23,0,57,Month-to-month,No,Bank transfer,114.48,6510.33,1,37.4,Yes
CUST_04060,Male,20,0,37,Two year,No,Bank transfer,28.0,1038.59,2,39.9,No
CUST_04061,Female,75,1,64,Month-to-month,Yes,Credit card,96.49,6179.35,2,60.3,No
CUST_04062,Male,52,0,40,One year,Yes,Electronic check,65.33,2603.44,1,65.8,No
CUST_04063,Female,35,0,60,Two year,Yes,Bank transfer,58.9,3542.84,1,41.0,No
CUST_04064,Male,28,0,48,One year,No,Mailed check,88.94,4255.67,1,54.7,No
CUST_04065,Male,71,1,19,Month-to-month,Yes,Bank transfer,46.63,880.09,0,68.9,No
CUST_04066,Male,37,0,72,Month-to-month,No,Credit card,22.06,1597.83,3,56.4,No
CUST_04067,Male,22,0,33,Two year,Yes,Mailed check,41.4,1353.2,1,41.2,No
CUST_04068,Male,36,0,44,Month-to-month,Yes,Credit card,38.49,1701.84,0,56.1,No
CUST_04069,Female,39,0,37,One year,Yes,Electronic check,23.4,877.14,1,63.1,Yes
CUST_04070,Female,76,1,36,Two year,Yes,Electronic check,52.13,1887.47,1,51.7,No
CUST_04071,Male,77,1,21,Two year,No,Credit card,67.45,1420.23,1,60.8,No
CUST_04072,Male,36,0,2,One year,Yes,Bank transfer,93.58,178.78,1,69.2,No
CUST_04073,Male,79,1,31,Two year,No,Mailed check,52.57,1619.65,2,58.4,No
CUST_04074,Male,64,0,30,Two year,No,Bank transfer,39.45,1178.59,2,67.3,No
CUST_04075,Female,79,1,44,Month-to-month,No,Credit card,43.06,1864.07,3,46.8,No
CUST_04076,Male,33,0,12,Month-to-month,Yes,Credit card,109.12,1309.64,2,40.5,No
CUST_04077,Female,41,0,51,Month-to-month,Yes,Bank transfer,40.47,2062.92,2,78.5,No
CUST_04078,Male,58,0,49,Month-to-month,No,Mailed check,107.92,5289.04,1,5.3,No
CUST_04079,Female,21,0,24,Two year,Yes,Mailed check,64.71,1550.64,2,58.5,No
CUST_04080,Male,32,0,24,One year,No,Mailed check,113.44,2724.33,3,44.0,No
CUST_04081,Male,42,0,60,Two year,Yes,Mailed check,60.81,3649.35,0,63.7,No
CUST_04082,Female,61,0,11,One year,Yes,Mailed check,37.77,400.85,2,26.4,No
CUST_04083,Male,72,1,13,One year,No,Electronic check,74.9,976.54,1,57.3,No
CUST_04084,Male,52,0,72,One year,Yes,Electronic check,78.77,5671.28,1,61.9,No
CUST_04085,Male,72,1,72,Month-to-month,No,Credit card,83.55,5998.26,1,58.0,No
CUST_04086,Female,31,0,64,Two year,No,Electronic check,61.15,3922.53,1,32.6,No
CUST_04087,Male,66,1,20,Month-to-month,Yes,Mailed check,24.86,494.22,1,38.0,No
CUST_04088,Male,36,0,72,One year,Yes,Mailed check,82.67,5958.74,0,64.1,No
CUST_04089,Female,55,0,71,Month-to-month,Yes,Mailed check,113.3,8044.07,1,47.9,No
CUST_04090,Female,53,0,28,Two year,No,Credit card,115.76,3223.36,1,10.1,No
CUST_04091,Female,24,0,2,Two year,Yes,Credit card,79.69,161.88,3,40.5,No
CUST_04092,Male,47,0,43,One year,Yes,Bank transfer,21.99,950.48,3,73.7,Yes
CUST_04093,Male,36,0,8,One year,Yes,Electronic check,30.6,256.54,1,47.1,No
CUST_04094,Male,66,1,13,One year,Yes,Electronic check,103.4,1353.38,1,23.6,No
CUST_04095,Female,42,0,35,Month-to-month,No,Bank transfer,102.97,3616.09,2,42.9,No
CUST_04096,Male,33,0,23,Month-to-month,Yes,Bank transfer,114.6,2643.2,1,49.7,No
CUST_04097,Male,64,0,46,One year,No,Electronic check,76.38,3508.45,1,35.0,No
CUST_04098,Female,71,1,15,Month-to-month,Yes,Mailed check,106.38,1591.04,0,77.0,No
CUST_04099,Female,57,0,2,Month-to-month,Yes,Electronic check,102.49,214.87,1,44.0,No
CUST_04100,Female,68,1,61,Month-to-month,Yes,Mailed check,78.94,4811.58,1,45.5,No
CUST_04101,Female,25,0,64,Month-to-month,No,Credit card,98.36,6300.58,4,46.9,No
CUST_04102,Female,35,0,52,Month-to-month,No,Electronic check,32.57,1710.79,3,13.9,Yes
CUST_04103,Male,45,0,36,Month-to-month,Yes,Electronic check,83.92,3014.95,1,57.5,No
CUST_04104,Female,33,0,67,Month-to-month,No,Credit card,115.35,7735.4,2,38.2,Yes
CUST_04105,Male,69,1,69,Month-to-month,No,Credit card,36.2,2489.48,4,1.2,No
CUST_04106,Male,36,0,67,One year,Yes,Credit card,94.4,6330.95,1,20.0,No
CUST_04107,Female,59,0,47,Two year,Yes,Credit card,52.08,2463.83,0,49.0,No
CUST_04108,Female,34,0,2,Month-to-month,Yes,Credit card,101.71,216.81,3,74.6,Yes
CUST_04109,Female,62,0,44,Two year,Yes,Bank transfer,89.72,3943.88,2,64.4,No
CUST_04110,Male,30,0,64,Month-to-month,Yes,Bank transfer,112.62,7223.25,3,61.1,No
CUST_04111,Female,24,0,28,One year,Yes,Credit card,91.19,2551.17,1,52.0,Yes
CUST_04112,Female,44,0,54,One year,No,Credit card,61.03,3318.56,2,57.6,No
CUST_04113,Female,27,0,67,One year,Yes,Credit card,21.09,1413.3,2,52.0,No
CUST_04114,Female,51,0,36,One year,Yes,Credit card,99.29,3581.13,0,35.3,No
CUST_04115,Female,53,0,63,Month-to-month,Yes,Mailed check,60.85,3839.65,0,36.0,No
CUST_04116,Male,42,0,25,Month-to-month,Yes,Mailed check,87.06,2165.65,4,50.3,No
CUST_04117,Male,23,0,48,Two year,No,Credit card,30.51,1478.08,1,34.7,No
CUST_04118,Male,41,0,39,Month-to-month,No,Credit card,109.1,4256.97,2,16.3,Yes
CUST_04119,Female,35,0,47,Month-to-month,No,Electronic check,63.57,2982.03,3,62.0,No
CUST_04120,Female,40,0,21,Month-to-month,Yes,Credit card,111.97,2343.84,3,58.8,No
CUST_04121,Female,23,0,30,Month-to-month,Yes,Credit card,90.7,2715.03,2,15.9,Yes
CUST_04122,Male,46,0,31,One year,No,Bank transfer,32.15,995.76,3,25.4,No
CUST_04123,Female,79,1,26,One year,No,Mailed check,77.92,2015.24,0,56.7,No
CUST_04124,Female,42,0,22,Month-to-month,Yes,Credit card,110.99,2433.69,4,27.1,No
CUST_04125,Female,72,1,21,Month-to-month,Yes,Mailed check,100.0,2082.66,1,50.6,No
CUST_04126,Male,34,0,1,One year,Yes,Mailed check,61.8,61.8,1,66.8,Yes
CUST_04127,Female,63,0,37,One year,Yes,Electronic check,115.51,4287.38,2,40.8,No
CUST_04128,Male,41,0,46,Two year,Yes,Mailed check,46.86,2167.46,0,63.2,No
CUST_04129,Female,28,0,9,Two year,No,Mailed check,57.51,520.3,0,39.9,No
CUST_04130,Male,43,0,17,Two year,Yes,Credit card,94.97,1635.58,0,43.4,No
CUST_04131,Male,68,1,47,One year,No,Bank transfer,43.29,2046.8,1,58.3,No
CUST_04132,Male,79,1,59,One year,Yes,Credit card,71.54,4225.06,3,63.4,No
CUST_04133,Female,51,0,54,Month-to-month,No,Credit card,92.88,5020.9,3,24.9,Yes
CUST_04134,Female,45,0,12,One year,No,Bank transfer,84.4,1013.65,2,23.6,No
CUST_04135,Male,20,0,64,Month-to-month,No,Bank transfer,35.54,2261.77,1,19.5,No
CUST_04136,Male,28,0,6,Two year,Yes,Electronic check,82.97,495.13,1,83.5,No
CUST_04137,Female,55,0,53,Month-to-month,Yes,Bank transfer,77.27,4069.42,2,41.3,No
CUST_04138,Female,78,1,16,One year,Yes,Credit card,75.78,1201.61,0,36.0,No
CUST_04139,Male,31,0,5,Month-to-month,No,Bank transfer,102.6,526.9,0,55.8,Yes
CUST_04140,Female,68,1,46,One year,No,Bank transfer,38.39,1766.7,1,16.9,No
CUST_04141,Female,43,0,14,Month-to-month,Yes,Bank transfer,95.16,1321.53,1,42.5,Yes
CUST_04142,Female,65,1,44,Month-to-month,No,Mailed check,96.09,4233.34,2,50.1,Yes
CUST_04143,Female,38,0,63,Month-to-month,No,Electronic check,92.26,5818.71,2,30.6,No
CUST_04144,Male,71,1,52,Month-to-month,No,Mailed check,70.6,3686.46,1,26.9,No
CUST_04145,Female,73,1,26,Month-to-month,No,Mailed check,59.55,1566.18,1,42.5,No
CUST_04146,Female,56,0,53,Month-to-month,Yes,Electronic check,59.47,3159.6,1,40.2,No
CUST_04147,Male,47,0,29,Two year,No,Mailed check,93.38,2692.9,1,39.6,No
CUST_04148,Male,76,1,19,Month-to-month,Yes,Bank transfer,69.79,1348.81,3,20.1,No
CUST_04149,Female,25,0,47,Month-to-month,No,Electronic check,53.84,2544.17,1,20.0,No
CUST_04150,Female,68,1,8,Two year,No,Mailed check,82.55,668.87,0,75.2,No
CUST_04151,Female,37,0,23,One year,Yes,Credit card,103.7,2384.96,2,23.8,No
CUST_04152,Female,65,1,35,Month-to-month,No,Mailed check,26.15,899.78,0,45.9,No
CUST_04153,Male,49,0,53,Month-to-month,Yes,Credit card,117.21,6206.73,0,46.7,No
CUST_04154,Male,39,0,58,Two year,Yes,Bank transfer,29.67,1720.07,4,40.4,No
CUST_04155,Male,76,1,5,Month-to-month,Yes,Credit card,71.17,351.86,2,46.7,Yes
CUST_04156,Female,24,0,16,Month-to-month,Yes,Mailed check,76.02,1227.27,0,42.9,No
CUST_04157,Female,26,0,17,One year,Yes,Mailed check,33.82,574.19,1,41.7,No
CUST_04158,Female,62,0,32,Month-to-month,Yes,Mailed check,111.56,3562.13,1,71.1,No
CUST_04159,Female,18,0,52,Two year,Yes,Electronic check,67.15,,2,30.9,Yes
CUST_04160,Male,46,0,20,Month-to-month,No,Electronic check,34.31,677.95,0,37.3,No
CUST_04161,Male,25,0,66,One year,Yes,Mailed check,91.16,6000.32,2,68.3,No
CUST_04162,Female,73,1,1,One year,No,Mailed check,86.34,91.43,2,38.2,No
CUST_04163,Male,71,1,58,Month-to-month,No,Bank transfer,116.29,6743.9,2,41.0,No
CUST_04164,Female,21,0,44,Two year,No,Electronic check,64.15,2824.24,0,37.9,No
CUST_04165,Female,52,0,6,Two year,Yes,Electronic check,46.78,294.44,0,71.0,No
CUST_04166,Male,76,1,50,Month-to-month,Yes,Electronic check,26.0,1302.48,2,67.8,No
CUST_04167,Female,20,0,72,Two year,No,Credit card,93.31,6724.17,1,26.3,No
CUST_04168,Female,71,1,20,Month-to-month,Yes,Mailed check,81.73,1634.73,1,78.3,No
CUST_04169,Male,62,0,14,Two year,No,Bank transfer,117.26,1649.75,0,6.7,No
CUST_04170,Female,57,0,5,Month-to-month,No,Bank transfer,91.22,434.76,1,16.5,No
CUST_04171,Female,24,0,41,Month-to-month,No,Mailed check,113.32,4638.22,0,18.3,No
CUST_04172,Male,44,0,40,Month-to-month,Yes,Mailed check,119.16,4762.45,1,27.9,No
CUST_04173,Female,18,0,34,Month-to-month,No,Bank transfer,62.84,2131.87,0,41.4,No
CUST_04174,Male,44,0,45,Month-to-month,Yes,Credit card,35.03,1568.41,3,28.6,No
CUST_04175,Female,33,0,71,Two year,No,Bank transfer,39.59,2809.72,1,25.8,No
CUST_04176,Male,55,0,71,Two year,Yes,Credit card,51.84,3679.11,2,59.2,No
CUST_04177,Male,24,0,27,Month-to-month,No,Credit card,70.89,1913.19,0,42.7,No
CUST_04178,Male,61,0,44,Month-to-month,Yes,Electronic check,32.24,1420.65,4,64.7,No
CUST_04179,Female,40,0,33,Two year,No,Mailed check,50.17,1660.65,2,67.2,No
CUST_04180,Male,58,0,33,Month-to-month,Yes,Electronic check,50.78,1667.96,1,51.9,No
CUST_04181,Male,76,1,44,Month-to-month,Yes,Credit card,20.41,892.75,0,62.7,No
CUST_04182,Male,28,0,20,One year,Yes,Bank transfer,55.42,1117.56,1,44.9,No
CUST_04183,Male,59,0,36,Month-to-month,No,Electronic check,31.62,1128.73,2,23.8,No
CUST_04184,Male,70,1,7,Month-to-month,No,Bank transfer,62.97,432.72,1,20.5,Yes
CUST_04185,Female,50,0,32,One year,No,Credit card,39.65,1261.19,0,9.9,No
CUST_04186,Female,67,1,67,One year,Yes,Bank transfer,102.21,6846.17,2,63.9,No
CUST_04187,Female,53,0,39,Month-to-month,Yes,Electronic check,28.05,1104.03,0,51.6,No
CUST_04188,Female,54,0,24,Two year,No,Credit card,106.57,2562.82,1,0.0,No
CUST_04189,Female,58,0,70,One year,No,Mailed check,78.05,5454.96,2,61.4,No
CUST_04190,Female,76,1,54,Month-to-month,Yes,Electronic check,65.86,3574.79,2,49.8,No
CUST_04191,Female,34,0,38,Month-to-month,No,Electronic check,74.97,2842.06,0,30.3,No
CUST_04192,Male,52,0,32,Month-to-month,Yes,Mailed check,57.61,1827.34,0,30.1,No
CUST_04193,Female,65,1,45,Month-to-month,Yes,Credit card,32.76,1492.5,3,42.9,No
CUST_04194,Male,22,0,61,Month-to-month,Yes,Mailed check,96.59,5883.5,2,72.3,No
CUST_04195,Male,65,1,70,Month-to-month,No,Electronic check,112.79,7894.27,2,49.3,No
CUST_04196,Female,49,0,53,Month-to-month,Yes,Credit card,115.01,6094.02,0,34.1,No
CUST_04197,Male,20,0,51,One year,No,Bank transfer,87.07,4446.45,2,92.9,No
CUST_04198,Male,69,1,56,One year,Yes,Electronic check,61.03,3399.58,1,68.3,No
CUST_04199,Male,64,0,27,One year,No,Bank transfer,67.84,1828.57,3,68.0,No
CUST_04200,Male,79,1,38,One year,No,Mailed check,85.7,3252.8,0,69.3,No
CUST_04201,Female,52,0,62,Two year,Yes,Credit card,102.31,,2,73.6,No
CUST_04202,Female,69,1,18,One year,Yes,Mailed check,57.46,1028.79,0,58.4,No
CUST_04203,Female,31,0,64,Month-to-month,Yes,Bank transfer,111.68,7144.19,2,50.4,No
CUST_04204,Female,65,1,30,Month-to-month,Yes,Electronic check,52.43,1580.42,1,52.1,No
CUST_04205,Female,78,1,49,Two year,No,Credit card,73.09,3586.33,3,22.4,No
CUST_04206,Female,78,1,41,Month-to-month,No,Mailed check,116.14,4754.34,2,5.2,No
CUST_04207,Female,48,0,13,Month-to-month,No,Bank transfer,113.82,1483.94,5,64.2,Yes
CUST_04208,Female,48,0,34,One year,No,Bank transfer,89.57,3038.16,2,86.4,No
CUST_04209,Female,34,0,25,One year,No,Electronic check,52.46,1319.43,2,42.4,No
CUST_04210,Female,77,1,66,One year,Yes,Bank transfer,41.9,2764.03,2,77.8,No
CUST_04211,Male,41,0,18,Month-to-month,Yes,Credit card,28.01,491.69,2,80.7,No
CUST_04212,Female,69,1,5,Month-to-month,No,Bank transfer,90.87,432.89,1,39.7,No
CUST_04213,Male,40,0,19,Two year,Yes,Electronic check,70.35,1332.8,7,74.2,No
CUST_04214,Male,35,0,42,Month-to-month,Yes,Mailed check,77.23,3235.77,2,62.7,Yes
CUST_04215,Male,67,1,18,Month-to-month,Yes,Credit card,67.24,1207.91,3,43.5,Yes
CUST_04216,Male,71,1,32,Month-to-month,Yes,Mailed check,68.29,2184.94,0,60.6,No
CUST_04217,Female,31,0,21,Two year,Yes,Mailed check,77.13,1600.54,1,55.7,No
CUST_04218,Male,67,1,10,One year,Yes,Bank transfer,111.43,1106.96,3,10.7,No
CUST_04219,Female,32,0,37,Two year,No,Bank transfer,22.94,,2,99.8,No
CUST_04220,Female,32,0,49,Month-to-month,Yes,Electronic check,100.16,4909.02,2,28.5,No
CUST_04221,Male,23,0,13,Month-to-month,Yes,Bank transfer,59.05,775.65,3,53.9,Yes
CUST_04222,Female,44,0,55,Month-to-month,No,Bank transfer,94.49,5206.79,4,86.7,No
CUST_04223,Male,32,0,17,Two year,No,Mailed check,114.85,1950.11,4,44.6,No
CUST_04224,Male,67,1,9,Month-to-month,No,Credit card,50.63,454.18,2,35.2,No
CUST_04225,Female,53,0,44,Month-to-month,Yes,Bank transfer,28.96,1269.23,2,52.6,No
CUST_04226,Female,72,1,46,One year,No,Credit card,43.23,1995.13,2,43.1,No
CUST_04227,Male,25,0,8,Month-to-month,Yes,Bank transfer,42.21,333.83,1,74.5,No
CUST_04228,Female,32,0,37,One year,No,Bank transfer,94.18,3475.17,2,33.3,No
CUST_04229,Female,20,0,19,Two year,Yes,Electronic check,26.19,480.91,3,38.6,No
CUST_04230,Female,79,1,63,Month-to-month,Yes,Bank transfer,25.09,1571.41,0,48.2,No
CUST_04231,Male,64,0,46,Month-to-month,No,Electronic check,89.36,4107.94,2,24.2,No
CUST_04232,Male,30,0,71,Month-to-month,Yes,Mailed check,75.67,5382.51,0,39.0,No
CUST_04233,Female,58,0,26,Month-to-month,Yes,Credit card,61.78,1606.65,3,39.1,No
CUST_04234,Female,51,0,46,Month-to-month,Yes,Bank transfer,77.54,3567.84,1,24.6,No
CUST_04235,Female,41,0,46,One year,Yes,Electronic check,93.52,4302.17,2,37.6,No
CUST_04236,Female,57,0,14,Month-to-month,No,Mailed check,30.35,437.66,1,64.8,No
CUST_04237,Female,49,0,63,Two year,No,Bank transfer,75.33,4750.78,0,10.0,No
CUST_04238,Male,78,1,72,Month-to-month,No,Electronic check,102.44,7375.65,1,70.3,No
CUST_04239,Female,49,0,3,Month-to-month,Yes,Electronic check,56.24,162.74,1,39.5,No
CUST_04240,Male,47,0,28,Month-to-month,No,Mailed check,96.3,2683.85,2,56.5,No
CUST_04241,Female,69,1,29,One year,No,Bank transfer,104.54,3048.24,0,70.0,No
CUST_04242,Male,66,1,18,Month-to-month,Yes,Bank transfer,102.09,1845.71,2,31.2,No
CUST_04243,Female,30,0,35,Two year,No,Credit card,85.04,2974.31,0,59.0,No
CUST_04244,Male,18,0,47,One year,No,Bank transfer,91.73,4329.46,0,23.8,No
CUST_04245,Female,51,0,5,Two year,No,Electronic check,98.77,493.76,3,22.0,Yes
CUST_04246,Male,79,1,59,One year,Yes,Credit card,93.37,5500.72,1,45.1,No
CUST_04247,Male,32,0,59,Month-to-month,No,Credit card,65.17,3857.13,4,46.8,Yes
CUST_04248,Male,61,0,47,Two year,No,Bank transfer,35.91,1675.06,1,69.3,No
CUST_04249,Male,31,0,13,Two year,No,Credit card,50.97,658.64,2,20.5,Yes
CUST_04250,Male,74,1,33,Two year,Yes,Electronic check,40.72,1331.91,2,61.8,No
CUST_04251,Male,46,0,62,Month-to-month,Yes,Electronic check,56.14,3472.96,0,41.7,No
CUST_04252,Female,51,0,16,One year,No,Mailed check,68.93,1104.93,2,47.2,No
CUST_04253,Male,35,0,44,Month-to-month,No,Electronic check,115.9,5103.18,2,7.1,Yes
CUST_04254,Female,71,1,58,Month-to-month,No,Mailed check,115.95,6713.86,1,45.4,No
CUST_04255,Female,24,0,6,One year,Yes,Credit card,96.96,599.84,0,64.7,No
CUST_04256,Female,46,0,15,Two year,Yes,Mailed check,118.01,1749.32,0,43.6,No
CUST_04257,Female,72,1,4,One year,No,Bank transfer,119.8,480.5,0,42.3,No
CUST_04258,Female,48,0,56,Two year,No,Mailed check,108.53,6078.99,3,86.6,No
CUST_04259,Male,78,1,64,Month-to-month,Yes,Bank transfer,27.95,1791.46,0,48.6,No
CUST_04260,Male,42,0,68,Month-to-month,Yes,Credit card,62.6,,4,13.9,No
CUST_04261,Male,55,0,34,One year,No,Mailed check,73.41,2465.51,0,18.1,No
CUST_04262,Female,31,0,56,Month-to-month,Yes,Electronic check,32.41,1807.12,1,79.0,No
CUST_04263,Male,25,0,32,Two year,No,Bank transfer,100.86,3229.13,0,39.5,No
CUST_04264,Male,44,0,9,Month-to-month,No,Credit card,34.87,330.85,0,65.7,No
CUST_04265,Male,71,1,63,Month-to-month,Yes,Electronic check,58.33,3669.15,1,42.0,No
CUST_04266,Male,19,0,72,One year,No,Bank transfer,26.89,1934.24,1,57.5,No
CUST_04267,Male,34,0,33,Month-to-month,No,Credit card,72.46,2398.41,1,40.5,No
CUST_04268,Female,54,0,21,Two year,No,Credit card,79.7,1661.69,2,46.7,Yes
CUST_04269,Male,31,0,55,Month-to-month,No,Electronic check,93.52,5143.7,1,58.7,No
CUST_04270,Female,42,0,57,Month-to-month,No,Credit card,53.95,3073.88,2,24.5,No
CUST_04271,Female,73,1,2,Two year,No,Mailed check,79.05,152.01,1,55.4,No
CUST_04272,Female,47,0,13,Month-to-month,No,Credit card,93.41,1219.42,4,53.4,No
CUST_04273,Female,46,0,4,Two year,Yes,Bank transfer,96.2,406.38,6,18.8,No
CUST_04274,Female,37,0,50,Month-to-month,Yes,Bank transfer,50.16,2509.95,0,103.3,No
CUST_04275,Male,38,0,48,Month-to-month,No,Bank transfer,26.77,1262.63,2,42.5,Yes
CUST_04276,Male,78,1,30,Two year,Yes,Mailed check,23.76,704.15,4,28.6,No
CUST_04277,Male,70,1,29,Two year,No,Electronic check,96.81,2822.17,0,79.4,No
CUST_04278,Female,39,0,8,Month-to-month,No,Mailed check,58.54,465.96,4,24.7,Yes
CUST_04279,Male,52,0,12,One year,Yes,Mailed check,33.39,389.0,1,37.5,No
CUST_04280,Male,54,0,41,Two year,No,Mailed check,38.45,1583.95,1,52.8,No
CUST_04281,Female,33,0,26,Month-to-month,No,Credit card,96.62,2505.6,1,38.0,No
CUST_04282,Female,67,1,50,Month-to-month,Yes,Electronic check,79.89,3994.86,3,60.5,Yes
CUST_04283,Female,75,1,2,One year,Yes,Credit card,70.14,128.96,4,60.8,Yes
CUST_04284,Female,66,1,55,Month-to-month,Yes,Mailed check,82.3,4522.36,2,34.3,Yes
CUST_04285,Male,60,0,56,Month-to-month,Yes,Bank transfer,33.75,1889.7,1,79.3,No
CUST_04286,Female,34,0,14,Two year,Yes,Mailed check,51.9,725.65,1,43.8,No
CUST_04287,Female,33,0,6,Month-to-month,Yes,Electronic check,57.41,348.18,2,54.0,No
CUST_04288,Male,75,1,61,Two year,No,Bank transfer,51.45,3140.45,1,42.2,No
CUST_04289,Male,72,1,12,One year,Yes,Electronic check,106.44,1267.11,1,41.1,No
CUST_04290,Female,19,0,13,One year,Yes,Mailed check,78.14,1032.71,1,48.6,No
CUST_04291,Male,21,0,19,One year,No,Electronic check,92.93,1764.14,1,86.9,No
CUST_04292,Female,38,0,44,Month-to-month,No,Credit card,43.67,1908.0,1,58.4,No
CUST_04293,Female,56,0,59,Month-to-month,Yes,Bank transfer,46.41,2715.81,2,28.9,No
CUST_04294,Male,51,0,37,Month-to-month,No,Electronic check,42.53,1574.49,3,51.6,No
CUST_04295,Male,47,0,25,One year,No,Bank transfer,88.8,2210.69,1,38.8,No
CUST_04296,Female,23,0,16,Month-to-month,No,Bank transfer,54.9,884.19,1,69.4,No
CUST_04297,Female,34,0,38,Month-to-month,No,Mailed check,60.51,2299.8,0,47.8,No
CUST_04298,Female,56,0,43,Two year,No,Mailed check,90.91,3948.61,0,21.6,No
CUST_04299,Male,42,0,14,Two year,No,Bank transfer,117.18,1627.91,2,58.1,No
CUST_04300,Female,22,0,6,Month-to-month,No,Electronic check,36.19,227.7,3,33.4,No
CUST_04301,Female,22,0,23,Month-to-month,Yes,Bank transfer,26.27,593.26,1,58.1,Yes
CUST_04302,Female,37,0,60,One year,No,Mailed check,39.48,2377.39,3,69.1,No
CUST_04303,Female,33,0,12,Two year,Yes,Electronic check,93.5,1136.18,5,44.3,No
CUST_04304,Female,68,1,13,Month-to-month,No,Bank transfer,39.46,509.57,2,46.8,No
CUST_04305,Male,58,0,6,Month-to-month,No,Mailed check,78.44,463.32,1,53.4,Yes
CUST_04306,Female,54,0,63,Two year,Yes,Bank transfer,79.03,4977.43,4,36.8,No
CUST_04307,Female,57,0,38,Two year,No,Bank transfer,49.44,1871.38,4,51.8,No
CUST_04308,Female,26,0,50,One year,No,Bank transfer,26.87,1359.74,2,54.2,No
CUST_04309,Female,22,0,52,Month-to-month,Yes,Electronic check,59.92,3113.87,2,32.3,Yes
CUST_04310,Male,59,0,40,Month-to-month,No,Mailed check,38.68,1551.54,1,74.0,Yes
CUST_04311,Male,74,1,8,One year,No,Mailed check,38.45,312.27,1,15.6,No
CUST_04312,Male,19,0,61,Month-to-month,Yes,Credit card,72.26,4416.71,0,66.1,No
CUST_04313,Female,26,0,8,Month-to-month,Yes,Bank transfer,87.31,693.98,0,77.6,Yes
CUST_04314,Female,60,0,34,Month-to-month,No,Bank transfer,27.54,944.09,1,65.8,No
CUST_04315,Male,53,0,60,One year,Yes,Credit card,77.83,4682.94,1,28.8,No
CUST_04316,Male,39,0,57,One year,No,Bank transfer,44.62,2541.79,1,67.3,No
CUST_04317,Male,39,0,46,Two year,No,Electronic check,87.33,4003.84,1,92.1,No
CUST_04318,Female,39,0,22,One year,Yes,Credit card,101.02,2236.16,2,46.4,No
CUST_04319,Female,51,0,40,Two year,Yes,Mailed check,100.7,4029.79,1,50.0,No
CUST_04320,Male,72,1,45,Two year,Yes,Bank transfer,56.99,2564.42,1,65.4,No
CUST_04321,Male,46,0,55,Month-to-month,Yes,Mailed check,76.73,4226.75,2,32.5,No
CUST_04322,Male,55,0,51,Month-to-month,No,Bank transfer,99.37,5082.14,2,19.3,No
CUST_04323,Female,76,1,5,One year,Yes,Credit card,26.08,128.19,3,58.4,No
CUST_04324,Female,63,0,13,Month-to-month,Yes,Mailed check,80.56,1059.87,2,50.7,Yes
CUST_04325,Female,50,0,28,Two year,No,Bank transfer,103.65,2902.98,2,29.3,No
CUST_04326,Male,35,0,62,Month-to-month,No,Electronic check,57.24,3554.85,1,57.7,Yes
CUST_04327,Male,24,0,24,Month-to-month,No,Credit card,65.54,1566.91,2,43.0,Yes
CUST_04328,Female,18,0,7,One year,No,Bank transfer,89.87,626.57,1,57.5,No
CUST_04329,Male,50,0,38,One year,No,Bank transfer,26.79,1028.81,1,53.8,No
CUST_04330,Female,18,0,37,One year,No,Bank transfer,58.56,2147.21,2,52.7,No
CUST_04331,Male,41,0,68,One year,No,Credit card,49.57,3377.84,2,49.7,No
CUST_04332,Male,21,0,42,Month-to-month,No,Bank transfer,21.7,915.17,3,14.9,Yes
CUST_04333,Male,21,0,5,Month-to-month,No,Bank transfer,39.6,214.6,2,19.9,Yes
CUST_04334,Male,78,1,64,Two year,Yes,Mailed check,59.59,3823.72,1,85.9,Yes
CUST_04335,Female,35,0,50,Month-to-month,Yes,Mailed check,39.74,1988.91,1,77.7,Yes
CUST_04336,Male,44,0,15,Month-to-month,No,Credit card,80.24,1190.88,2,44.5,No
CUST_04337,Female,60,0,53,Month-to-month,Yes,Credit card,64.87,3432.05,2,58.6,No
CUST_04338,Female,76,1,25,Month-to-month,No,Electronic check,23.95,596.43,5,16.6,Yes
CUST_04339,Female,49,0,9,One year,No,Bank transfer,47.5,442.46,2,20.3,No
CUST_04340,Male,50,0,38,One year,No,Mailed check,21.95,842.02,1,0.0,No
CUST_04341,Female,45,0,22,One year,No,Mailed check,55.81,1219.95,3,28.4,No
CUST_04342,Female,59,0,49,One year,Yes,Bank transfer,45.91,2253.67,2,37.0,No
CUST_04343,Female,58,0,68,Month-to-month,Yes,Bank transfer,88.82,6035.08,1,64.1,No
CUST_04344,Male,72,1,15,Month-to-month,No,Credit card,50.74,754.65,4,45.3,No
CUST_04345,Male,53,0,65,Month-to-month,Yes,Electronic check,57.52,3744.82,2,55.3,No
CUST_04346,Female,77,1,54,Month-to-month,Yes,Electronic check,92.53,4995.36,2,42.6,No
CUST_04347,Male,23,0,30,Month-to-month,No,Credit card,68.09,2031.11,0,47.3,No
CUST_04348,Female,79,1,20,Month-to-month,No,Credit card,75.65,1521.18,1,42.7,No
CUST_04349,Female,33,0,33,One year,Yes,Mailed check,104.13,3437.96,3,55.2,No
CUST_04350,Male,51,0,7,One year,Yes,Credit card,40.69,281.16,3,0.0,Yes
CUST_04351,Female,40,0,8,Two year,No,Electronic check,118.92,966.27,0,49.9,No
CUST_04352,Male,67,1,28,One year,No,Mailed check,110.01,3090.94,0,46.9,No
CUST_04353,Male,59,0,45,Month-to-month,Yes,Electronic check,48.66,2190.7,1,83.3,No
CUST_04354,Female,41,0,11,Month-to-month,No,Bank transfer,109.29,,1,54.5,Yes
CUST_04355,Male,73,1,31,Month-to-month,No,Electronic check,95.4,2968.37,1,81.8,No
CUST_04356,Male,66,1,12,Month-to-month,No,Mailed check,113.08,1352.07,1,34.3,No
CUST_04357,Female,30,0,51,Month-to-month,Yes,Electronic check,89.11,4543.21,2,34.9,No
CUST_04358,Female,73,1,44,Month-to-month,Yes,Mailed check,87.45,3844.67,4,83.6,Yes
CUST_04359,Male,35,0,50,One year,No,Mailed check,20.35,1004.37,2,45.3,No
CUST_04360,Male,71,1,17,One year,Yes,Credit card,67.46,1151.36,3,33.8,No
CUST_04361,Female,30,0,35,One year,No,Electronic check,40.03,1392.51,2,50.4,No
CUST_04362,Male,66,1,1,Month-to-month,Yes,Credit card,52.41,56.42,2,53.8,No
CUST_04363,Male,54,0,29,One year,Yes,Credit card,117.88,3409.2,1,74.7,No
CUST_04364,Male,60,0,51,One year,Yes,Electronic check,28.55,1451.52,2,33.9,No
CUST_04365,Male,56,0,64,One year,No,Mailed check,92.25,5907.56,3,64.8,No
CUST_04366,Male,78,1,4,Month-to-month,No,Bank transfer,37.29,150.41,0,85.0,No
CUST_04367,Male,59,0,28,One year,No,Electronic check,20.74,586.94,0,72.4,No
CUST_04368,Male,34,0,16,One year,Yes,Credit card,70.14,1129.24,0,86.2,No
CUST_04369,Female,32,0,63,Month-to-month,No,Credit card,36.12,2288.98,2,50.2,No
CUST_04370,Female,35,0,53,Month-to-month,No,Mailed check,116.55,6176.96,2,62.1,Yes
CUST_04371,Female,40,0,17,Month-to-month,No,Credit card,40.37,698.35,1,34.5,No
CUST_04372,Female,71,1,40,One year,No,Bank transfer,39.2,1564.92,0,99.2,No
CUST_04373,Female,68,1,13,One year,Yes,Credit card,23.22,309.6,1,67.9,No
CUST_04374,Male,47,0,52,Month-to-month,No,Mailed check,52.98,2766.3,1,54.6,No
CUST_04375,Male,75,1,58,Month-to-month,No,Electronic check,22.41,1311.05,1,48.9,No
CUST_04376,Male,51,0,37,Two year,Yes,Mailed check,69.89,2571.29,1,7.4,No
CUST_04377,Male,75,1,61,Month-to-month,No,Credit card,70.56,4272.78,1,6.6,Yes
CUST_04378,Female,21,0,34,Month-to-month,Yes,Mailed check,25.32,866.58,0,28.1,No
CUST_04379,Male,20,0,70,Month-to-month,Yes,Credit card,44.01,3080.46,1,39.2,No
CUST_04380,Male,24,0,17,One year,Yes,Mailed check,103.21,1757.39,1,63.0,No
CUST_04381,Female,73,1,20,One year,No,Electronic check,66.25,1326.01,3,66.2,No
CUST_04382,Male,35,0,59,Month-to-month,Yes,Credit card,63.46,3740.81,1,50.0,No
CUST_04383,Male,59,0,69,Two year,Yes,Bank transfer,89.88,6207.29,0,56.5,No
CUST_04384,Female,24,0,33,One year,Yes,Bank transfer,91.49,3022.5,1,46.4,No
CUST_04385,Male,57,0,17,Month-to-month,No,Bank transfer,96.2,1634.29,3,71.9,No
CUST_04386,Male,23,0,57,One year,Yes,Bank transfer,103.05,5874.04,0,35.4,No
CUST_04387,Male,39,0,1,Month-to-month,Yes,Credit card,43.23,49.39,0,43.7,No
CUST_04388,Male,75,1,13,One year,Yes,Credit card,26.64,340.35,2,53.8,No
CUST_04389,Male,18,0,27,Month-to-month,No,Electronic check,58.03,1555.6,0,34.6,Yes
CUST_04390,Female,21,0,70,One year,Yes,Mailed check,105.51,7374.41,2,20.2,No
CUST_04391,Female,63,0,59,Month-to-month,Yes,Credit card,27.8,1635.28,1,57.1,No
CUST_04392,Female,66,1,6,Two year,No,Bank transfer,77.6,480.42,0,95.1,No
CUST_04393,Female,69,1,23,Month-to-month,No,Credit card,90.11,2073.82,1,52.3,No
CUST_04394,Female,67,1,10,One year,No,Bank transfer,68.14,674.62,1,64.9,No
CUST_04395,Female,60,0,51,Month-to-month,Yes,Electronic check,45.52,2323.42,2,43.2,No
CUST_04396,Male,46,0,19,Two year,Yes,Mailed check,52.63,989.55,0,58.0,No
CUST_04397,Female,38,0,51,One year,Yes,Credit card,27.17,1383.57,0,21.7,No
CUST_04398,Female,43,0,68,Month-to-month,Yes,Mailed check,49.26,3345.46,2,28.4,No
CUST_04399,Male,31,0,42,Two year,No,Bank transfer,24.44,1013.15,0,62.2,No
CUST_04400,Male,26,0,57,Month-to-month,Yes,Bank transfer,92.63,5290.98,1,45.3,No
CUST_04401,Female,76,1,68,One year,No,Mailed check,109.8,7462.6,0,16.7,No
CUST_04402,Male,64,0,38,One year,Yes,Electronic check,83.35,3166.97,2,41.6,No
CUST_04403,Female,29,0,62,Month-to-month,Yes,Mailed check,85.67,5318.53,1,68.5,Yes
CUST_04404,Male,59,0,7,Two year,Yes,Mailed check,67.21,474.02,2,37.5,No
CUST_04405,Female,68,1,71,Month-to-month,No,Credit card,35.6,2528.63,2,4.6,No
CUST_04406,Male,73,1,50,Month-to-month,No,Credit card,20.77,1036.25,0,85.1,No
CUST_04407,Male,68,1,52,Two year,No,Bank transfer,54.4,2835.96,0,52.3,Yes
CUST_04408,Female,23,0,26,One year,No,Credit card,95.15,2473.8,2,82.6,No
CUST_04409,Female,37,0,26,Month-to-month,Yes,Electronic check,116.04,3018.56,2,57.0,No
CUST_04410,Female,41,0,19,Month-to-month,Yes,Electronic check,63.11,1210.19,1,37.0,No
CUST_04411,Female,44,0,9,One year,Yes,Electronic check,56.54,520.55,2,57.1,No
CUST_04412,Female,55,0,61,Month-to-month,Yes,Bank transfer,64.6,3943.03,3,56.3,No
CUST_04413,Male,25,0,20,Two year,Yes,Electronic check,62.78,1256.6,2,86.7,No
CUST_04414,Female,18,0,50,One year,No,Electronic check,82.59,4135.96,1,75.7,No
CUST_04415,Female,71,1,22,Month-to-month,No,Credit card,93.41,2052.61,3,63.7,No
CUST_04416,Male,66,1,13,Month-to-month,Yes,Bank transfer,98.5,1277.96,3,57.7,Yes
CUST_04417,Male,66,1,12,One year,Yes,Mailed check,84.96,1018.9,1,51.6,No
CUST_04418,Female,41,0,10,Month-to-month,Yes,Electronic check,63.77,627.54,4,38.4,No
CUST_04419,Male,64,0,65,One year,Yes,Credit card,115.01,7499.3,2,71.5,No
CUST_04420,Male,24,0,30,Two year,No,Mailed check,91.1,2729.06,2,41.5,No
CUST_04421,Female,36,0,8,One year,Yes,Electronic check,62.67,506.0,0,45.1,No
CUST_04422,Male,39,0,21,Month-to-month,Yes,Mailed check,64.66,1357.65,0,51.4,No
CUST_04423,Male,74,1,22,Month-to-month,Yes,Mailed check,101.8,2246.44,2,37.5,Yes
CUST_04424,Female,72,1,18,One year,Yes,Bank transfer,64.05,1149.13,1,41.1,No
CUST_04425,Female,77,1,66,One year,No,Bank transfer,71.63,4729.57,3,50.0,No
CUST_04426,Male,52,0,48,One year,Yes,Electronic check,49.16,2350.95,2,48.4,No
CUST_04427,Male,79,1,44,Month-to-month,No,Electronic check,103.89,4583.37,0,79.1,Yes
CUST_04428,Female,47,0,9,Two year,No,Bank transfer,72.23,656.67,4,19.4,No
CUST_04429,Male,46,0,67,Month-to-month,Yes,Electronic check,75.25,5027.83,1,61.2,Yes
CUST_04430,Male,39,0,54,One year,Yes,Electronic check,108.07,5835.79,0,40.4,No
CUST_04431,Male,28,0,26,One year,Yes,Bank transfer,112.05,2899.44,3,43.0,Yes
CUST_04432,Female,37,0,26,One year,Yes,Mailed check,102.42,2654.91,1,2.5,Yes
CUST_04433,Male,79,1,34,Month-to-month,Yes,Electronic check,26.54,911.47,2,35.1,No
CUST_04434,Male,46,0,8,One year,No,Credit card,64.35,489.95,1,60.4,No
CUST_04435,Female,68,1,10,Month-to-month,No,Bank transfer,54.33,553.78,1,36.2,Yes
CUST_04436,Male,58,0,48,One year,No,Electronic check,41.35,1988.66,1,40.5,No
CUST_04437,Male,59,0,55,Month-to-month,No,Electronic check,110.9,6098.45,2,43.9,Yes
CUST_04438,Female,51,0,54,Month-to-month,No,Bank transfer,109.01,5895.15,2,54.1,Yes
CUST_04439,Female,18,0,40,Month-to-month,Yes,Credit card,66.53,2688.22,2,83.3,No
CUST_04440,Female,48,0,15,Two year,Yes,Credit card,33.46,488.55,1,48.5,No
CUST_04441,Female,47,0,18,One year,No,Bank transfer,21.34,400.99,1,107.8,No
CUST_04442,Male,65,1,23,One year,Yes,Credit card,63.85,1478.14,2,101.7,No
CUST_04443,Male,35,0,62,One year,Yes,Electronic check,24.0,1480.67,2,82.8,No
CUST_04444,Female,72,1,46,Two year,No,Credit card,80.96,3729.21,1,70.4,No
CUST_04445,Female,75,1,39,Month-to-month,No,Electronic check,80.84,3141.67,1,56.9,No
CUST_04446,Male,34,0,15,One year,No,Mailed check,109.89,1643.48,2,80.4,Yes
CUST_04447,Female,55,0,53,One year,Yes,Credit card,39.0,2046.21,0,92.2,No
CUST_04448,Male,31,0,64,Month-to-month,No,Mailed check,57.14,3643.44,0,52.2,No
CUST_04449,Female,40,0,63,Month-to-month,No,Bank transfer,105.95,6678.95,3,55.3,Yes
CUST_04450,Male,42,0,16,Month-to-month,Yes,Credit card,67.43,1083.58,4,65.4,No
CUST_04451,Female,32,0,70,Month-to-month,Yes,Electronic check,25.97,1822.65,0,48.0,Yes
CUST_04452,Female,63,0,66,Month-to-month,No,Credit card,31.08,2057.54,2,79.5,No
CUST_04453,Male,73,1,13,Month-to-month,Yes,Bank transfer,101.35,1318.68,0,25.4,No
CUST_04454,Female,39,0,47,One year,No,Bank transfer,94.37,4442.16,2,56.9,Yes
CUST_04455,Male,20,0,9,Month-to-month,Yes,Electronic check,107.59,979.02,3,26.2,No
CUST_04456,Male,73,1,63,Month-to-month,No,Credit card,31.89,2011.29,0,49.2,No
CUST_04457,Male,72,1,34,Two year,Yes,Mailed check,96.04,3261.07,0,35.3,No
CUST_04458,Male,36,0,29,One year,Yes,Bank transfer,85.51,2478.35,4,48.9,No
CUST_04459,Male,74,1,37,Month-to-month,Yes,Bank transfer,43.23,1591.12,1,16.5,No
CUST_04460,Female,61,0,43,One year,No,Electronic check,117.39,5056.3,0,62.0,No
CUST_04461,Female,51,0,64,Month-to-month,No,Credit card,77.04,4914.22,5,42.3,No
CUST_04462,Male,52,0,24,Month-to-month,No,Mailed check,110.69,2654.91,1,71.2,No
CUST_04463,Female,67,1,71,Month-to-month,Yes,Credit card,105.91,7525.25,1,48.9,No
CUST_04464,Male,78,1,34,Two year,Yes,Credit card,53.31,1802.43,3,66.8,No
CUST_04465,Female,18,0,48,One year,Yes,Mailed check,73.6,3518.61,4,40.7,No
CUST_04466,Female,69,1,12,One year,No,Electronic check,63.14,734.85,1,66.0,No
CUST_04467,Female,38,0,23,Two year,Yes,Bank transfer,90.91,2088.04,0,92.2,No
CUST_04468,Female,46,0,13,Two year,No,Electronic check,78.8,1013.02,0,34.7,No
CUST_04469,Male,23,0,45,One year,No,Electronic check,98.49,,0,66.2,Yes
CUST_04470,Male,54,0,65,One year,No,Credit card,21.18,1360.87,0,25.1,No
CUST_04471,Female,18,0,47,Month-to-month,No,Mailed check,88.78,4177.92,2,47.3,No
CUST_04472,Female,68,1,58,Month-to-month,No,Bank transfer,51.91,2997.56,2,13.0,No
CUST_04473,Male,18,0,5,One year,Yes,Credit card,42.42,196.98,3,63.3,No
CUST_04474,Female,44,0,5,One year,Yes,Bank transfer,100.12,488.59,3,38.2,No
CUST_04475,Male,38,0,60,Two year,Yes,Credit card,28.92,1746.08,2,64.9,No
CUST_04476,Male,70,1,21,Month-to-month,Yes,Mailed check,42.85,887.74,3,56.1,No
CUST_04477,Male,33,0,24,One year,Yes,Bank transfer,40.37,980.38,1,45.2,No
CUST_04478,Female,61,0,18,One year,Yes,Bank transfer,61.98,1117.71,1,65.6,No
CUST_04479,Male,76,1,21,Month-to-month,No,Electronic check,52.23,1091.72,3,71.2,Yes
CUST_04480,Female,78,1,54,One year,Yes,Credit card,92.05,4960.01,2,41.6,No
CUST_04481,Male,71,1,10,One year,No,Credit card,89.94,918.41,1,72.0,No
CUST_04482,Female,57,0,24,Month-to-month,No,Credit card,52.55,1255.25,1,45.5,No
CUST_04483,Female,43,0,60,One year,No,Electronic check,63.7,3816.04,0,0.0,No
CUST_04484,Female,33,0,57,Month-to-month,No,Electronic check,40.79,2339.59,1,54.3,No
CUST_04485,Male,45,0,23,Month-to-month,No,Bank transfer,87.08,2019.2,3,37.0,Yes
CUST_04486,Male,18,0,22,One year,Yes,Credit card,59.62,1310.29,0,42.3,Yes
CUST_04487,Female,53,0,68,Month-to-month,Yes,Credit card,33.28,2275.06,2,9.6,No
CUST_04488,Female,27,0,34,Month-to-month,Yes,Bank transfer,32.73,1106.58,1,56.0,No
CUST_04489,Female,60,0,70,Month-to-month,No,Bank transfer,52.23,3678.71,2,36.2,No
CUST_04490,Male,34,0,28,Month-to-month,Yes,Bank transfer,94.73,2639.4,3,39.5,No
CUST_04491,Male,74,1,39,Month-to-month,Yes,Mailed check,22.55,870.33,0,71.1,No
CUST_04492,Male,76,1,42,Month-to-month,No,Mailed check,45.78,1935.78,2,7.9,No
CUST_04493,Male,40,0,23,One year,No,Bank transfer,36.25,830.83,0,57.4,No
CUST_04494,Female,24,0,70,Two year,Yes,Electronic check,115.65,8109.07,2,57.8,No
CUST_04495,Female,61,0,2,Month-to-month,No,Electronic check,90.53,176.39,0,54.7,Yes
CUST_04496,Male,70,1,24,Month-to-month,No,Credit card,43.32,1046.35,2,72.1,No
CUST_04497,Male,24,0,17,Month-to-month,No,Mailed check,40.75,685.75,2,67.7,No
CUST_04498,Female,61,0,65,Month-to-month,Yes,Mailed check,105.8,6876.44,1,52.6,No
CUST_04499,Male,32,0,70,One year,No,Bank transfer,39.02,2718.78,0,35.0,No
CUST_04500,Male,51,0,69,Two year,No,Bank transfer,119.71,8259.23,1,41.0,No
CUST_04501,Male,63,0,60,Two year,No,Bank transfer,48.23,,0,49.5,No
CUST_04502,Male,62,0,50,Month-to-month,No,Bank transfer,28.43,1442.39,0,3.3,No
CUST_04503,Male,21,0,12,Two year,No,Bank transfer,89.09,1065.92,2,40.0,No
CUST_04504,Male,31,0,47,Month-to-month,Yes,Electronic check,80.96,3793.34,2,73.9,No
CUST_04505,Female,31,0,67,One year,Yes,Electronic check,119.98,8045.73,0,42.2,No
CUST_04506,Male,33,0,65,One year,No,Bank transfer,100.21,6501.48,1,66.1,No
CUST_04507,Male,24,0,27,One year,No,Electronic check,62.88,1706.63,2,67.5,Yes
CUST_04508,Female,49,0,48,Month-to-month,Yes,Bank transfer,87.66,4202.16,1,74.2,No
CUST_04509,Female,36,0,62,Month-to-month,Yes,Bank transfer,101.78,6310.29,2,43.6,No
CUST_04510,Female,19,0,44,One year,No,Mailed check,71.37,3138.5,1,44.9,No
CUST_04511,Male,27,0,19,Month-to-month,No,Electronic check,47.29,895.92,3,56.2,No
CUST_04512,Female,67,1,59,Month-to-month,Yes,Electronic check,41.01,2420.25,0,34.1,Yes
CUST_04513,Male,78,1,8,One year,No,Mailed check,49.53,389.59,2,36.0,No
CUST_04514,Male,34,0,55,Month-to-month,No,Electronic check,104.81,5753.46,1,70.0,No
CUST_04515,Male,54,0,47,One year,Yes,Mailed check,58.04,2728.42,1,36.1,No
CUST_04516,Female,29,0,2,Month-to-month,Yes,Credit card,48.67,93.36,3,60.2,Yes
CUST_04517,Female,23,0,39,Two year,Yes,Electronic check,100.59,3910.17,2,57.9,No
CUST_04518,Female,39,0,45,Month-to-month,Yes,Bank transfer,23.19,1049.78,1,49.8,No
CUST_04519,Female,49,0,32,Two year,No,Mailed check,79.4,2540.5,2,55.3,No
CUST_04520,Female,58,0,65,Month-to-month,No,Bank transfer,107.36,6967.74,2,63.6,No
CUST_04521,Male,37,0,38,One year,No,Bank transfer,61.01,2315.94,0,78.8,No
CUST_04522,Male,18,0,11,Two year,No,Electronic check,46.93,514.8,0,31.2,Yes
CUST_04523,Male,71,1,10,Month-to-month,Yes,Mailed check,69.17,681.4,3,30.5,No
CUST_04524,Male,64,0,59,Month-to-month,Yes,Credit card,91.75,5444.74,1,48.0,No
CUST_04525,Female,70,1,55,Month-to-month,No,Bank transfer,71.66,3941.25,2,57.1,No
CUST_04526,Female,75,1,20,Month-to-month,No,Bank transfer,20.76,413.08,0,55.6,No
CUST_04527,Male,23,0,17,One year,No,Credit card,27.83,497.52,1,84.4,No
CUST_04528,Female,36,0,68,Month-to-month,Yes,Mailed check,92.13,6269.6,1,30.8,Yes
CUST_04529,Female,35,0,5,Two year,Yes,Electronic check,60.0,312.06,2,17.0,No
CUST_04530,Male,23,0,60,One year,Yes,Bank transfer,98.48,,0,60.3,No
CUST_04531,Male,62,0,23,Month-to-month,No,Electronic check,84.95,1954.47,0,54.5,Yes
CUST_04532,Female,50,0,46,Two year,No,Mailed check,78.15,3586.42,3,47.3,No
CUST_04533,Female,40,0,52,Month-to-month,No,Credit card,110.14,5733.84,0,66.1,No
CUST_04534,Male,40,0,10,Month-to-month,Yes,Electronic check,22.13,239.81,1,17.3,No
CUST_04535,Male,43,0,46,Month-to-month,No,Mailed check,35.5,1648.93,2,15.4,No
CUST_04536,Male,30,0,28,One year,Yes,Electronic check,82.44,2296.15,1,10.0,No
CUST_04537,Female,24,0,43,Month-to-month,No,Electronic check,26.58,1161.66,4,35.8,No
CUST_04538,Male,32,0,26,One year,No,Bank transfer,84.5,2188.65,0,74.4,No
CUST_04539,Male,61,0,55,Month-to-month,Yes,Electronic check,118.41,6503.26,3,20.3,No
CUST_04540,Female,44,0,48,Two year,Yes,Bank transfer,107.88,5169.42,0,50.8,No
CUST_04541,Female,43,0,29,One year,No,Mailed check,79.09,2289.75,0,56.1,No
CUST_04542,Female,50,0,27,Month-to-month,Yes,Mailed check,109.4,2934.41,0,80.9,Yes
CUST_04543,Female,32,0,18,One year,Yes,Bank transfer,31.63,569.81,4,32.8,No
CUST_04544,Female,53,0,60,One year,Yes,Credit card,65.47,3925.57,0,32.0,No
CUST_04545,Male,62,0,69,Month-to-month,Yes,Electronic check,62.87,4338.28,0,70.7,Yes
CUST_04546,Male,72,1,21,Month-to-month,Yes,Mailed check,53.64,1121.58,1,28.6,No
CUST_04547,Female,44,0,24,Month-to-month,No,Mailed check,20.02,464.56,2,74.2,No
CUST_04548,Female,74,1,3,Two year,No,Credit card,109.1,324.7,1,57.1,Yes
CUST_04549,Female,22,0,62,One year,No,Mailed check,97.77,6073.99,4,14.7,No
CUST_04550,Female,78,1,2,Month-to-month,No,Bank transfer,85.29,160.47,2,63.1,No
CUST_04551,Female,19,0,66,Month-to-month,Yes,Credit card,32.9,2162.41,2,59.0,No
CUST_04552,Male,72,1,42,Month-to-month,No,Mailed check,57.82,2433.01,5,45.2,Yes
CUST_04553,Male,75,1,34,One year,Yes,Credit card,112.43,,0,37.5,No
CUST_04554,Male,50,0,42,One year,No,Credit card,81.69,3433.36,2,82.3,No
CUST_04555,Male,33,0,20,Two year,No,Mailed check,80.34,1611.26,4,1.0,No
CUST_04556,Female,40,0,68,Month-to-month,Yes,Mailed check,111.31,7563.63,0,19.7,Yes
CUST_04557,Male,55,0,45,Month-to-month,No,Mailed check,75.98,3411.75,0,39.4,No
CUST_04558,Female,72,1,42,Month-to-month,No,Credit card,79.76,3335.93,0,59.7,No
CUST_04559,Female,33,0,47,Two year,No,Bank transfer,54.57,2556.95,1,50.0,No
CUST_04560,Female,31,0,5,Month-to-month,No,Bank transfer,57.14,291.4,1,35.9,No
CUST_04561,Male,46,0,49,Month-to-month,No,Electronic check,88.56,4347.86,4,60.6,No
CUST_04562,Female,43,0,37,One year,No,Mailed check,52.04,1926.25,0,15.2,No
CUST_04563,Male,52,0,34,Month-to-month,No,Bank transfer,75.91,2574.82,0,57.3,Yes
CUST_04564,Male,32,0,70,Month-to-month,Yes,Electronic check,47.92,3355.11,3,44.0,No
CUST_04565,Female,20,0,18,One year,No,Electronic check,36.61,650.84,2,63.4,Yes
CUST_04566,Female,40,0,19,Month-to-month,No,Mailed check,65.44,1245.16,3,59.9,No
CUST_04567,Female,46,0,40,Month-to-month,No,Electronic check,41.74,1677.25,2,65.2,No
CUST_04568,Male,51,0,17,Month-to-month,No,Bank transfer,109.85,1862.79,1,37.8,No
CUST_04569,Female,50,0,60,Month-to-month,No,Electronic check,50.36,3013.65,0,35.3,No
CUST_04570,Male,58,0,42,Month-to-month,No,Electronic check,79.74,3344.21,2,53.9,No
CUST_04571,Female,58,0,72,Two year,Yes,Bank transfer,46.34,3347.66,1,20.8,Yes
CUST_04572,Female,40,0,65,Month-to-month,No,Electronic check,45.8,3005.04,1,94.3,No
CUST_04573,Male,24,0,53,One year,No,Electronic check,55.06,2924.86,1,82.2,No
CUST_04574,Male,20,0,7,Month-to-month,Yes,Credit card,111.59,780.38,1,18.9,No
CUST_04575,Male,75,1,5,Month-to-month,Yes,Electronic check,59.15,286.01,2,54.6,No
CUST_04576,Male,49,0,24,Month-to-month,No,Electronic check,102.13,2440.68,2,73.6,No
CUST_04577,Male,48,0,28,Month-to-month,No,Credit card,39.73,1116.71,3,42.2,No
CUST_04578,Male,35,0,62,Month-to-month,No,Credit card,24.82,1530.85,0,35.0,No
CUST_04579,Female,60,0,17,Month-to-month,Yes,Credit card,98.17,1679.08,2,73.6,No
CUST_04580,Female,24,0,20,One year,Yes,Mailed check,74.19,1477.72,2,77.1,No
CUST_04581,Male,58,0,3,Month-to-month,No,Mailed check,70.37,225.35,1,17.8,No
CUST_04582,Female,18,0,37,Two year,No,Bank transfer,47.22,1743.07,4,52.3,No
CUST_04583,Male,78,1,15,Month-to-month,Yes,Electronic check,27.23,419.81,1,47.6,No
CUST_04584,Female,31,0,51,Month-to-month,Yes,Bank transfer,68.29,3489.32,6,14.8,Yes
CUST_04585,Female,69,1,48,Month-to-month,Yes,Mailed check,106.72,5131.16,2,17.9,No
CUST_04586,Male,49,0,8,Month-to-month,Yes,Electronic check,32.0,255.33,1,31.6,No
CUST_04587,Male,23,0,13,One year,No,Electronic check,112.92,1461.28,3,50.3,No
CUST_04588,Male,56,0,48,One year,Yes,Credit card,47.47,2288.79,1,75.8,No
CUST_04589,Female,27,0,3,Month-to-month,Yes,Mailed check,73.22,237.59,3,0.0,Yes
CUST_04590,Male,24,0,65,Month-to-month,No,Electronic check,26.65,1722.28,1,52.4,No
CUST_04591,Female,43,0,31,One year,Yes,Credit card,62.5,1942.4,2,31.0,No
CUST_04592,Male,51,0,26,Month-to-month,No,Electronic check,32.59,852.05,0,60.6,No
CUST_04593,Female,47,0,56,Month-to-month,Yes,Mailed check,24.8,1390.31,1,70.4,No
CUST_04594,Female,53,0,34,Month-to-month,No,Bank transfer,116.66,3980.61,0,71.0,No
CUST_04595,Male,38,0,9,Month-to-month,Yes,Bank transfer,93.01,829.33,1,48.0,No
CUST_04596,Female,79,1,62,Month-to-month,No,Electronic check,91.91,5709.14,2,43.3,No
CUST_04597,Female,77,1,13,Two year,No,Credit card,29.05,374.94,3,76.7,No
CUST_04598,Male,34,0,69,One year,Yes,Credit card,112.94,7769.15,3,43.4,No
CUST_04599,Female,50,0,41,One year,No,Credit card,66.95,2730.25,2,51.1,No
CUST_04600,Male,27,0,1,Month-to-month,No,Mailed check,105.23,105.59,2,40.8,No
CUST_04601,Male,68,1,47,One year,Yes,Bank transfer,21.26,1011.43,1,56.7,No
CUST_04602,Male,64,0,4,One year,No,Bank transfer,49.82,210.1,0,22.7,No
CUST_04603,Male,59,0,63,One year,No,Electronic check,119.6,7536.15,2,44.1,Yes
CUST_04604,Female,68,1,52,Month-to-month,Yes,Bank transfer,62.78,3253.3,0,51.8,Yes
CUST_04605,Female,29,0,10,Two year,Yes,Credit card,108.85,1076.42,2,70.7,No
CUST_04606,Female,73,1,28,Month-to-month,No,Mailed check,52.8,1482.6,3,46.6,No
CUST_04607,Male,33,0,6,Two year,No,Credit card,72.53,434.77,2,0.9,No
CUST_04608,Female,58,0,27,Month-to-month,No,Credit card,105.42,2856.1,1,38.2,No
CUST_04609,Female,49,0,12,Month-to-month,No,Bank transfer,80.58,963.66,1,79.2,No
CUST_04610,Male,32,0,62,Month-to-month,No,Mailed check,92.52,5728.47,0,53.1,No
CUST_04611,Male,79,1,52,One year,Yes,Mailed check,42.88,2227.15,1,35.5,No
CUST_04612,Female,44,0,48,Month-to-month,No,Credit card,35.59,1708.14,0,29.8,No
CUST_04613,Male,45,0,67,Two year,Yes,Electronic check,43.03,2862.73,1,57.5,No
CUST_04614,Male,34,0,46,Two year,Yes,Bank transfer,69.3,3192.75,0,36.3,No
CUST_04615,Male,63,0,15,One year,Yes,Electronic check,100.1,1502.87,6,50.5,Yes
CUST_04616,Male,76,1,71,One year,Yes,Credit card,55.4,3942.83,2,34.7,No
CUST_04617,Female,67,1,36,One year,No,Bank transfer,76.48,2761.14,3,32.2,No
CUST_04618,Male,75,1,14,One year,No,Electronic check,100.48,1417.57,1,42.3,No
CUST_04619,Male,19,0,3,Month-to-month,No,Electronic check,43.88,148.44,3,47.5,Yes
CUST_04620,Male,53,0,67,One year,Yes,Electronic check,108.3,7257.33,2,48.9,No
CUST_04621,Male,67,1,19,Two year,Yes,Bank transfer,115.31,2168.79,1,44.4,No
CUST_04622,Male,24,0,54,Month-to-month,No,Electronic check,23.9,1299.05,1,71.9,No
CUST_04623,Male,30,0,69,Two year,Yes,Mailed check,25.91,1799.86,5,41.8,No
CUST_04624,Male,32,0,10,Month-to-month,No,Credit card,29.1,288.69,1,78.8,No
CUST_04625,Male,42,0,33,Month-to-month,Yes,Bank transfer,97.68,3203.17,0,46.8,Yes
CUST_04626,Female,40,0,13,Month-to-month,Yes,Mailed check,38.93,516.54,4,36.8,No
CUST_04627,Male,77,1,51,Month-to-month,Yes,Electronic check,92.57,,2,55.9,No
CUST_04628,Female,39,0,32,Two year,Yes,Credit card,64.13,2038.74,2,65.0,No
CUST_04629,Male,43,0,24,Two year,Yes,Electronic check,103.63,2484.34,2,33.6,No
CUST_04630,Male,50,0,35,One year,Yes,Mailed check,100.86,3529.89,1,21.3,No
CUST_04631,Male,28,0,70,Two year,Yes,Electronic check,115.97,8114.96,1,69.9,No
CUST_04632,Male,27,0,40,Month-to-month,No,Bank transfer,45.1,1799.1,3,76.8,No
CUST_04633,Female,42,0,54,Month-to-month,No,Mailed check,42.92,2327.41,1,60.8,No
CUST_04634,Male,54,0,44,One year,Yes,Bank transfer,23.15,1032.15,0,35.1,No
CUST_04635,Male,65,1,62,Two year,Yes,Credit card,61.04,3803.9,1,47.0,No
CUST_04636,Female,60,0,68,Month-to-month,No,Bank transfer,65.91,4471.59,3,26.0,Yes
CUST_04637,Female,70,1,33,Two year,Yes,Bank transfer,116.45,3855.9,0,70.6,No
CUST_04638,Male,55,0,56,One year,No,Electronic check,103.08,5774.31,1,54.4,No
CUST_04639,Female,58,0,36,Two year,No,Electronic check,36.68,1324.21,2,59.0,No
CUST_04640,Female,62,0,54,Month-to-month,No,Mailed check,99.85,5403.99,2,52.6,No
CUST_04641,Female,41,0,19,Month-to-month,No,Credit card,37.83,718.27,2,50.1,No
CUST_04642,Male,57,0,43,One year,No,Mailed check,27.78,1192.56,2,54.2,No
CUST_04643,Male,63,0,12,One year,Yes,Credit card,103.71,1237.56,2,50.0,No
CUST_04644,Male,73,1,11,Month-to-month,Yes,Credit card,117.6,1281.89,1,73.3,No
CUST_04645,Female,50,0,70,Two year,No,Bank transfer,28.81,2010.51,0,21.9,No
CUST_04646,Male,34,0,12,Two year,Yes,Electronic check,101.39,1218.42,0,32.7,No
CUST_04647,Female,41,0,41,Month-to-month,No,Credit card,105.92,4342.27,1,42.7,No
CUST_04648,Male,54,0,25,Month-to-month,Yes,Electronic check,31.88,793.08,0,46.3,No
CUST_04649,Male,74,1,3,Month-to-month,Yes,Credit card,48.33,141.48,5,70.0,Yes
CUST_04650,Female,19,0,3,Month-to-month,Yes,Electronic check,93.37,290.61,1,22.7,No
CUST_04651,Male,49,0,28,One year,Yes,Mailed check,100.77,2823.4,1,60.8,No
CUST_04652,Female,74,1,23,Month-to-month,Yes,Electronic check,55.4,1264.21,4,47.2,No
CUST_04653,Female,77,1,48,One year,Yes,Bank transfer,35.99,1728.24,4,67.1,Yes
CUST_04654,Male,79,1,67,One year,Yes,Credit card,84.83,5690.07,1,57.9,No
CUST_04655,Female,41,0,42,Month-to-month,Yes,Bank transfer,90.2,3797.83,2,47.5,Yes
CUST_04656,Male,26,0,40,One year,No,Credit card,70.36,2820.07,0,30.1,No
CUST_04657,Male,21,0,6,Month-to-month,No,Bank transfer,34.49,215.45,2,56.8,No
CUST_04658,Female,34,0,20,Month-to-month,Yes,Credit card,104.45,2094.03,3,42.1,Yes
CUST_04659,Male,34,0,11,One year,Yes,Electronic check,84.53,909.72,2,47.9,No
CUST_04660,Female,70,1,27,Two year,Yes,Credit card,106.92,2885.14,2,65.7,No
CUST_04661,Male,67,1,21,Month-to-month,No,Bank transfer,113.3,2378.33,4,79.5,Yes
CUST_04662,Male,65,1,13,Month-to-month,Yes,Bank transfer,100.57,1327.8,0,17.4,Yes
CUST_04663,Male,47,0,35,Month-to-month,Yes,Credit card,115.87,4062.89,1,65.7,No
CUST_04664,Male,57,0,47,Month-to-month,No,Credit card,115.43,5422.1,0,76.0,Yes
CUST_04665,Male,75,1,28,Month-to-month,No,Mailed check,81.93,2286.44,1,46.7,Yes
CUST_04666,Female,28,0,21,One year,No,Mailed check,92.82,1945.73,2,26.9,No
CUST_04667,Female,38,0,18,Month-to-month,Yes,Electronic check,89.94,1610.85,1,57.2,No
CUST_04668,Female,38,0,31,Two year,No,Electronic check,82.11,2567.32,1,46.3,No
CUST_04669,Female,35,0,60,Month-to-month,Yes,Electronic check,21.94,1315.98,2,120.2,No
CUST_04670,Female,72,1,37,Two year,No,Electronic check,55.59,2065.1,0,56.7,No
CUST_04671,Female,46,0,21,Two year,Yes,Electronic check,30.01,635.32,0,40.3,No
CUST_04672,Male,41,0,14,One year,Yes,Credit card,50.03,706.94,2,20.6,No
CUST_04673,Male,27,0,60,Month-to-month,Yes,Mailed check,26.86,1602.58,1,30.6,No
CUST_04674,Female,62,0,23,One year,No,Credit card,112.0,2589.45,2,67.7,No
CUST_04675,Female,34,0,29,One year,Yes,Mailed check,65.13,1887.97,3,15.3,No
CUST_04676,Male,35,0,47,Two year,Yes,Mailed check,38.94,1845.02,3,16.0,No
CUST_04677,Male,59,0,30,One year,Yes,Bank transfer,78.48,2358.59,0,69.9,No
CUST_04678,Male,65,1,38,Month-to-month,No,Bank transfer,39.65,1524.05,3,42.5,No
CUST_04679,Female,37,0,27,Two year,Yes,Mailed check,100.44,2717.99,0,44.7,No
CUST_04680,Female,54,0,15,Two year,Yes,Credit card,50.59,757.02,2,61.6,No
CUST_04681,Female,62,0,59,One year,Yes,Mailed check,51.49,3051.97,0,45.2,No
CUST_04682,Male,35,0,3,Two year,Yes,Electronic check,107.0,322.37,1,18.1,No
CUST_04683,Male,34,0,10,One year,No,Credit card,75.92,764.58,1,36.8,No
CUST_04684,Female,26,0,17,One year,Yes,Credit card,108.73,1849.31,0,59.4,No
CUST_04685,Female,31,0,11,One year,No,Mailed check,61.29,668.77,1,51.3,No
CUST_04686,Male,66,1,48,One year,No,Electronic check,54.39,2609.26,2,80.0,No
CUST_04687,Male,46,0,5,Month-to-month,Yes,Mailed check,70.62,360.22,1,58.2,Yes
CUST_04688,Male,48,0,69,One year,No,Electronic check,26.15,1814.01,0,32.8,No
CUST_04689,Male,21,0,64,One year,No,Credit card,35.42,2246.69,1,78.1,No
CUST_04690,Female,35,0,14,Month-to-month,No,Mailed check,41.95,590.53,6,79.5,Yes
CUST_04691,Male,76,1,50,Month-to-month,Yes,Electronic check,101.67,5082.61,2,35.9,Yes
CUST_04692,Male,37,0,26,One year,No,Bank transfer,93.38,2414.18,0,61.3,No
CUST_04693,Male,73,1,72,One year,No,Credit card,39.33,2840.39,1,63.3,No
CUST_04694,Female,73,1,69,Month-to-month,Yes,Credit card,47.67,3307.62,1,56.8,No
CUST_04695,Female,64,0,7,Two year,Yes,Bank transfer,114.43,815.8,1,22.5,No
CUST_04696,Male,60,0,16,Two year,No,Electronic check,28.58,433.95,3,109.8,No
CUST_04697,Male,61,0,55,Month-to-month,No,Credit card,74.75,4114.25,2,41.4,No
CUST_04698,Male,26,0,56,Month-to-month,No,Electronic check,72.2,4036.74,0,57.2,No
CUST_04699,Female,30,0,4,Two year,Yes,Bank transfer,92.57,365.8,1,68.4,No
CUST_04700,Female,32,0,48,Two year,No,Mailed check,46.14,2212.37,3,41.7,No
CUST_04701,Female,44,0,17,Month-to-month,Yes,Credit card,113.48,1906.89,1,74.8,No
CUST_04702,Male,32,0,36,Month-to-month,No,Credit card,61.06,2177.52,1,50.0,No
CUST_04703,Female,45,0,70,Month-to-month,No,Electronic check,48.57,3400.89,4,37.3,No
CUST_04704,Male,54,0,38,One year,Yes,Credit card,53.69,2042.58,2,21.5,No
CUST_04705,Male,72,1,62,Month-to-month,No,Mailed check,54.87,3400.12,1,42.5,No
CUST_04706,Male,36,0,48,One year,Yes,Bank transfer,39.89,1902.37,2,57.3,No
CUST_04707,Female,43,0,10,Month-to-month,No,Credit card,112.81,1124.01,2,43.7,No
CUST_04708,Male,69,1,36,Two year,Yes,Bank transfer,37.49,1364.01,1,63.1,No
CUST_04709,Female,43,0,29,Month-to-month,Yes,Electronic check,108.28,3136.59,3,83.1,No
CUST_04710,Female,42,0,4,One year,No,Mailed check,60.49,236.94,0,43.9,No
CUST_04711,Male,43,0,44,Two year,Yes,Credit card,46.93,2077.19,0,72.9,No
CUST_04712,Male,43,0,56,Month-to-month,No,Bank transfer,39.85,2229.49,0,53.6,No
CUST_04713,Female,63,0,42,Month-to-month,Yes,Mailed check,70.43,2965.04,2,56.1,No
CUST_04714,Male,45,0,13,One year,Yes,Bank transfer,86.93,1134.64,1,50.2,No
CUST_04715,Female,66,1,46,Month-to-month,Yes,Electronic check,109.82,5042.89,2,57.9,No
CUST_04716,Male,35,0,33,Two year,No,Mailed check,85.24,2803.17,2,33.6,No
CUST_04717,Female,49,0,21,Month-to-month,Yes,Mailed check,68.37,1422.21,2,35.4,No
CUST_04718,Female,70,1,57,Month-to-month,Yes,Electronic check,23.35,1320.72,3,38.0,No
CUST_04719,Female,20,0,69,Two year,Yes,Electronic check,111.54,7704.72,0,15.0,No
CUST_04720,Female,19,0,70,One year,No,Credit card,110.24,7708.37,4,25.8,Yes
CUST_04721,Male,50,0,67,One year,No,Electronic check,57.87,3876.02,1,48.2,No
CUST_04722,Male,59,0,48,Month-to-month,Yes,Electronic check,22.9,1096.55,1,38.5,No
CUST_04723,Female,36,0,33,Month-to-month,Yes,Bank transfer,93.34,3083.92,1,49.1,No
CUST_04724,Female,34,0,36,Two year,No,Mailed check,99.17,3556.4,1,62.5,No
CUST_04725,Male,61,0,33,Month-to-month,Yes,Bank transfer,74.25,2461.12,1,55.0,No
CUST_04726,Male,50,0,31,Month-to-month,Yes,Electronic check,60.29,1883.27,2,47.8,Yes
CUST_04727,Male,29,0,21,Month-to-month,Yes,Credit card,105.11,2207.13,1,13.1,No
CUST_04728,Male,66,1,27,Month-to-month,Yes,Bank transfer,39.25,1037.4,1,51.0,Yes
CUST_04729,Male,73,1,72,One year,Yes,Bank transfer,63.96,4596.23,2,36.5,No
CUST_04730,Male,20,0,62,Two year,Yes,Mailed check,22.45,1394.97,4,63.9,No
CUST_04731,Female,60,0,26,One year,No,Mailed check,36.4,950.15,2,34.1,No
CUST_04732,Male,66,1,66,One year,Yes,Mailed check,114.08,7526.91,4,27.1,No
CUST_04733,Male,72,1,12,One year,Yes,Credit card,77.81,944.71,1,78.4,Yes
CUST_04734,Female,43,0,22,One year,No,Credit card,100.56,2206.54,0,13.9,Yes
CUST_04735,Male,52,0,17,One year,No,Electronic check,68.65,1176.89,2,83.8,Yes
CUST_04736,Male,25,0,7,Month-to-month,No,Electronic check,103.48,724.39,3,52.1,Yes
CUST_04737,Male,69,1,68,Month-to-month,No,Mailed check,73.9,5019.2,2,43.3,No
CUST_04738,Male,53,0,37,Two year,Yes,Bank transfer,20.45,764.11,1,41.3,No
CUST_04739,Male,70,1,38,Month-to-month,No,Mailed check,109.97,4178.42,3,67.6,Yes
CUST_04740,Female,71,1,11,Month-to-month,Yes,Electronic check,34.86,392.3,3,54.3,No
CUST_04741,Male,24,0,1,One year,No,Bank transfer,65.06,94.12,0,53.5,Yes
CUST_04742,Female,63,0,25,One year,No,Electronic check,67.67,1682.35,0,48.7,No
CUST_04743,Female,63,0,42,One year,No,Credit card,24.72,1047.2,2,40.8,No
CUST_04744,Male,53,0,52,Month-to-month,Yes,Mailed check,25.31,1322.35,1,75.0,No
CUST_04745,Female,33,0,24,Two year,No,Mailed check,96.26,2327.92,3,40.5,No
CUST_04746,Male,41,0,53,One year,No,Bank transfer,50.05,2661.53,1,24.3,No
CUST_04747,Female,78,1,56,Two year,No,Mailed check,60.96,3429.65,2,56.1,No
CUST_04748,Female,71,1,63,Month-to-month,Yes,Electronic check,76.41,4804.07,1,21.4,No
CUST_04749,Male,79,1,8,Month-to-month,Yes,Electronic check,57.34,445.95,1,79.5,Yes
CUST_04750,Male,18,0,59,Month-to-month,No,Credit card,97.5,5743.31,1,58.2,No
CUST_04751,Male,66,1,45,Month-to-month,Yes,Electronic check,108.45,4878.52,2,7.7,Yes
CUST_04752,Male,42,0,27,Month-to-month,No,Bank transfer,25.97,715.06,3,57.6,Yes
CUST_04753,Male,27,0,52,Month-to-month,Yes,Electronic check,83.54,4360.16,2,42.5,Yes
CUST_04754,Female,71,1,18,One year,No,Credit card,51.77,928.14,1,75.5,No
CUST_04755,Female,33,0,16,One year,Yes,Credit card,78.33,1252.12,0,47.2,No
CUST_04756,Female,33,0,66,One year,No,Mailed check,68.39,4502.07,1,47.6,No
CUST_04757,Female,75,1,5,Month-to-month,Yes,Bank transfer,53.37,267.57,1,42.0,Yes
CUST_04758,Female,25,0,3,Month-to-month,Yes,Electronic check,29.48,86.46,1,44.1,No
CUST_04759,Female,46,0,70,Month-to-month,No,Credit card,75.94,5314.13,3,8.3,No
CUST_04760,Female,56,0,7,Month-to-month,No,Electronic check,31.28,230.76,1,38.6,No
CUST_04761,Male,45,0,50,Month-to-month,Yes,Credit card,35.61,1784.65,2,29.9,No
CUST_04762,Male,23,0,14,Month-to-month,No,Mailed check,118.22,1641.97,0,41.6,No
CUST_04763,Female,33,0,38,Two year,No,Credit card,51.67,1937.98,1,71.8,No
CUST_04764,Female,37,0,47,Two year,No,Mailed check,78.44,3692.37,3,82.4,No
CUST_04765,Male,33,0,33,One year,No,Bank transfer,47.22,1560.69,1,54.2,No
CUST_04766,Male,24,0,43,Two year,Yes,Electronic check,106.55,4585.47,2,37.9,Yes
CUST_04767,Male,58,0,29,One year,No,Electronic check,48.33,1404.01,0,21.7,No
CUST_04768,Male,31,0,57,Two year,Yes,Mailed check,56.69,,4,40.2,No
CUST_04769,Female,60,0,5,One year,Yes,Bank transfer,80.84,402.3,0,25.0,No
CUST_04770,Male,43,0,60,One year,No,Mailed check,107.0,6416.86,2,45.5,No
CUST_04771,Female,43,0,70,One year,No,Credit card,101.62,7112.69,2,48.8,No
CUST_04772,Female,31,0,2,Month-to-month,Yes,Mailed check,46.39,101.56,2,53.7,Yes
CUST_04773,Female,24,0,70,One year,No,Bank transfer,102.96,7201.11,0,52.0,No
CUST_04774,Male,50,0,43,Two year,No,Credit card,90.12,3863.58,3,11.5,No
CUST_04775,Male,43,0,4,One year,Yes,Electronic check,118.98,489.33,3,30.8,No
CUST_04776,Female,74,1,56,Month-to-month,Yes,Electronic check,113.54,6351.2,1,31.2,No
CUST_04777,Female,62,0,59,Month-to-month,Yes,Electronic check,73.31,4337.03,1,41.1,No
CUST_04778,Female,37,0,9,Two year,No,Bank transfer,94.99,876.45,3,52.0,No
CUST_04779,Male,20,0,3,Two year,No,Bank transfer,77.02,246.12,0,34.6,No
CUST_04780,Female,69,1,48,Month-to-month,Yes,Bank transfer,79.5,3822.62,3,113.2,No
CUST_04781,Male,21,0,43,Two year,Yes,Bank transfer,30.15,1294.47,3,74.6,No
CUST_04782,Female,78,1,1,Two year,No,Bank transfer,20.22,29.36,1,29.3,No
CUST_04783,Female,43,0,57,Month-to-month,No,Credit card,24.82,1414.43,4,76.6,No
CUST_04784,Female,28,0,53,Two year,No,Mailed check,116.66,6197.3,3,83.3,No
CUST_04785,Male,19,0,16,Month-to-month,Yes,Electronic check,32.63,528.41,0,25.0,No
CUST_04786,Male,31,0,51,One year,No,Bank transfer,24.44,1250.17,1,26.3,No
CUST_04787,Female,61,0,55,One year,No,Electronic check,50.96,2803.54,0,52.5,No
CUST_04788,Male,47,0,1,One year,Yes,Bank transfer,78.82,78.82,2,71.2,No
CUST_04789,Female,66,1,28,One year,No,Electronic check,114.85,3215.67,1,56.5,No
CUST_04790,Male,29,0,53,Month-to-month,Yes,Mailed check,89.99,4772.33,4,15.5,No
CUST_04791,Male,43,0,58,Two year,No,Electronic check,47.64,2760.28,2,34.1,No
CUST_04792,Male,61,0,60,Two year,Yes,Electronic check,113.91,6837.33,5,38.2,Yes
CUST_04793,Female,50,0,59,One year,Yes,Bank transfer,23.6,1402.5,2,66.8,No
CUST_04794,Male,30,0,22,Month-to-month,Yes,Credit card,117.91,2596.69,1,21.6,No
CUST_04795,Male,31,0,8,Month-to-month,No,Credit card,25.86,201.57,0,24.8,No
CUST_04796,Female,41,0,49,Month-to-month,No,Electronic check,95.38,4646.31,0,51.2,No
CUST_04797,Female,79,1,42,Two year,No,Credit card,24.53,1042.39,0,49.9,No
CUST_04798,Female,51,0,27,Month-to-month,No,Mailed check,113.16,3054.11,0,68.0,No
CUST_04799,Female,61,0,39,Two year,Yes,Mailed check,30.87,1205.8,0,37.5,No
CUST_04800,Male,43,0,25,Two year,No,Credit card,25.05,631.65,1,71.6,No
CUST_04801,Male,38,0,38,One year,No,Credit card,108.93,4144.66,2,68.3,No
CUST_04802,Male,45,0,24,One year,Yes,Mailed check,29.58,717.48,2,47.9,No
CUST_04803,Male,65,1,24,One year,Yes,Credit card,99.79,2405.12,1,39.2,No
CUST_04804,Male,53,0,60,One year,Yes,Credit card,94.7,5689.76,2,83.7,No
CUST_04805,Female,57,0,50,Month-to-month,Yes,Bank transfer,79.89,3963.22,0,59.3,No
CUST_04806,Male,19,0,66,Two year,No,Bank transfer,57.8,3818.48,1,44.2,No
CUST_04807,Male,59,0,14,One year,Yes,Credit card,111.56,1564.36,1,30.6,No
CUST_04808,Male,26,0,53,One year,No,Credit card,107.11,5674.2,2,76.0,No
CUST_04809,Female,40,0,32,One year,No,Bank transfer,62.62,2008.79,0,37.1,No
CUST_04810,Female,32,0,48,Month-to-month,Yes,Bank transfer,43.17,2072.48,3,39.2,No
CUST_04811,Male,30,0,39,Month-to-month,Yes,Credit card,47.26,1837.35,0,34.9,No
CUST_04812,Female,40,0,40,Two year,Yes,Bank transfer,42.03,1693.66,0,42.5,No
CUST_04813,Female,34,0,42,Month-to-month,Yes,Mailed check,74.13,3116.74,2,58.0,No
CUST_04814,Female,79,1,8,One year,Yes,Electronic check,106.85,856.56,0,39.7,No
CUST_04815,Female,65,1,26,Month-to-month,No,Mailed check,97.36,2510.56,1,48.0,No
CUST_04816,Female,77,1,12,Month-to-month,Yes,Bank transfer,99.55,1215.9,1,35.9,Yes
CUST_04817,Female,19,0,43,Month-to-month,No,Mailed check,64.83,,3,59.8,No
CUST_04818,Female,37,0,51,Two year,Yes,Electronic check,52.24,2669.71,2,48.0,No
CUST_04819,Male,37,0,63,One year,No,Bank transfer,95.74,,0,25.4,No
CUST_04820,Male,76,1,49,One year,No,Mailed check,99.33,4883.61,1,47.5,No
CUST_04821,Female,63,0,27,Two year,No,Mailed check,89.54,2407.84,3,54.7,No
CUST_04822,Male,20,0,9,Month-to-month,Yes,Electronic check,23.21,200.81,1,41.7,No
CUST_04823,Male,72,1,39,Month-to-month,Yes,Bank transfer,78.97,3087.77,0,8.4,No
CUST_04824,Female,29,0,65,One year,Yes,Credit card,54.7,3562.31,3,75.0,No
CUST_04825,Male,57,0,71,One year,No,Bank transfer,39.62,2829.99,3,29.9,No
CUST_04826,Female,19,0,71,Month-to-month,No,Electronic check,89.44,6361.08,2,62.3,Yes
CUST_04827,Female,53,0,7,Two year,Yes,Electronic check,46.85,324.58,2,42.4,No
CUST_04828,Female,31,0,72,Two year,Yes,Electronic check,111.28,8011.35,0,48.1,No
CUST_04829,Male,33,0,67,Month-to-month,No,Electronic check,49.81,3342.36,1,46.0,No
CUST_04830,Male,36,0,10,Month-to-month,No,Credit card,75.52,739.9,0,70.1,No
CUST_04831,Male,51,0,71,Two year,Yes,Bank transfer,102.78,7302.72,3,54.7,No
CUST_04832,Male,61,0,53,Month-to-month,Yes,Bank transfer,60.21,3197.56,1,52.9,No
CUST_04833,Female,78,1,57,Month-to-month,Yes,Mailed check,102.87,5855.25,2,25.6,No
CUST_04834,Female,63,0,27,One year,No,Credit card,92.37,2491.85,1,80.0,No
CUST_04835,Male,23,0,54,Month-to-month,No,Credit card,112.09,6032.86,1,19.6,No
CUST_04836,Female,30,0,4,Month-to-month,Yes,Mailed check,52.58,219.62,0,76.0,No
CUST_04837,Female,53,0,23,Month-to-month,Yes,Mailed check,30.5,705.74,0,13.5,No
CUST_04838,Male,39,0,48,One year,Yes,Bank transfer,63.03,3012.61,1,86.2,No
CUST_04839,Female,35,0,42,One year,Yes,Bank transfer,98.58,4129.82,0,58.2,No
CUST_04840,Male,29,0,3,Month-to-month,Yes,Bank transfer,65.04,190.78,0,39.7,Yes
CUST_04841,Female,69,1,3,Month-to-month,No,Credit card,46.2,147.09,1,22.3,No
CUST_04842,Male,76,1,28,One year,Yes,Credit card,22.76,642.33,1,49.7,No
CUST_04843,Female,71,1,63,Two year,No,Mailed check,51.3,3223.83,3,59.2,No
CUST_04844,Female,47,0,31,Two year,No,Electronic check,91.34,2825.55,4,51.1,Yes
CUST_04845,Male,70,1,10,Month-to-month,No,Electronic check,34.76,348.14,0,41.9,No
CUST_04846,Male,68,1,49,One year,No,Electronic check,54.09,2642.3,0,35.5,No
CUST_04847,Male,57,0,21,One year,No,Electronic check,22.02,457.28,4,73.6,No
CUST_04848,Male,24,0,53,Two year,No,Electronic check,92.18,4892.22,1,43.6,No
CUST_04849,Female,49,0,54,One year,No,Bank transfer,108.07,5823.42,1,57.4,No
CUST_04850,Female,65,1,57,Month-to-month,No,Mailed check,76.85,4379.19,1,60.9,No
CUST_04851,Male,36,0,20,One year,Yes,Electronic check,22.59,449.58,3,25.2,No
CUST_04852,Female,23,0,49,Month-to-month,Yes,Electronic check,41.76,2045.94,0,48.0,No
CUST_04853,Male,37,0,7,Month-to-month,Yes,Electronic check,63.85,449.57,2,76.3,Yes
CUST_04854,Male,44,0,29,One year,Yes,Bank transfer,78.76,2290.13,1,55.8,No
CUST_04855,Female,70,1,48,Two year,Yes,Electronic check,69.63,3349.97,2,58.9,No
CUST_04856,Female,60,0,13,Month-to-month,No,Mailed check,111.59,1447.19,0,41.5,Yes
CUST_04857,Male,54,0,3,One year,No,Bank transfer,113.86,340.08,0,71.8,No
CUST_04858,Male,65,1,2,Month-to-month,No,Bank transfer,30.72,64.94,1,89.0,Yes
CUST_04859,Male,24,0,16,Two year,No,Credit card,33.84,543.23,1,34.5,No
CUST_04860,Female,76,1,6,One year,No,Credit card,55.81,340.54,1,65.7,Yes
CUST_04861,Female,22,0,45,Month-to-month,Yes,Bank transfer,62.12,2800.05,0,22.5,Yes
CUST_04862,Female,28,0,71,Month-to-month,Yes,Electronic check,78.61,5572.83,1,62.2,No
CUST_04863,Female,32,0,5,Month-to-month,No,Electronic check,97.32,505.32,5,58.8,No
CUST_04864,Male,20,0,56,Month-to-month,Yes,Electronic check,33.58,1880.34,3,27.1,No
CUST_04865,Male,75,1,71,Month-to-month,Yes,Electronic check,100.26,7125.74,0,68.5,No
CUST_04866,Male,22,0,32,One year,Yes,Credit card,81.0,2598.2,4,30.1,No
CUST_04867,Male,40,0,49,Month-to-month,Yes,Mailed check,118.09,5789.05,5,88.7,Yes
CUST_04868,Male,70,1,13,One year,Yes,Bank transfer,85.12,1109.14,1,52.9,No
CUST_04869,Male,54,0,30,Month-to-month,No,Electronic check,91.61,2757.55,0,46.9,Yes
CUST_04870,Female,26,0,25,One year,Yes,Credit card,39.52,985.94,3,36.7,Yes
CUST_04871,Female,32,0,60,Month-to-month,Yes,Mailed check,96.89,5820.93,1,62.2,No
CUST_04872,Male,20,0,59,Month-to-month,No,Bank transfer,27.93,1652.69,2,56.8,No
CUST_04873,Male,46,0,28,One year,No,Bank transfer,85.65,2410.04,3,52.8,No
CUST_04874,Female,23,0,58,Month-to-month,No,Bank transfer,25.56,1477.36,4,35.0,No
CUST_04875,Female,34,0,20,Two year,No,Electronic check,31.52,631.29,1,44.6,No
CUST_04876,Female,43,0,34,One year,No,Bank transfer,30.79,1038.19,2,35.2,No
CUST_04877,Female,38,0,5,One year,No,Electronic check,25.25,137.34,2,15.7,No
CUST_04878,Male,25,0,60,Month-to-month,No,Mailed check,52.11,3119.44,3,47.2,No
CUST_04879,Male,38,0,43,Month-to-month,No,Credit card,119.44,5139.04,0,27.7,Yes
CUST_04880,Male,74,1,57,Month-to-month,Yes,Credit card,54.82,3120.35,3,90.4,No
CUST_04881,Male,28,0,57,One year,No,Credit card,96.08,5487.83,4,87.5,No
CUST_04882,Male,55,0,54,Month-to-month,No,Bank transfer,33.23,1793.93,0,57.1,No
CUST_04883,Female,25,0,45,Month-to-month,Yes,Credit card,65.45,2951.72,1,13.4,No
CUST_04884,Male,59,0,37,Month-to-month,No,Mailed check,38.51,1414.09,4,59.2,No
CUST_04885,Female,41,0,48,Month-to-month,No,Electronic check,39.21,1875.75,2,45.6,No
CUST_04886,Male,78,1,54,Month-to-month,No,Credit card,29.97,1624.4,0,72.3,No
CUST_04887,Male,52,0,48,Month-to-month,No,Electronic check,63.2,3046.72,1,70.4,No
CUST_04888,Male,72,1,6,Month-to-month,Yes,Electronic check,27.55,170.58,2,34.9,No
CUST_04889,Male,31,0,34,Month-to-month,Yes,Credit card,110.98,3797.19,2,42.7,No
CUST_04890,Male,72,1,63,Month-to-month,No,Credit card,64.79,4089.69,2,41.2,No
CUST_04891,Female,31,0,48,One year,Yes,Credit card,103.86,4985.28,4,41.7,No
CUST_04892,Female,27,0,23,Month-to-month,Yes,Bank transfer,117.95,2709.56,1,18.3,Yes
CUST_04893,Female,29,0,13,Month-to-month,Yes,Credit card,87.78,1159.28,1,57.6,No
CUST_04894,Male,55,0,47,Month-to-month,Yes,Bank transfer,110.15,5185.18,4,51.6,No
CUST_04895,Male,61,0,44,Month-to-month,Yes,Mailed check,33.54,1470.46,1,43.5,No
CUST_04896,Female,72,1,32,Month-to-month,Yes,Electronic check,103.0,3289.39,0,55.5,No
CUST_04897,Male,63,0,26,Two year,No,Mailed check,47.12,1218.53,3,56.5,No
CUST_04898,Male,51,0,53,Two year,No,Credit card,67.26,3569.88,2,73.3,No
CUST_04899,Female,58,0,14,Month-to-month,Yes,Electronic check,84.66,1170.03,1,67.9,No
CUST_04900,Male,27,0,52,Two year,Yes,Credit card,110.35,5733.32,0,70.6,No
CUST_04901,Female,75,1,36,Month-to-month,Yes,Credit card,111.1,,1,32.0,Yes
CUST_04902,Male,34,0,8,Month-to-month,No,Electronic check,29.21,233.96,0,27.6,Yes
CUST_04903,Female,34,0,40,Two year,No,Mailed check,56.46,2253.67,3,69.0,No
CUST_04904,Male,20,0,22,Two year,No,Credit card,99.32,2191.93,3,84.2,No
CUST_04905,Male,79,1,16,Two year,No,Electronic check,90.32,1451.95,4,67.0,No
CUST_04906,Female,48,0,60,Month-to-month,No,Mailed check,22.64,1355.95,0,56.6,No
CUST_04907,Male,68,1,60,Month-to-month,No,Bank transfer,64.99,3894.02,1,50.1,No
CUST_04908,Male,18,0,10,One year,Yes,Mailed check,102.93,1037.9,2,107.2,No
CUST_04909,Female,29,0,25,One year,No,Mailed check,93.77,2342.62,1,66.7,No
CUST_04910,Male,56,0,31,Month-to-month,No,Electronic check,61.18,1896.87,4,46.0,No
CUST_04911,Female,21,0,21,Two year,No,Mailed check,93.52,1971.67,2,89.7,No
CUST_04912,Male,59,0,33,One year,Yes,Bank transfer,75.12,2467.99,2,84.4,No
CUST_04913,Male,30,0,31,Month-to-month,No,Bank transfer,111.26,3443.97,2,21.3,No
CUST_04914,Male,51,0,21,One year,Yes,Credit card,78.71,1650.36,0,25.4,No
CUST_04915,Male,59,0,36,One year,Yes,Bank transfer,60.07,2181.71,3,45.9,No
CUST_04916,Female,38,0,65,Month-to-month,No,Credit card,106.29,6896.46,2,75.5,No
CUST_04917,Male,39,0,4,Two year,No,Bank transfer,24.99,100.35,2,38.4,No
CUST_04918,Female,74,1,68,Month-to-month,No,Mailed check,110.05,7474.61,1,29.6,No
CUST_04919,Male,21,0,4,Month-to-month,Yes,Credit card,89.63,381.63,0,66.3,No
CUST_04920,Male,35,0,9,Two year,No,Bank transfer,114.06,1029.21,3,11.4,Yes
CUST_04921,Male,22,0,30,Two year,Yes,Mailed check,45.05,1341.98,2,43.0,No
CUST_04922,Male,36,0,45,Two year,Yes,Mailed check,89.49,4010.69,2,28.5,No
CUST_04923,Female,19,0,4,Two year,No,Credit card,100.95,409.91,1,49.8,No
CUST_04924,Female,29,0,69,One year,No,Electronic check,90.21,6226.44,3,31.0,No
CUST_04925,Female,34,0,23,Two year,No,Mailed check,41.03,950.12,1,47.0,No
CUST_04926,Female,27,0,16,Month-to-month,Yes,Mailed check,47.56,750.88,0,58.4,No
CUST_04927,Male,51,0,22,One year,No,Electronic check,76.67,1705.52,1,52.6,No
CUST_04928,Female,23,0,72,One year,Yes,Credit card,64.68,4657.42,5,39.3,No
CUST_04929,Female,25,0,48,Month-to-month,No,Bank transfer,93.51,4492.81,1,43.2,No
CUST_04930,Male,78,1,62,One year,Yes,Bank transfer,57.87,3594.03,2,95.1,Yes
CUST_04931,Male,68,1,60,One year,No,Mailed check,105.95,6357.91,1,67.7,No
CUST_04932,Male,28,0,5,One year,No,Electronic check,63.19,329.02,1,45.4,No
CUST_04933,Male,74,1,7,Month-to-month,Yes,Mailed check,24.0,162.73,4,53.6,Yes
CUST_04934,Female,29,0,51,Two year,Yes,Credit card,21.74,1118.78,0,59.0,No
CUST_04935,Female,26,0,65,Month-to-month,No,Mailed check,84.67,5517.16,3,34.8,No
CUST_04936,Male,19,0,9,Month-to-month,Yes,Bank transfer,74.06,676.86,2,50.0,No
CUST_04937,Male,25,0,45,Two year,Yes,Electronic check,74.27,3356.69,3,28.5,No
CUST_04938,Male,75,1,47,One year,Yes,Credit card,99.0,4645.74,1,30.1,No
CUST_04939,Female,28,0,67,Month-to-month,Yes,Mailed check,57.57,3862.29,1,67.5,No
CUST_04940,Female,77,1,24,Month-to-month,No,Bank transfer,119.54,2873.25,0,70.1,No
CUST_04941,Male,70,1,10,One year,Yes,Mailed check,114.55,1146.28,1,73.1,Yes
CUST_04942,Male,53,0,48,Two year,No,Bank transfer,21.3,1028.49,4,48.6,No
CUST_04943,Female,27,0,35,Two year,No,Electronic check,109.57,3847.17,0,40.1,No
CUST_04944,Male,38,0,54,One year,No,Credit card,88.05,4747.74,0,50.2,No
CUST_04945,Male,37,0,71,Month-to-month,Yes,Mailed check,70.21,4972.77,4,14.2,No
CUST_04946,Female,65,1,16,Month-to-month,No,Credit card,78.27,1250.35,2,77.8,No
CUST_04947,Male,25,0,53,Month-to-month,No,Electronic check,104.19,5497.0,0,0.0,Yes
CUST_04948,Female,53,0,40,Month-to-month,No,Bank transfer,115.1,4603.46,1,69.5,No
CUST_04949,Male,46,0,20,Month-to-month,No,Electronic check,76.03,1534.96,0,30.2,Yes
CUST_04950,Male,59,0,69,Month-to-month,No,Electronic check,38.13,2616.68,0,49.8,No
CUST_04951,Female,29,0,45,One year,Yes,Credit card,83.98,3774.72,1,33.0,No
CUST_04952,Female,78,1,6,Month-to-month,No,Electronic check,27.62,154.36,1,33.3,No
CUST_04953,Male,31,0,69,One year,Yes,Mailed check,83.51,5766.42,1,1.2,No
CUST_04954,Female,65,1,49,Two year,No,Bank transfer,100.86,4948.57,0,24.6,No
CUST_04955,Male,71,1,39,One year,No,Electronic check,55.33,2158.21,1,68.2,No
CUST_04956,Male,67,1,2,One year,Yes,Mailed check,27.12,47.39,4,25.5,No
CUST_04957,Female,38,0,39,One year,Yes,Bank transfer,89.22,3481.58,3,24.7,No
CUST_04958,Male,39,0,21,Month-to-month,No,Credit card,53.93,1144.96,1,47.8,No
CUST_04959,Male,38,0,40,Month-to-month,No,Bank transfer,44.91,1805.28,1,3.4,No
CUST_04960,Female,61,0,54,Month-to-month,No,Credit card,88.92,4797.51,1,43.0,No
CUST_04961,Female,67,1,12,Month-to-month,No,Bank transfer,116.96,1400.26,3,55.2,No
CUST_04962,Male,47,0,37,One year,No,Electronic check,94.53,3494.18,1,57.4,No
CUST_04963,Female,56,0,38,Two year,Yes,Credit card,69.14,2632.03,4,29.3,Yes
CUST_04964,Female,37,0,15,Two year,No,Credit card,80.05,1186.95,2,74.2,No
CUST_04965,Female,41,0,7,Month-to-month,No,Credit card,34.23,245.02,1,70.4,Yes
CUST_04966,Female,40,0,50,Two year,Yes,Electronic check,101.32,5060.65,2,15.4,No
CUST_04967,Male,24,0,65,Month-to-month,Yes,Electronic check,80.43,5225.27,0,64.3,No
CUST_04968,Male,26,0,67,Two year,No,Bank transfer,116.58,7803.76,3,53.0,No
CUST_04969,Male,18,0,44,Month-to-month,Yes,Bank transfer,117.95,5197.04,2,60.2,Yes
CUST_04970,Female,43,0,31,Month-to-month,Yes,Electronic check,55.46,1713.29,4,37.7,Yes
CUST_04971,Female,55,0,43,Month-to-month,Yes,Electronic check,118.85,5101.15,1,24.1,No
CUST_04972,Female,55,0,48,Two year,No,Credit card,115.68,5547.01,2,47.0,No
CUST_04973,Female,71,1,61,Month-to-month,No,Bank transfer,83.98,5112.15,1,57.6,No
CUST_04974,Female,78,1,10,Month-to-month,No,Bank transfer,53.35,542.08,3,57.9,No
CUST_04975,Female,61,0,29,Two year,Yes,Credit card,95.33,2753.66,5,56.9,No
CUST_04976,Female,39,0,48,Two year,No,Credit card,47.12,2261.51,2,28.5,No
CUST_04977,Male,61,0,62,Month-to-month,No,Credit card,82.98,5138.53,0,77.4,No
CUST_04978,Male,27,0,13,One year,Yes,Mailed check,22.46,307.64,2,73.9,No
CUST_04979,Female,72,1,44,Month-to-month,No,Mailed check,82.86,3649.99,2,54.9,No
CUST_04980,Female,79,1,47,Month-to-month,Yes,Electronic check,115.16,5406.27,0,30.9,No
CUST_04981,Female,75,1,64,Month-to-month,Yes,Bank transfer,43.51,2786.63,1,55.3,No
CUST_04982,Male,23,0,53,Month-to-month,Yes,Credit card,97.82,5175.26,1,41.4,Yes
CUST_04983,Male,34,0,44,One year,Yes,Credit card,49.34,2177.78,1,43.0,No
CUST_04984,Female,68,1,28,One year,No,Bank transfer,90.78,2543.66,1,63.4,No
CUST_04985,Female,67,1,2,Month-to-month,No,Mailed check,90.0,184.18,1,41.6,Yes
CUST_04986,Male,55,0,57,One year,No,Bank transfer,38.47,2183.47,2,78.3,No
CUST_04987,Male,41,0,57,One year,Yes,Electronic check,79.71,4529.79,2,62.6,No
CUST_04988,Male,68,1,34,Month-to-month,No,Mailed check,105.92,3584.54,1,70.2,No
CUST_04989,Male,27,0,58,Month-to-month,No,Bank transfer,58.25,3362.81,2,32.1,No
CUST_04990,Female,73,1,52,One year,Yes,Bank transfer,91.03,4733.55,2,37.7,No
CUST_04991,Male,25,0,29,One year,Yes,Electronic check,87.44,2555.07,5,25.1,No
CUST_04992,Male,38,0,35,One year,No,Bank transfer,45.75,1597.31,0,76.4,No
CUST_04993,Female,73,1,48,One year,Yes,Mailed check,111.86,5363.7,0,107.6,No
CUST_04994,Male,23,0,33,Month-to-month,No,Credit card,76.35,2519.05,3,60.4,No
CUST_04995,Male,38,0,9,One year,Yes,Credit card,55.53,491.9,1,55.2,No
CUST_04996,Male,74,1,48,Month-to-month,Yes,Credit card,36.44,1736.1,2,40.5,No
CUST_04997,Female,79,1,67,Two year,No,Mailed check,67.35,4505.63,0,82.3,No
CUST_04998,Male,56,0,36,One year,Yes,Bank transfer,93.01,3346.14,1,49.1,No
CUST_04999,Female,41,0,71,Month-to-month,Yes,Bank transfer,82.36,5866.44,0,37.0,No
CUST_05000,Female,50,0,44,Month-to-month,Yes,Bank transfer,92.71,4074.15,1,20.5,No
